Reading timing models for corner nom_ff_n40C_1v95…
Reading cell library for the 'nom_ff_n40C_1v95' corner at '/home/vscode/ttsetup/pdk/ciel/sky130/versions/0fe599b2afb6708d281543108caf8310912f54af/sky130A/libs.ref/sky130_fd_sc_hd/lib/sky130_fd_sc_hd__ff_n40C_1v95.lib'…
Reading top-level netlist at '/workspaces/tt-verilog-test-counter/runs/wokwi/51-openroad-fillinsertion/tt_um_josue_olivos_6bit_counter.nl.v'…
Linking design 'tt_um_josue_olivos_6bit_counter' from netlist…
Warning: /workspaces/tt-verilog-test-counter/runs/wokwi/51-openroad-fillinsertion/tt_um_josue_olivos_6bit_counter.nl.v line 213, module sky130_fd_sc_hd__tapvpwrvgnd_1 not found. Creating black box for TAP_TAPCELL_ROW_0_78.
Warning: /workspaces/tt-verilog-test-counter/runs/wokwi/51-openroad-fillinsertion/tt_um_josue_olivos_6bit_counter.nl.v line 445, module sky130_ef_sc_hd__decap_12 not found. Creating black box for FILLER_0_3.
Warning: /workspaces/tt-verilog-test-counter/runs/wokwi/51-openroad-fillinsertion/tt_um_josue_olivos_6bit_counter.nl.v line 447, module sky130_fd_sc_hd__fill_1 not found. Creating black box for FILLER_0_27.
Warning: /workspaces/tt-verilog-test-counter/runs/wokwi/51-openroad-fillinsertion/tt_um_josue_olivos_6bit_counter.nl.v line 480, module sky130_fd_sc_hd__fill_2 not found. Creating black box for FILLER_0_333.
Reading design constraints file at '/nix/store/pqxyc4xmydcs5adig47yyc29r3svp5nx-python3-3.11.9-env/lib/python3.11/site-packages/librelane/scripts/base.sdc'…
[INFO] Using clock clk…
[INFO] Setting output delay to: 4
[INFO] Setting input delay to: 4
[INFO] Setting load to: 0.033442
[INFO] Setting clock uncertainty to: 0.25
[INFO] Setting clock transition to: 0.1499999999999999944488848768742172978818416595458984375
[INFO] Setting timing derate to: 5%
Reading top-level design parasitics for the 'nom_ff_n40C_1v95' corner at '/workspaces/tt-verilog-test-counter/runs/wokwi/53-openroad-rcx/nom/tt_um_josue_olivos_6bit_counter.nom.spef'…
%OL_CREATE_REPORT min.rpt

===========================================================================
report_checks -path_delay min (Hold)
============================================================================
======================= nom_ff_n40C_1v95 Corner ===================================

Startpoint: _24_ (rising edge-triggered flip-flop clocked by clk)
Endpoint: _24_ (rising edge-triggered flip-flop clocked by clk)
Path Group: clk
Path Type: min

Fanout         Cap        Slew       Delay        Time   Description
---------------------------------------------------------------------------------------------
                                  0.000000    0.000000   clock clk (rise edge)
                                  0.000000    0.000000   clock source latency
     1    0.012691    0.047667    0.031787    0.031787 ^ clk (in)
                                                         clk (net)
                      0.047675    0.000000    0.031787 ^ clkbuf_0_clk/A (sky130_fd_sc_hd__clkbuf_16)
     2    0.019014    0.030554    0.088542    0.120329 ^ clkbuf_0_clk/X (sky130_fd_sc_hd__clkbuf_16)
                                                         clknet_0_clk (net)
                      0.030556    0.000477    0.120806 ^ clkbuf_1_1__f_clk/A (sky130_fd_sc_hd__clkbuf_16)
     3    0.008664    0.023626    0.076593    0.197398 ^ clkbuf_1_1__f_clk/X (sky130_fd_sc_hd__clkbuf_16)
                                                         clknet_1_1__leaf_clk (net)
                      0.023626    0.000233    0.197631 ^ _24_/CLK (sky130_fd_sc_hd__dfrtp_4)
     6    0.049698    0.118596    0.316408    0.514040 ^ _24_/Q (sky130_fd_sc_hd__dfrtp_4)
                                                         uo_out[0] (net)
                      0.118603    0.001014    0.515054 ^ _12_/A (sky130_fd_sc_hd__inv_2)
     1    0.002678    0.023439    0.012765    0.527819 v _12_/Y (sky130_fd_sc_hd__inv_2)
                                                         _00_ (net)
                      0.023439    0.000078    0.527898 v _24_/D (sky130_fd_sc_hd__dfrtp_4)
                                              0.527898   data arrival time

                                  0.000000    0.000000   clock clk (rise edge)
                                  0.000000    0.000000   clock source latency
     1    0.012691    0.047667    0.031787    0.031787 ^ clk (in)
                                                         clk (net)
                      0.047675    0.000000    0.031787 ^ clkbuf_0_clk/A (sky130_fd_sc_hd__clkbuf_16)
     2    0.019014    0.030554    0.088542    0.120329 ^ clkbuf_0_clk/X (sky130_fd_sc_hd__clkbuf_16)
                                                         clknet_0_clk (net)
                      0.030556    0.000477    0.120806 ^ clkbuf_1_1__f_clk/A (sky130_fd_sc_hd__clkbuf_16)
     3    0.008664    0.023626    0.076593    0.197398 ^ clkbuf_1_1__f_clk/X (sky130_fd_sc_hd__clkbuf_16)
                                                         clknet_1_1__leaf_clk (net)
                      0.023626    0.000233    0.197631 ^ _24_/CLK (sky130_fd_sc_hd__dfrtp_4)
                                  0.250000    0.447631   clock uncertainty
                                  0.000000    0.447631   clock reconvergence pessimism
                                 -0.026629    0.421002   library hold time
                                              0.421002   data required time
---------------------------------------------------------------------------------------------
                                              0.421002   data required time
                                             -0.527898   data arrival time
---------------------------------------------------------------------------------------------
                                              0.106896   slack (MET)


Startpoint: _29_ (rising edge-triggered flip-flop clocked by clk)
Endpoint: _29_ (rising edge-triggered flip-flop clocked by clk)
Path Group: clk
Path Type: min

Fanout         Cap        Slew       Delay        Time   Description
---------------------------------------------------------------------------------------------
                                  0.000000    0.000000   clock clk (rise edge)
                                  0.000000    0.000000   clock source latency
     1    0.012691    0.047667    0.031787    0.031787 ^ clk (in)
                                                         clk (net)
                      0.047675    0.000000    0.031787 ^ clkbuf_0_clk/A (sky130_fd_sc_hd__clkbuf_16)
     2    0.019014    0.030554    0.088542    0.120329 ^ clkbuf_0_clk/X (sky130_fd_sc_hd__clkbuf_16)
                                                         clknet_0_clk (net)
                      0.030556    0.000469    0.120799 ^ clkbuf_1_0__f_clk/A (sky130_fd_sc_hd__clkbuf_16)
     3    0.009646    0.024286    0.077256    0.198054 ^ clkbuf_1_0__f_clk/X (sky130_fd_sc_hd__clkbuf_16)
                                                         clknet_1_0__leaf_clk (net)
                      0.024286    0.000174    0.198229 ^ _29_/CLK (sky130_fd_sc_hd__dfrtp_4)
     2    0.039790    0.099402    0.301612    0.499840 ^ _29_/Q (sky130_fd_sc_hd__dfrtp_4)
                                                         uo_out[5] (net)
                      0.099404    0.000672    0.500512 ^ _23_/A (sky130_fd_sc_hd__xnor2_1)
     1    0.005211    0.032605    0.057988    0.558500 v _23_/Y (sky130_fd_sc_hd__xnor2_1)
                                                         _05_ (net)
                      0.032605    0.000179    0.558679 v _29_/D (sky130_fd_sc_hd__dfrtp_4)
                                              0.558679   data arrival time

                                  0.000000    0.000000   clock clk (rise edge)
                                  0.000000    0.000000   clock source latency
     1    0.012691    0.047667    0.031787    0.031787 ^ clk (in)
                                                         clk (net)
                      0.047675    0.000000    0.031787 ^ clkbuf_0_clk/A (sky130_fd_sc_hd__clkbuf_16)
     2    0.019014    0.030554    0.088542    0.120329 ^ clkbuf_0_clk/X (sky130_fd_sc_hd__clkbuf_16)
                                                         clknet_0_clk (net)
                      0.030556    0.000469    0.120799 ^ clkbuf_1_0__f_clk/A (sky130_fd_sc_hd__clkbuf_16)
     3    0.009646    0.024286    0.077256    0.198054 ^ clkbuf_1_0__f_clk/X (sky130_fd_sc_hd__clkbuf_16)
                                                         clknet_1_0__leaf_clk (net)
                      0.024286    0.000174    0.198229 ^ _29_/CLK (sky130_fd_sc_hd__dfrtp_4)
                                  0.250000    0.448229   clock uncertainty
                                  0.000000    0.448229   clock reconvergence pessimism
                                 -0.029522    0.418707   library hold time
                                              0.418707   data required time
---------------------------------------------------------------------------------------------
                                              0.418707   data required time
                                             -0.558679   data arrival time
---------------------------------------------------------------------------------------------
                                              0.139972   slack (MET)


Startpoint: _26_ (rising edge-triggered flip-flop clocked by clk)
Endpoint: _26_ (rising edge-triggered flip-flop clocked by clk)
Path Group: clk
Path Type: min

Fanout         Cap        Slew       Delay        Time   Description
---------------------------------------------------------------------------------------------
                                  0.000000    0.000000   clock clk (rise edge)
                                  0.000000    0.000000   clock source latency
     1    0.012691    0.047667    0.031787    0.031787 ^ clk (in)
                                                         clk (net)
                      0.047675    0.000000    0.031787 ^ clkbuf_0_clk/A (sky130_fd_sc_hd__clkbuf_16)
     2    0.019014    0.030554    0.088542    0.120329 ^ clkbuf_0_clk/X (sky130_fd_sc_hd__clkbuf_16)
                                                         clknet_0_clk (net)
                      0.030556    0.000477    0.120806 ^ clkbuf_1_1__f_clk/A (sky130_fd_sc_hd__clkbuf_16)
     3    0.008664    0.023626    0.076593    0.197398 ^ clkbuf_1_1__f_clk/X (sky130_fd_sc_hd__clkbuf_16)
                                                         clknet_1_1__leaf_clk (net)
                      0.023626    0.000201    0.197599 ^ _26_/CLK (sky130_fd_sc_hd__dfrtp_4)
     4    0.048717    0.116503    0.313965    0.511565 ^ _26_/Q (sky130_fd_sc_hd__dfrtp_4)
                                                         uo_out[2] (net)
                      0.116531    0.001784    0.513349 ^ _16_/A (sky130_fd_sc_hd__xnor2_1)
     1    0.003560    0.026891    0.053070    0.566418 v _16_/Y (sky130_fd_sc_hd__xnor2_1)
                                                         _02_ (net)
                      0.026891    0.000107    0.566526 v _26_/D (sky130_fd_sc_hd__dfrtp_4)
                                              0.566526   data arrival time

                                  0.000000    0.000000   clock clk (rise edge)
                                  0.000000    0.000000   clock source latency
     1    0.012691    0.047667    0.031787    0.031787 ^ clk (in)
                                                         clk (net)
                      0.047675    0.000000    0.031787 ^ clkbuf_0_clk/A (sky130_fd_sc_hd__clkbuf_16)
     2    0.019014    0.030554    0.088542    0.120329 ^ clkbuf_0_clk/X (sky130_fd_sc_hd__clkbuf_16)
                                                         clknet_0_clk (net)
                      0.030556    0.000477    0.120806 ^ clkbuf_1_1__f_clk/A (sky130_fd_sc_hd__clkbuf_16)
     3    0.008664    0.023626    0.076593    0.197398 ^ clkbuf_1_1__f_clk/X (sky130_fd_sc_hd__clkbuf_16)
                                                         clknet_1_1__leaf_clk (net)
                      0.023626    0.000201    0.197599 ^ _26_/CLK (sky130_fd_sc_hd__dfrtp_4)
                                  0.250000    0.447599   clock uncertainty
                                  0.000000    0.447599   clock reconvergence pessimism
                                 -0.027743    0.419856   library hold time
                                              0.419856   data required time
---------------------------------------------------------------------------------------------
                                              0.419856   data required time
                                             -0.566526   data arrival time
---------------------------------------------------------------------------------------------
                                              0.146669   slack (MET)


Startpoint: _27_ (rising edge-triggered flip-flop clocked by clk)
Endpoint: _27_ (rising edge-triggered flip-flop clocked by clk)
Path Group: clk
Path Type: min

Fanout         Cap        Slew       Delay        Time   Description
---------------------------------------------------------------------------------------------
                                  0.000000    0.000000   clock clk (rise edge)
                                  0.000000    0.000000   clock source latency
     1    0.012691    0.047667    0.031787    0.031787 ^ clk (in)
                                                         clk (net)
                      0.047675    0.000000    0.031787 ^ clkbuf_0_clk/A (sky130_fd_sc_hd__clkbuf_16)
     2    0.019014    0.030554    0.088542    0.120329 ^ clkbuf_0_clk/X (sky130_fd_sc_hd__clkbuf_16)
                                                         clknet_0_clk (net)
                      0.030556    0.000469    0.120799 ^ clkbuf_1_0__f_clk/A (sky130_fd_sc_hd__clkbuf_16)
     3    0.009646    0.024286    0.077256    0.198054 ^ clkbuf_1_0__f_clk/X (sky130_fd_sc_hd__clkbuf_16)
                                                         clknet_1_0__leaf_clk (net)
                      0.024286    0.000277    0.198331 ^ _27_/CLK (sky130_fd_sc_hd__dfrtp_4)
     3    0.041332    0.102434    0.303759    0.502090 ^ _27_/Q (sky130_fd_sc_hd__dfrtp_4)
                                                         uo_out[3] (net)
                      0.102440    0.000927    0.503017 ^ _18_/B1 (sky130_fd_sc_hd__a31o_1)
     1    0.003149    0.030270    0.060730    0.563748 ^ _18_/X (sky130_fd_sc_hd__a31o_1)
                                                         _09_ (net)
                      0.030270    0.000092    0.563839 ^ _19_/B (sky130_fd_sc_hd__and2b_1)
     1    0.002859    0.029515    0.070178    0.634017 ^ _19_/X (sky130_fd_sc_hd__and2b_1)
                                                         _03_ (net)
                      0.029515    0.000086    0.634103 ^ _27_/D (sky130_fd_sc_hd__dfrtp_4)
                                              0.634103   data arrival time

                                  0.000000    0.000000   clock clk (rise edge)
                                  0.000000    0.000000   clock source latency
     1    0.012691    0.047667    0.031787    0.031787 ^ clk (in)
                                                         clk (net)
                      0.047675    0.000000    0.031787 ^ clkbuf_0_clk/A (sky130_fd_sc_hd__clkbuf_16)
     2    0.019014    0.030554    0.088542    0.120329 ^ clkbuf_0_clk/X (sky130_fd_sc_hd__clkbuf_16)
                                                         clknet_0_clk (net)
                      0.030556    0.000469    0.120799 ^ clkbuf_1_0__f_clk/A (sky130_fd_sc_hd__clkbuf_16)
     3    0.009646    0.024286    0.077256    0.198054 ^ clkbuf_1_0__f_clk/X (sky130_fd_sc_hd__clkbuf_16)
                                                         clknet_1_0__leaf_clk (net)
                      0.024286    0.000277    0.198331 ^ _27_/CLK (sky130_fd_sc_hd__dfrtp_4)
                                  0.250000    0.448331   clock uncertainty
                                  0.000000    0.448331   clock reconvergence pessimism
                                 -0.019857    0.428475   library hold time
                                              0.428475   data required time
---------------------------------------------------------------------------------------------
                                              0.428475   data required time
                                             -0.634103   data arrival time
---------------------------------------------------------------------------------------------
                                              0.205628   slack (MET)


Startpoint: _28_ (rising edge-triggered flip-flop clocked by clk)
Endpoint: _28_ (rising edge-triggered flip-flop clocked by clk)
Path Group: clk
Path Type: min

Fanout         Cap        Slew       Delay        Time   Description
---------------------------------------------------------------------------------------------
                                  0.000000    0.000000   clock clk (rise edge)
                                  0.000000    0.000000   clock source latency
     1    0.012691    0.047667    0.031787    0.031787 ^ clk (in)
                                                         clk (net)
                      0.047675    0.000000    0.031787 ^ clkbuf_0_clk/A (sky130_fd_sc_hd__clkbuf_16)
     2    0.019014    0.030554    0.088542    0.120329 ^ clkbuf_0_clk/X (sky130_fd_sc_hd__clkbuf_16)
                                                         clknet_0_clk (net)
                      0.030556    0.000469    0.120799 ^ clkbuf_1_0__f_clk/A (sky130_fd_sc_hd__clkbuf_16)
     3    0.009646    0.024286    0.077256    0.198054 ^ clkbuf_1_0__f_clk/X (sky130_fd_sc_hd__clkbuf_16)
                                                         clknet_1_0__leaf_clk (net)
                      0.024287    0.000327    0.198382 ^ _28_/CLK (sky130_fd_sc_hd__dfrtp_4)
     3    0.041033    0.101863    0.303287    0.501669 ^ _28_/Q (sky130_fd_sc_hd__dfrtp_4)
                                                         uo_out[4] (net)
                      0.101871    0.000979    0.502648 ^ _21_/A (sky130_fd_sc_hd__or2_1)
     1    0.001976    0.024610    0.069722    0.572370 ^ _21_/X (sky130_fd_sc_hd__or2_1)
                                                         _11_ (net)
                      0.024610    0.000039    0.572409 ^ _22_/B (sky130_fd_sc_hd__and2_1)
     1    0.002734    0.032064    0.069851    0.642260 ^ _22_/X (sky130_fd_sc_hd__and2_1)
                                                         _04_ (net)
                      0.032064    0.000081    0.642341 ^ _28_/D (sky130_fd_sc_hd__dfrtp_4)
                                              0.642341   data arrival time

                                  0.000000    0.000000   clock clk (rise edge)
                                  0.000000    0.000000   clock source latency
     1    0.012691    0.047667    0.031787    0.031787 ^ clk (in)
                                                         clk (net)
                      0.047675    0.000000    0.031787 ^ clkbuf_0_clk/A (sky130_fd_sc_hd__clkbuf_16)
     2    0.019014    0.030554    0.088542    0.120329 ^ clkbuf_0_clk/X (sky130_fd_sc_hd__clkbuf_16)
                                                         clknet_0_clk (net)
                      0.030556    0.000469    0.120799 ^ clkbuf_1_0__f_clk/A (sky130_fd_sc_hd__clkbuf_16)
     3    0.009646    0.024286    0.077256    0.198054 ^ clkbuf_1_0__f_clk/X (sky130_fd_sc_hd__clkbuf_16)
                                                         clknet_1_0__leaf_clk (net)
                      0.024287    0.000327    0.198382 ^ _28_/CLK (sky130_fd_sc_hd__dfrtp_4)
                                  0.250000    0.448382   clock uncertainty
                                  0.000000    0.448382   clock reconvergence pessimism
                                 -0.020050    0.428332   library hold time
                                              0.428332   data required time
---------------------------------------------------------------------------------------------
                                              0.428332   data required time
                                             -0.642341   data arrival time
---------------------------------------------------------------------------------------------
                                              0.214009   slack (MET)


Startpoint: _25_ (rising edge-triggered flip-flop clocked by clk)
Endpoint: _25_ (rising edge-triggered flip-flop clocked by clk)
Path Group: clk
Path Type: min

Fanout         Cap        Slew       Delay        Time   Description
---------------------------------------------------------------------------------------------
                                  0.000000    0.000000   clock clk (rise edge)
                                  0.000000    0.000000   clock source latency
     1    0.012691    0.047667    0.031787    0.031787 ^ clk (in)
                                                         clk (net)
                      0.047675    0.000000    0.031787 ^ clkbuf_0_clk/A (sky130_fd_sc_hd__clkbuf_16)
     2    0.019014    0.030554    0.088542    0.120329 ^ clkbuf_0_clk/X (sky130_fd_sc_hd__clkbuf_16)
                                                         clknet_0_clk (net)
                      0.030556    0.000477    0.120806 ^ clkbuf_1_1__f_clk/A (sky130_fd_sc_hd__clkbuf_16)
     3    0.008664    0.023626    0.076593    0.197398 ^ clkbuf_1_1__f_clk/X (sky130_fd_sc_hd__clkbuf_16)
                                                         clknet_1_1__leaf_clk (net)
                      0.023626    0.000203    0.197601 ^ _25_/CLK (sky130_fd_sc_hd__dfrtp_4)
     5    0.045181    0.109614    0.309200    0.506801 ^ _25_/Q (sky130_fd_sc_hd__dfrtp_4)
                                                         uo_out[1] (net)
                      0.109622    0.001082    0.507883 ^ _14_/A (sky130_fd_sc_hd__or2_1)
     1    0.001910    0.024933    0.070685    0.578568 ^ _14_/X (sky130_fd_sc_hd__or2_1)
                                                         _07_ (net)
                      0.024933    0.000037    0.578606 ^ _15_/B (sky130_fd_sc_hd__and2_1)
     1    0.003816    0.038913    0.075698    0.654304 ^ _15_/X (sky130_fd_sc_hd__and2_1)
                                                         _01_ (net)
                      0.038913    0.000127    0.654430 ^ _25_/D (sky130_fd_sc_hd__dfrtp_4)
                                              0.654430   data arrival time

                                  0.000000    0.000000   clock clk (rise edge)
                                  0.000000    0.000000   clock source latency
     1    0.012691    0.047667    0.031787    0.031787 ^ clk (in)
                                                         clk (net)
                      0.047675    0.000000    0.031787 ^ clkbuf_0_clk/A (sky130_fd_sc_hd__clkbuf_16)
     2    0.019014    0.030554    0.088542    0.120329 ^ clkbuf_0_clk/X (sky130_fd_sc_hd__clkbuf_16)
                                                         clknet_0_clk (net)
                      0.030556    0.000477    0.120806 ^ clkbuf_1_1__f_clk/A (sky130_fd_sc_hd__clkbuf_16)
     3    0.008664    0.023626    0.076593    0.197398 ^ clkbuf_1_1__f_clk/X (sky130_fd_sc_hd__clkbuf_16)
                                                         clknet_1_1__leaf_clk (net)
                      0.023626    0.000203    0.197601 ^ _25_/CLK (sky130_fd_sc_hd__dfrtp_4)
                                  0.250000    0.447601   clock uncertainty
                                  0.000000    0.447601   clock reconvergence pessimism
                                 -0.020586    0.427015   library hold time
                                              0.427015   data required time
---------------------------------------------------------------------------------------------
                                              0.427015   data required time
                                             -0.654430   data arrival time
---------------------------------------------------------------------------------------------
                                              0.227415   slack (MET)


Startpoint: rst_n (input port clocked by clk)
Endpoint: _26_ (removal check against rising-edge clock clk)
Path Group: asynchronous
Path Type: min

Fanout         Cap        Slew       Delay        Time   Description
---------------------------------------------------------------------------------------------
                                  0.000000    0.000000   clock clk (rise edge)
                                  0.000000    0.000000   clock network delay (propagated)
                                  4.000000    4.000000 ^ input external delay
     1    0.002380    0.012427    0.006141    4.006141 ^ rst_n (in)
                                                         rst_n (net)
                      0.012427    0.000000    4.006141 ^ input1/A (sky130_fd_sc_hd__buf_2)
     6    0.033834    0.126358    0.129937    4.136078 ^ input1/X (sky130_fd_sc_hd__buf_2)
                                                         net1 (net)
                      0.126373    0.001146    4.137224 ^ _26_/RESET_B (sky130_fd_sc_hd__dfrtp_4)
                                              4.137224   data arrival time

                                  0.000000    0.000000   clock clk (rise edge)
                                  0.000000    0.000000   clock source latency
     1    0.012691    0.047667    0.031787    0.031787 ^ clk (in)
                                                         clk (net)
                      0.047675    0.000000    0.031787 ^ clkbuf_0_clk/A (sky130_fd_sc_hd__clkbuf_16)
     2    0.019014    0.030554    0.088542    0.120329 ^ clkbuf_0_clk/X (sky130_fd_sc_hd__clkbuf_16)
                                                         clknet_0_clk (net)
                      0.030556    0.000477    0.120806 ^ clkbuf_1_1__f_clk/A (sky130_fd_sc_hd__clkbuf_16)
     3    0.008664    0.023626    0.076593    0.197398 ^ clkbuf_1_1__f_clk/X (sky130_fd_sc_hd__clkbuf_16)
                                                         clknet_1_1__leaf_clk (net)
                      0.023626    0.000201    0.197599 ^ _26_/CLK (sky130_fd_sc_hd__dfrtp_4)
                                  0.250000    0.447599   clock uncertainty
                                  0.000000    0.447599   clock reconvergence pessimism
                                  0.221830    0.669429   library removal time
                                              0.669429   data required time
---------------------------------------------------------------------------------------------
                                              0.669429   data required time
                                             -4.137224   data arrival time
---------------------------------------------------------------------------------------------
                                              3.467795   slack (MET)


Startpoint: rst_n (input port clocked by clk)
Endpoint: _27_ (removal check against rising-edge clock clk)
Path Group: asynchronous
Path Type: min

Fanout         Cap        Slew       Delay        Time   Description
---------------------------------------------------------------------------------------------
                                  0.000000    0.000000   clock clk (rise edge)
                                  0.000000    0.000000   clock network delay (propagated)
                                  4.000000    4.000000 ^ input external delay
     1    0.002380    0.012427    0.006141    4.006141 ^ rst_n (in)
                                                         rst_n (net)
                      0.012427    0.000000    4.006141 ^ input1/A (sky130_fd_sc_hd__buf_2)
     6    0.033834    0.126358    0.129937    4.136078 ^ input1/X (sky130_fd_sc_hd__buf_2)
                                                         net1 (net)
                      0.126415    0.002215    4.138293 ^ _27_/RESET_B (sky130_fd_sc_hd__dfrtp_4)
                                              4.138293   data arrival time

                                  0.000000    0.000000   clock clk (rise edge)
                                  0.000000    0.000000   clock source latency
     1    0.012691    0.047667    0.031787    0.031787 ^ clk (in)
                                                         clk (net)
                      0.047675    0.000000    0.031787 ^ clkbuf_0_clk/A (sky130_fd_sc_hd__clkbuf_16)
     2    0.019014    0.030554    0.088542    0.120329 ^ clkbuf_0_clk/X (sky130_fd_sc_hd__clkbuf_16)
                                                         clknet_0_clk (net)
                      0.030556    0.000469    0.120799 ^ clkbuf_1_0__f_clk/A (sky130_fd_sc_hd__clkbuf_16)
     3    0.009646    0.024286    0.077256    0.198054 ^ clkbuf_1_0__f_clk/X (sky130_fd_sc_hd__clkbuf_16)
                                                         clknet_1_0__leaf_clk (net)
                      0.024286    0.000277    0.198331 ^ _27_/CLK (sky130_fd_sc_hd__dfrtp_4)
                                  0.250000    0.448331   clock uncertainty
                                  0.000000    0.448331   clock reconvergence pessimism
                                  0.221929    0.670261   library removal time
                                              0.670261   data required time
---------------------------------------------------------------------------------------------
                                              0.670261   data required time
                                             -4.138293   data arrival time
---------------------------------------------------------------------------------------------
                                              3.468032   slack (MET)


Startpoint: rst_n (input port clocked by clk)
Endpoint: _25_ (removal check against rising-edge clock clk)
Path Group: asynchronous
Path Type: min

Fanout         Cap        Slew       Delay        Time   Description
---------------------------------------------------------------------------------------------
                                  0.000000    0.000000   clock clk (rise edge)
                                  0.000000    0.000000   clock network delay (propagated)
                                  4.000000    4.000000 ^ input external delay
     1    0.002380    0.012427    0.006141    4.006141 ^ rst_n (in)
                                                         rst_n (net)
                      0.012427    0.000000    4.006141 ^ input1/A (sky130_fd_sc_hd__buf_2)
     6    0.033834    0.126358    0.129937    4.136078 ^ input1/X (sky130_fd_sc_hd__buf_2)
                                                         net1 (net)
                      0.126382    0.001452    4.137529 ^ _25_/RESET_B (sky130_fd_sc_hd__dfrtp_4)
                                              4.137529   data arrival time

                                  0.000000    0.000000   clock clk (rise edge)
                                  0.000000    0.000000   clock source latency
     1    0.012691    0.047667    0.031787    0.031787 ^ clk (in)
                                                         clk (net)
                      0.047675    0.000000    0.031787 ^ clkbuf_0_clk/A (sky130_fd_sc_hd__clkbuf_16)
     2    0.019014    0.030554    0.088542    0.120329 ^ clkbuf_0_clk/X (sky130_fd_sc_hd__clkbuf_16)
                                                         clknet_0_clk (net)
                      0.030556    0.000477    0.120806 ^ clkbuf_1_1__f_clk/A (sky130_fd_sc_hd__clkbuf_16)
     3    0.008664    0.023626    0.076593    0.197398 ^ clkbuf_1_1__f_clk/X (sky130_fd_sc_hd__clkbuf_16)
                                                         clknet_1_1__leaf_clk (net)
                      0.023626    0.000203    0.197601 ^ _25_/CLK (sky130_fd_sc_hd__dfrtp_4)
                                  0.250000    0.447601   clock uncertainty
                                  0.000000    0.447601   clock reconvergence pessimism
                                  0.221832    0.669433   library removal time
                                              0.669433   data required time
---------------------------------------------------------------------------------------------
                                              0.669433   data required time
                                             -4.137529   data arrival time
---------------------------------------------------------------------------------------------
                                              3.468096   slack (MET)


Startpoint: rst_n (input port clocked by clk)
Endpoint: _28_ (removal check against rising-edge clock clk)
Path Group: asynchronous
Path Type: min

Fanout         Cap        Slew       Delay        Time   Description
---------------------------------------------------------------------------------------------
                                  0.000000    0.000000   clock clk (rise edge)
                                  0.000000    0.000000   clock network delay (propagated)
                                  4.000000    4.000000 ^ input external delay
     1    0.002380    0.012427    0.006141    4.006141 ^ rst_n (in)
                                                         rst_n (net)
                      0.012427    0.000000    4.006141 ^ input1/A (sky130_fd_sc_hd__buf_2)
     6    0.033834    0.126358    0.129937    4.136078 ^ input1/X (sky130_fd_sc_hd__buf_2)
                                                         net1 (net)
                      0.126422    0.002352    4.138430 ^ _28_/RESET_B (sky130_fd_sc_hd__dfrtp_4)
                                              4.138430   data arrival time

                                  0.000000    0.000000   clock clk (rise edge)
                                  0.000000    0.000000   clock source latency
     1    0.012691    0.047667    0.031787    0.031787 ^ clk (in)
                                                         clk (net)
                      0.047675    0.000000    0.031787 ^ clkbuf_0_clk/A (sky130_fd_sc_hd__clkbuf_16)
     2    0.019014    0.030554    0.088542    0.120329 ^ clkbuf_0_clk/X (sky130_fd_sc_hd__clkbuf_16)
                                                         clknet_0_clk (net)
                      0.030556    0.000469    0.120799 ^ clkbuf_1_0__f_clk/A (sky130_fd_sc_hd__clkbuf_16)
     3    0.009646    0.024286    0.077256    0.198054 ^ clkbuf_1_0__f_clk/X (sky130_fd_sc_hd__clkbuf_16)
                                                         clknet_1_0__leaf_clk (net)
                      0.024287    0.000327    0.198382 ^ _28_/CLK (sky130_fd_sc_hd__dfrtp_4)
                                  0.250000    0.448382   clock uncertainty
                                  0.000000    0.448382   clock reconvergence pessimism
                                  0.221931    0.670313   library removal time
                                              0.670313   data required time
---------------------------------------------------------------------------------------------
                                              0.670313   data required time
                                             -4.138430   data arrival time
---------------------------------------------------------------------------------------------
                                              3.468117   slack (MET)


Startpoint: rst_n (input port clocked by clk)
Endpoint: _29_ (removal check against rising-edge clock clk)
Path Group: asynchronous
Path Type: min

Fanout         Cap        Slew       Delay        Time   Description
---------------------------------------------------------------------------------------------
                                  0.000000    0.000000   clock clk (rise edge)
                                  0.000000    0.000000   clock network delay (propagated)
                                  4.000000    4.000000 ^ input external delay
     1    0.002380    0.012427    0.006141    4.006141 ^ rst_n (in)
                                                         rst_n (net)
                      0.012427    0.000000    4.006141 ^ input1/A (sky130_fd_sc_hd__buf_2)
     6    0.033834    0.126358    0.129937    4.136078 ^ input1/X (sky130_fd_sc_hd__buf_2)
                                                         net1 (net)
                      0.126422    0.002355    4.138433 ^ _29_/RESET_B (sky130_fd_sc_hd__dfrtp_4)
                                              4.138433   data arrival time

                                  0.000000    0.000000   clock clk (rise edge)
                                  0.000000    0.000000   clock source latency
     1    0.012691    0.047667    0.031787    0.031787 ^ clk (in)
                                                         clk (net)
                      0.047675    0.000000    0.031787 ^ clkbuf_0_clk/A (sky130_fd_sc_hd__clkbuf_16)
     2    0.019014    0.030554    0.088542    0.120329 ^ clkbuf_0_clk/X (sky130_fd_sc_hd__clkbuf_16)
                                                         clknet_0_clk (net)
                      0.030556    0.000469    0.120799 ^ clkbuf_1_0__f_clk/A (sky130_fd_sc_hd__clkbuf_16)
     3    0.009646    0.024286    0.077256    0.198054 ^ clkbuf_1_0__f_clk/X (sky130_fd_sc_hd__clkbuf_16)
                                                         clknet_1_0__leaf_clk (net)
                      0.024286    0.000174    0.198229 ^ _29_/CLK (sky130_fd_sc_hd__dfrtp_4)
                                  0.250000    0.448229   clock uncertainty
                                  0.000000    0.448229   clock reconvergence pessimism
                                  0.221931    0.670160   library removal time
                                              0.670160   data required time
---------------------------------------------------------------------------------------------
                                              0.670160   data required time
                                             -4.138433   data arrival time
---------------------------------------------------------------------------------------------
                                              3.468273   slack (MET)


Startpoint: rst_n (input port clocked by clk)
Endpoint: _24_ (removal check against rising-edge clock clk)
Path Group: asynchronous
Path Type: min

Fanout         Cap        Slew       Delay        Time   Description
---------------------------------------------------------------------------------------------
                                  0.000000    0.000000   clock clk (rise edge)
                                  0.000000    0.000000   clock network delay (propagated)
                                  4.000000    4.000000 ^ input external delay
     1    0.002380    0.012427    0.006141    4.006141 ^ rst_n (in)
                                                         rst_n (net)
                      0.012427    0.000000    4.006141 ^ input1/A (sky130_fd_sc_hd__buf_2)
     6    0.033834    0.126358    0.129937    4.136078 ^ input1/X (sky130_fd_sc_hd__buf_2)
                                                         net1 (net)
                      0.126405    0.002018    4.138096 ^ _24_/RESET_B (sky130_fd_sc_hd__dfrtp_4)
                                              4.138096   data arrival time

                                  0.000000    0.000000   clock clk (rise edge)
                                  0.000000    0.000000   clock source latency
     1    0.012691    0.047667    0.031787    0.031787 ^ clk (in)
                                                         clk (net)
                      0.047675    0.000000    0.031787 ^ clkbuf_0_clk/A (sky130_fd_sc_hd__clkbuf_16)
     2    0.019014    0.030554    0.088542    0.120329 ^ clkbuf_0_clk/X (sky130_fd_sc_hd__clkbuf_16)
                                                         clknet_0_clk (net)
                      0.030556    0.000477    0.120806 ^ clkbuf_1_1__f_clk/A (sky130_fd_sc_hd__clkbuf_16)
     3    0.008664    0.023626    0.076593    0.197398 ^ clkbuf_1_1__f_clk/X (sky130_fd_sc_hd__clkbuf_16)
                                                         clknet_1_1__leaf_clk (net)
                      0.023626    0.000233    0.197631 ^ _24_/CLK (sky130_fd_sc_hd__dfrtp_4)
                                  0.250000    0.447631   clock uncertainty
                                  0.000000    0.447631   clock reconvergence pessimism
                                  0.221838    0.669469   library removal time
                                              0.669469   data required time
---------------------------------------------------------------------------------------------
                                              0.669469   data required time
                                             -4.138096   data arrival time
---------------------------------------------------------------------------------------------
                                              3.468627   slack (MET)


Startpoint: _29_ (rising edge-triggered flip-flop clocked by clk)
Endpoint: uo_out[5] (output port clocked by clk)
Path Group: clk
Path Type: min

Fanout         Cap        Slew       Delay        Time   Description
---------------------------------------------------------------------------------------------
                                  0.000000    0.000000   clock clk (rise edge)
                                  0.000000    0.000000   clock source latency
     1    0.012691    0.047667    0.031787    0.031787 ^ clk (in)
                                                         clk (net)
                      0.047675    0.000000    0.031787 ^ clkbuf_0_clk/A (sky130_fd_sc_hd__clkbuf_16)
     2    0.019014    0.030554    0.088542    0.120329 ^ clkbuf_0_clk/X (sky130_fd_sc_hd__clkbuf_16)
                                                         clknet_0_clk (net)
                      0.030556    0.000469    0.120799 ^ clkbuf_1_0__f_clk/A (sky130_fd_sc_hd__clkbuf_16)
     3    0.009646    0.024286    0.077256    0.198054 ^ clkbuf_1_0__f_clk/X (sky130_fd_sc_hd__clkbuf_16)
                                                         clknet_1_0__leaf_clk (net)
                      0.024286    0.000174    0.198229 ^ _29_/CLK (sky130_fd_sc_hd__dfrtp_4)
     2    0.039790    0.099402    0.301612    0.499840 ^ _29_/Q (sky130_fd_sc_hd__dfrtp_4)
                                                         uo_out[5] (net)
                      0.099407    0.000809    0.500649 ^ uo_out[5] (out)
                                              0.500649   data arrival time

                                  0.000000    0.000000   clock clk (rise edge)
                                  0.000000    0.000000   clock network delay (propagated)
                                  0.250000    0.250000   clock uncertainty
                                  0.000000    0.250000   clock reconvergence pessimism
                                 -4.000000   -3.750000   output external delay
                                             -3.750000   data required time
---------------------------------------------------------------------------------------------
                                             -3.750000   data required time
                                             -0.500649   data arrival time
---------------------------------------------------------------------------------------------
                                              4.250649   slack (MET)


Startpoint: _28_ (rising edge-triggered flip-flop clocked by clk)
Endpoint: uo_out[4] (output port clocked by clk)
Path Group: clk
Path Type: min

Fanout         Cap        Slew       Delay        Time   Description
---------------------------------------------------------------------------------------------
                                  0.000000    0.000000   clock clk (rise edge)
                                  0.000000    0.000000   clock source latency
     1    0.012691    0.047667    0.031787    0.031787 ^ clk (in)
                                                         clk (net)
                      0.047675    0.000000    0.031787 ^ clkbuf_0_clk/A (sky130_fd_sc_hd__clkbuf_16)
     2    0.019014    0.030554    0.088542    0.120329 ^ clkbuf_0_clk/X (sky130_fd_sc_hd__clkbuf_16)
                                                         clknet_0_clk (net)
                      0.030556    0.000469    0.120799 ^ clkbuf_1_0__f_clk/A (sky130_fd_sc_hd__clkbuf_16)
     3    0.009646    0.024286    0.077256    0.198054 ^ clkbuf_1_0__f_clk/X (sky130_fd_sc_hd__clkbuf_16)
                                                         clknet_1_0__leaf_clk (net)
                      0.024287    0.000327    0.198382 ^ _28_/CLK (sky130_fd_sc_hd__dfrtp_4)
     3    0.041033    0.101863    0.303287    0.501669 ^ _28_/Q (sky130_fd_sc_hd__dfrtp_4)
                                                         uo_out[4] (net)
                      0.101877    0.001215    0.502884 ^ uo_out[4] (out)
                                              0.502884   data arrival time

                                  0.000000    0.000000   clock clk (rise edge)
                                  0.000000    0.000000   clock network delay (propagated)
                                  0.250000    0.250000   clock uncertainty
                                  0.000000    0.250000   clock reconvergence pessimism
                                 -4.000000   -3.750000   output external delay
                                             -3.750000   data required time
---------------------------------------------------------------------------------------------
                                             -3.750000   data required time
                                             -0.502884   data arrival time
---------------------------------------------------------------------------------------------
                                              4.252883   slack (MET)


Startpoint: _27_ (rising edge-triggered flip-flop clocked by clk)
Endpoint: uo_out[3] (output port clocked by clk)
Path Group: clk
Path Type: min

Fanout         Cap        Slew       Delay        Time   Description
---------------------------------------------------------------------------------------------
                                  0.000000    0.000000   clock clk (rise edge)
                                  0.000000    0.000000   clock source latency
     1    0.012691    0.047667    0.031787    0.031787 ^ clk (in)
                                                         clk (net)
                      0.047675    0.000000    0.031787 ^ clkbuf_0_clk/A (sky130_fd_sc_hd__clkbuf_16)
     2    0.019014    0.030554    0.088542    0.120329 ^ clkbuf_0_clk/X (sky130_fd_sc_hd__clkbuf_16)
                                                         clknet_0_clk (net)
                      0.030556    0.000469    0.120799 ^ clkbuf_1_0__f_clk/A (sky130_fd_sc_hd__clkbuf_16)
     3    0.009646    0.024286    0.077256    0.198054 ^ clkbuf_1_0__f_clk/X (sky130_fd_sc_hd__clkbuf_16)
                                                         clknet_1_0__leaf_clk (net)
                      0.024286    0.000277    0.198331 ^ _27_/CLK (sky130_fd_sc_hd__dfrtp_4)
     3    0.041332    0.102434    0.303759    0.502090 ^ _27_/Q (sky130_fd_sc_hd__dfrtp_4)
                                                         uo_out[3] (net)
                      0.102447    0.001195    0.503286 ^ uo_out[3] (out)
                                              0.503286   data arrival time

                                  0.000000    0.000000   clock clk (rise edge)
                                  0.000000    0.000000   clock network delay (propagated)
                                  0.250000    0.250000   clock uncertainty
                                  0.000000    0.250000   clock reconvergence pessimism
                                 -4.000000   -3.750000   output external delay
                                             -3.750000   data required time
---------------------------------------------------------------------------------------------
                                             -3.750000   data required time
                                             -0.503286   data arrival time
---------------------------------------------------------------------------------------------
                                              4.253286   slack (MET)


Startpoint: _25_ (rising edge-triggered flip-flop clocked by clk)
Endpoint: uo_out[1] (output port clocked by clk)
Path Group: clk
Path Type: min

Fanout         Cap        Slew       Delay        Time   Description
---------------------------------------------------------------------------------------------
                                  0.000000    0.000000   clock clk (rise edge)
                                  0.000000    0.000000   clock source latency
     1    0.012691    0.047667    0.031787    0.031787 ^ clk (in)
                                                         clk (net)
                      0.047675    0.000000    0.031787 ^ clkbuf_0_clk/A (sky130_fd_sc_hd__clkbuf_16)
     2    0.019014    0.030554    0.088542    0.120329 ^ clkbuf_0_clk/X (sky130_fd_sc_hd__clkbuf_16)
                                                         clknet_0_clk (net)
                      0.030556    0.000477    0.120806 ^ clkbuf_1_1__f_clk/A (sky130_fd_sc_hd__clkbuf_16)
     3    0.008664    0.023626    0.076593    0.197398 ^ clkbuf_1_1__f_clk/X (sky130_fd_sc_hd__clkbuf_16)
                                                         clknet_1_1__leaf_clk (net)
                      0.023626    0.000203    0.197601 ^ _25_/CLK (sky130_fd_sc_hd__dfrtp_4)
     5    0.045181    0.109614    0.309200    0.506801 ^ _25_/Q (sky130_fd_sc_hd__dfrtp_4)
                                                         uo_out[1] (net)
                      0.109646    0.001814    0.508615 ^ uo_out[1] (out)
                                              0.508615   data arrival time

                                  0.000000    0.000000   clock clk (rise edge)
                                  0.000000    0.000000   clock network delay (propagated)
                                  0.250000    0.250000   clock uncertainty
                                  0.000000    0.250000   clock reconvergence pessimism
                                 -4.000000   -3.750000   output external delay
                                             -3.750000   data required time
---------------------------------------------------------------------------------------------
                                             -3.750000   data required time
                                             -0.508615   data arrival time
---------------------------------------------------------------------------------------------
                                              4.258615   slack (MET)


Startpoint: _26_ (rising edge-triggered flip-flop clocked by clk)
Endpoint: uo_out[2] (output port clocked by clk)
Path Group: clk
Path Type: min

Fanout         Cap        Slew       Delay        Time   Description
---------------------------------------------------------------------------------------------
                                  0.000000    0.000000   clock clk (rise edge)
                                  0.000000    0.000000   clock source latency
     1    0.012691    0.047667    0.031787    0.031787 ^ clk (in)
                                                         clk (net)
                      0.047675    0.000000    0.031787 ^ clkbuf_0_clk/A (sky130_fd_sc_hd__clkbuf_16)
     2    0.019014    0.030554    0.088542    0.120329 ^ clkbuf_0_clk/X (sky130_fd_sc_hd__clkbuf_16)
                                                         clknet_0_clk (net)
                      0.030556    0.000477    0.120806 ^ clkbuf_1_1__f_clk/A (sky130_fd_sc_hd__clkbuf_16)
     3    0.008664    0.023626    0.076593    0.197398 ^ clkbuf_1_1__f_clk/X (sky130_fd_sc_hd__clkbuf_16)
                                                         clknet_1_1__leaf_clk (net)
                      0.023626    0.000201    0.197599 ^ _26_/CLK (sky130_fd_sc_hd__dfrtp_4)
     4    0.048717    0.116503    0.313965    0.511565 ^ _26_/Q (sky130_fd_sc_hd__dfrtp_4)
                                                         uo_out[2] (net)
                      0.116589    0.002875    0.514440 ^ uo_out[2] (out)
                                              0.514440   data arrival time

                                  0.000000    0.000000   clock clk (rise edge)
                                  0.000000    0.000000   clock network delay (propagated)
                                  0.250000    0.250000   clock uncertainty
                                  0.000000    0.250000   clock reconvergence pessimism
                                 -4.000000   -3.750000   output external delay
                                             -3.750000   data required time
---------------------------------------------------------------------------------------------
                                             -3.750000   data required time
                                             -0.514440   data arrival time
---------------------------------------------------------------------------------------------
                                              4.264440   slack (MET)


Startpoint: _24_ (rising edge-triggered flip-flop clocked by clk)
Endpoint: uo_out[0] (output port clocked by clk)
Path Group: clk
Path Type: min

Fanout         Cap        Slew       Delay        Time   Description
---------------------------------------------------------------------------------------------
                                  0.000000    0.000000   clock clk (rise edge)
                                  0.000000    0.000000   clock source latency
     1    0.012691    0.047667    0.031787    0.031787 ^ clk (in)
                                                         clk (net)
                      0.047675    0.000000    0.031787 ^ clkbuf_0_clk/A (sky130_fd_sc_hd__clkbuf_16)
     2    0.019014    0.030554    0.088542    0.120329 ^ clkbuf_0_clk/X (sky130_fd_sc_hd__clkbuf_16)
                                                         clknet_0_clk (net)
                      0.030556    0.000477    0.120806 ^ clkbuf_1_1__f_clk/A (sky130_fd_sc_hd__clkbuf_16)
     3    0.008664    0.023626    0.076593    0.197398 ^ clkbuf_1_1__f_clk/X (sky130_fd_sc_hd__clkbuf_16)
                                                         clknet_1_1__leaf_clk (net)
                      0.023626    0.000233    0.197631 ^ _24_/CLK (sky130_fd_sc_hd__dfrtp_4)
     6    0.049698    0.118596    0.316408    0.514040 ^ _24_/Q (sky130_fd_sc_hd__dfrtp_4)
                                                         uo_out[0] (net)
                      0.118608    0.001233    0.515273 ^ uo_out[0] (out)
                                              0.515273   data arrival time

                                  0.000000    0.000000   clock clk (rise edge)
                                  0.000000    0.000000   clock network delay (propagated)
                                  0.250000    0.250000   clock uncertainty
                                  0.000000    0.250000   clock reconvergence pessimism
                                 -4.000000   -3.750000   output external delay
                                             -3.750000   data required time
---------------------------------------------------------------------------------------------
                                             -3.750000   data required time
                                             -0.515273   data arrival time
---------------------------------------------------------------------------------------------
                                              4.265273   slack (MET)



%OL_END_REPORT
%OL_CREATE_REPORT max.rpt

===========================================================================
report_checks -path_delay max (Setup)
============================================================================
======================= nom_ff_n40C_1v95 Corner ===================================

Startpoint: _24_ (rising edge-triggered flip-flop clocked by clk)
Endpoint: uo_out[0] (output port clocked by clk)
Path Group: clk
Path Type: max

Fanout         Cap        Slew       Delay        Time   Description
---------------------------------------------------------------------------------------------
                                  0.000000    0.000000   clock clk (rise edge)
                                  0.000000    0.000000   clock source latency
     1    0.012691    0.047667    0.031787    0.031787 ^ clk (in)
                                                         clk (net)
                      0.047675    0.000000    0.031787 ^ clkbuf_0_clk/A (sky130_fd_sc_hd__clkbuf_16)
     2    0.019014    0.030554    0.088542    0.120329 ^ clkbuf_0_clk/X (sky130_fd_sc_hd__clkbuf_16)
                                                         clknet_0_clk (net)
                      0.030556    0.000477    0.120806 ^ clkbuf_1_1__f_clk/A (sky130_fd_sc_hd__clkbuf_16)
     3    0.008664    0.023626    0.076593    0.197398 ^ clkbuf_1_1__f_clk/X (sky130_fd_sc_hd__clkbuf_16)
                                                         clknet_1_1__leaf_clk (net)
                      0.023626    0.000233    0.197631 ^ _24_/CLK (sky130_fd_sc_hd__dfrtp_4)
     6    0.048682    0.084933    0.342824    0.540455 v _24_/Q (sky130_fd_sc_hd__dfrtp_4)
                                                         uo_out[0] (net)
                      0.084952    0.001214    0.541670 v uo_out[0] (out)
                                              0.541670   data arrival time

                                 20.000000   20.000000   clock clk (rise edge)
                                  0.000000   20.000000   clock network delay (propagated)
                                 -0.250000   19.750002   clock uncertainty
                                  0.000000   19.750002   clock reconvergence pessimism
                                 -4.000000   15.750001   output external delay
                                             15.750001   data required time
---------------------------------------------------------------------------------------------
                                             15.750001   data required time
                                             -0.541670   data arrival time
---------------------------------------------------------------------------------------------
                                             15.208331   slack (MET)


Startpoint: _26_ (rising edge-triggered flip-flop clocked by clk)
Endpoint: uo_out[2] (output port clocked by clk)
Path Group: clk
Path Type: max

Fanout         Cap        Slew       Delay        Time   Description
---------------------------------------------------------------------------------------------
                                  0.000000    0.000000   clock clk (rise edge)
                                  0.000000    0.000000   clock source latency
     1    0.012691    0.047667    0.031787    0.031787 ^ clk (in)
                                                         clk (net)
                      0.047675    0.000000    0.031787 ^ clkbuf_0_clk/A (sky130_fd_sc_hd__clkbuf_16)
     2    0.019014    0.030554    0.088542    0.120329 ^ clkbuf_0_clk/X (sky130_fd_sc_hd__clkbuf_16)
                                                         clknet_0_clk (net)
                      0.030556    0.000477    0.120806 ^ clkbuf_1_1__f_clk/A (sky130_fd_sc_hd__clkbuf_16)
     3    0.008664    0.023626    0.076593    0.197398 ^ clkbuf_1_1__f_clk/X (sky130_fd_sc_hd__clkbuf_16)
                                                         clknet_1_1__leaf_clk (net)
                      0.023626    0.000201    0.197599 ^ _26_/CLK (sky130_fd_sc_hd__dfrtp_4)
     4    0.048072    0.084667    0.341192    0.538792 v _26_/Q (sky130_fd_sc_hd__dfrtp_4)
                                                         uo_out[2] (net)
                      0.084788    0.002843    0.541635 v uo_out[2] (out)
                                              0.541635   data arrival time

                                 20.000000   20.000000   clock clk (rise edge)
                                  0.000000   20.000000   clock network delay (propagated)
                                 -0.250000   19.750002   clock uncertainty
                                  0.000000   19.750002   clock reconvergence pessimism
                                 -4.000000   15.750001   output external delay
                                             15.750001   data required time
---------------------------------------------------------------------------------------------
                                             15.750001   data required time
                                             -0.541635   data arrival time
---------------------------------------------------------------------------------------------
                                             15.208366   slack (MET)


Startpoint: _25_ (rising edge-triggered flip-flop clocked by clk)
Endpoint: uo_out[1] (output port clocked by clk)
Path Group: clk
Path Type: max

Fanout         Cap        Slew       Delay        Time   Description
---------------------------------------------------------------------------------------------
                                  0.000000    0.000000   clock clk (rise edge)
                                  0.000000    0.000000   clock source latency
     1    0.012691    0.047667    0.031787    0.031787 ^ clk (in)
                                                         clk (net)
                      0.047675    0.000000    0.031787 ^ clkbuf_0_clk/A (sky130_fd_sc_hd__clkbuf_16)
     2    0.019014    0.030554    0.088542    0.120329 ^ clkbuf_0_clk/X (sky130_fd_sc_hd__clkbuf_16)
                                                         clknet_0_clk (net)
                      0.030556    0.000477    0.120806 ^ clkbuf_1_1__f_clk/A (sky130_fd_sc_hd__clkbuf_16)
     3    0.008664    0.023626    0.076593    0.197398 ^ clkbuf_1_1__f_clk/X (sky130_fd_sc_hd__clkbuf_16)
                                                         clknet_1_1__leaf_clk (net)
                      0.023626    0.000203    0.197601 ^ _25_/CLK (sky130_fd_sc_hd__dfrtp_4)
     5    0.044690    0.081098    0.337949    0.535550 v _25_/Q (sky130_fd_sc_hd__dfrtp_4)
                                                         uo_out[1] (net)
                      0.081145    0.001801    0.537351 v uo_out[1] (out)
                                              0.537351   data arrival time

                                 20.000000   20.000000   clock clk (rise edge)
                                  0.000000   20.000000   clock network delay (propagated)
                                 -0.250000   19.750002   clock uncertainty
                                  0.000000   19.750002   clock reconvergence pessimism
                                 -4.000000   15.750001   output external delay
                                             15.750001   data required time
---------------------------------------------------------------------------------------------
                                             15.750001   data required time
                                             -0.537351   data arrival time
---------------------------------------------------------------------------------------------
                                             15.212649   slack (MET)


Startpoint: _27_ (rising edge-triggered flip-flop clocked by clk)
Endpoint: uo_out[3] (output port clocked by clk)
Path Group: clk
Path Type: max

Fanout         Cap        Slew       Delay        Time   Description
---------------------------------------------------------------------------------------------
                                  0.000000    0.000000   clock clk (rise edge)
                                  0.000000    0.000000   clock source latency
     1    0.012691    0.047667    0.031787    0.031787 ^ clk (in)
                                                         clk (net)
                      0.047675    0.000000    0.031787 ^ clkbuf_0_clk/A (sky130_fd_sc_hd__clkbuf_16)
     2    0.019014    0.030554    0.088542    0.120329 ^ clkbuf_0_clk/X (sky130_fd_sc_hd__clkbuf_16)
                                                         clknet_0_clk (net)
                      0.030556    0.000469    0.120799 ^ clkbuf_1_0__f_clk/A (sky130_fd_sc_hd__clkbuf_16)
     3    0.009646    0.024286    0.077256    0.198054 ^ clkbuf_1_0__f_clk/X (sky130_fd_sc_hd__clkbuf_16)
                                                         clknet_1_0__leaf_clk (net)
                      0.024286    0.000277    0.198331 ^ _27_/CLK (sky130_fd_sc_hd__dfrtp_4)
     3    0.040950    0.077167    0.334192    0.532523 v _27_/Q (sky130_fd_sc_hd__dfrtp_4)
                                                         uo_out[3] (net)
                      0.077186    0.001187    0.533709 v uo_out[3] (out)
                                              0.533709   data arrival time

                                 20.000000   20.000000   clock clk (rise edge)
                                  0.000000   20.000000   clock network delay (propagated)
                                 -0.250000   19.750002   clock uncertainty
                                  0.000000   19.750002   clock reconvergence pessimism
                                 -4.000000   15.750001   output external delay
                                             15.750001   data required time
---------------------------------------------------------------------------------------------
                                             15.750001   data required time
                                             -0.533709   data arrival time
---------------------------------------------------------------------------------------------
                                             15.216290   slack (MET)


Startpoint: _28_ (rising edge-triggered flip-flop clocked by clk)
Endpoint: uo_out[4] (output port clocked by clk)
Path Group: clk
Path Type: max

Fanout         Cap        Slew       Delay        Time   Description
---------------------------------------------------------------------------------------------
                                  0.000000    0.000000   clock clk (rise edge)
                                  0.000000    0.000000   clock source latency
     1    0.012691    0.047667    0.031787    0.031787 ^ clk (in)
                                                         clk (net)
                      0.047675    0.000000    0.031787 ^ clkbuf_0_clk/A (sky130_fd_sc_hd__clkbuf_16)
     2    0.019014    0.030554    0.088542    0.120329 ^ clkbuf_0_clk/X (sky130_fd_sc_hd__clkbuf_16)
                                                         clknet_0_clk (net)
                      0.030556    0.000469    0.120799 ^ clkbuf_1_0__f_clk/A (sky130_fd_sc_hd__clkbuf_16)
     3    0.009646    0.024286    0.077256    0.198054 ^ clkbuf_1_0__f_clk/X (sky130_fd_sc_hd__clkbuf_16)
                                                         clknet_1_0__leaf_clk (net)
                      0.024287    0.000327    0.198382 ^ _28_/CLK (sky130_fd_sc_hd__dfrtp_4)
     3    0.040756    0.076987    0.333957    0.532339 v _28_/Q (sky130_fd_sc_hd__dfrtp_4)
                                                         uo_out[4] (net)
                      0.077007    0.001208    0.533547 v uo_out[4] (out)
                                              0.533547   data arrival time

                                 20.000000   20.000000   clock clk (rise edge)
                                  0.000000   20.000000   clock network delay (propagated)
                                 -0.250000   19.750002   clock uncertainty
                                  0.000000   19.750002   clock reconvergence pessimism
                                 -4.000000   15.750001   output external delay
                                             15.750001   data required time
---------------------------------------------------------------------------------------------
                                             15.750001   data required time
                                             -0.533547   data arrival time
---------------------------------------------------------------------------------------------
                                             15.216455   slack (MET)


Startpoint: _29_ (rising edge-triggered flip-flop clocked by clk)
Endpoint: uo_out[5] (output port clocked by clk)
Path Group: clk
Path Type: max

Fanout         Cap        Slew       Delay        Time   Description
---------------------------------------------------------------------------------------------
                                  0.000000    0.000000   clock clk (rise edge)
                                  0.000000    0.000000   clock source latency
     1    0.012691    0.047667    0.031787    0.031787 ^ clk (in)
                                                         clk (net)
                      0.047675    0.000000    0.031787 ^ clkbuf_0_clk/A (sky130_fd_sc_hd__clkbuf_16)
     2    0.019014    0.030554    0.088542    0.120329 ^ clkbuf_0_clk/X (sky130_fd_sc_hd__clkbuf_16)
                                                         clknet_0_clk (net)
                      0.030556    0.000469    0.120799 ^ clkbuf_1_0__f_clk/A (sky130_fd_sc_hd__clkbuf_16)
     3    0.009646    0.024286    0.077256    0.198054 ^ clkbuf_1_0__f_clk/X (sky130_fd_sc_hd__clkbuf_16)
                                                         clknet_1_0__leaf_clk (net)
                      0.024286    0.000174    0.198229 ^ _29_/CLK (sky130_fd_sc_hd__dfrtp_4)
     2    0.039464    0.075575    0.332707    0.530936 v _29_/Q (sky130_fd_sc_hd__dfrtp_4)
                                                         uo_out[5] (net)
                      0.075582    0.000804    0.531740 v uo_out[5] (out)
                                              0.531740   data arrival time

                                 20.000000   20.000000   clock clk (rise edge)
                                  0.000000   20.000000   clock network delay (propagated)
                                 -0.250000   19.750002   clock uncertainty
                                  0.000000   19.750002   clock reconvergence pessimism
                                 -4.000000   15.750001   output external delay
                                             15.750001   data required time
---------------------------------------------------------------------------------------------
                                             15.750001   data required time
                                             -0.531740   data arrival time
---------------------------------------------------------------------------------------------
                                             15.218261   slack (MET)


Startpoint: rst_n (input port clocked by clk)
Endpoint: _24_ (recovery check against rising-edge clock clk)
Path Group: asynchronous
Path Type: max

Fanout         Cap        Slew       Delay        Time   Description
---------------------------------------------------------------------------------------------
                                  0.000000    0.000000   clock clk (rise edge)
                                  0.000000    0.000000   clock network delay (propagated)
                                  4.000000    4.000000 ^ input external delay
     1    0.002380    0.012427    0.006141    4.006141 ^ rst_n (in)
                                                         rst_n (net)
                      0.012427    0.000000    4.006141 ^ input1/A (sky130_fd_sc_hd__buf_2)
     6    0.033834    0.126358    0.129937    4.136078 ^ input1/X (sky130_fd_sc_hd__buf_2)
                                                         net1 (net)
                      0.126405    0.002018    4.138096 ^ _24_/RESET_B (sky130_fd_sc_hd__dfrtp_4)
                                              4.138096   data arrival time

                                 20.000000   20.000000   clock clk (rise edge)
                                  0.000000   20.000000   clock source latency
     1    0.012691    0.047667    0.031786   20.031786 ^ clk (in)
                                                         clk (net)
                      0.047675    0.000000   20.031786 ^ clkbuf_0_clk/A (sky130_fd_sc_hd__clkbuf_16)
     2    0.019014    0.030554    0.088543   20.120329 ^ clkbuf_0_clk/X (sky130_fd_sc_hd__clkbuf_16)
                                                         clknet_0_clk (net)
                      0.030556    0.000478   20.120808 ^ clkbuf_1_1__f_clk/A (sky130_fd_sc_hd__clkbuf_16)
     3    0.008664    0.023626    0.076591   20.197397 ^ clkbuf_1_1__f_clk/X (sky130_fd_sc_hd__clkbuf_16)
                                                         clknet_1_1__leaf_clk (net)
                      0.023626    0.000234   20.197632 ^ _24_/CLK (sky130_fd_sc_hd__dfrtp_4)
                                 -0.250000   19.947634   clock uncertainty
                                  0.000000   19.947634   clock reconvergence pessimism
                                  0.099889   20.047522   library recovery time
                                             20.047522   data required time
---------------------------------------------------------------------------------------------
                                             20.047522   data required time
                                             -4.138096   data arrival time
---------------------------------------------------------------------------------------------
                                             15.909426   slack (MET)


Startpoint: rst_n (input port clocked by clk)
Endpoint: _29_ (recovery check against rising-edge clock clk)
Path Group: asynchronous
Path Type: max

Fanout         Cap        Slew       Delay        Time   Description
---------------------------------------------------------------------------------------------
                                  0.000000    0.000000   clock clk (rise edge)
                                  0.000000    0.000000   clock network delay (propagated)
                                  4.000000    4.000000 ^ input external delay
     1    0.002380    0.012427    0.006141    4.006141 ^ rst_n (in)
                                                         rst_n (net)
                      0.012427    0.000000    4.006141 ^ input1/A (sky130_fd_sc_hd__buf_2)
     6    0.033834    0.126358    0.129937    4.136078 ^ input1/X (sky130_fd_sc_hd__buf_2)
                                                         net1 (net)
                      0.126422    0.002355    4.138433 ^ _29_/RESET_B (sky130_fd_sc_hd__dfrtp_4)
                                              4.138433   data arrival time

                                 20.000000   20.000000   clock clk (rise edge)
                                  0.000000   20.000000   clock source latency
     1    0.012691    0.047667    0.031786   20.031786 ^ clk (in)
                                                         clk (net)
                      0.047675    0.000000   20.031786 ^ clkbuf_0_clk/A (sky130_fd_sc_hd__clkbuf_16)
     2    0.019014    0.030554    0.088543   20.120329 ^ clkbuf_0_clk/X (sky130_fd_sc_hd__clkbuf_16)
                                                         clknet_0_clk (net)
                      0.030556    0.000471   20.120800 ^ clkbuf_1_0__f_clk/A (sky130_fd_sc_hd__clkbuf_16)
     3    0.009646    0.024286    0.077256   20.198055 ^ clkbuf_1_0__f_clk/X (sky130_fd_sc_hd__clkbuf_16)
                                                         clknet_1_0__leaf_clk (net)
                      0.024286    0.000174   20.198229 ^ _29_/CLK (sky130_fd_sc_hd__dfrtp_4)
                                 -0.250000   19.948231   clock uncertainty
                                  0.000000   19.948231   clock reconvergence pessimism
                                  0.099987   20.048218   library recovery time
                                             20.048218   data required time
---------------------------------------------------------------------------------------------
                                             20.048218   data required time
                                             -4.138433   data arrival time
---------------------------------------------------------------------------------------------
                                             15.909784   slack (MET)


Startpoint: rst_n (input port clocked by clk)
Endpoint: _28_ (recovery check against rising-edge clock clk)
Path Group: asynchronous
Path Type: max

Fanout         Cap        Slew       Delay        Time   Description
---------------------------------------------------------------------------------------------
                                  0.000000    0.000000   clock clk (rise edge)
                                  0.000000    0.000000   clock network delay (propagated)
                                  4.000000    4.000000 ^ input external delay
     1    0.002380    0.012427    0.006141    4.006141 ^ rst_n (in)
                                                         rst_n (net)
                      0.012427    0.000000    4.006141 ^ input1/A (sky130_fd_sc_hd__buf_2)
     6    0.033834    0.126358    0.129937    4.136078 ^ input1/X (sky130_fd_sc_hd__buf_2)
                                                         net1 (net)
                      0.126422    0.002352    4.138430 ^ _28_/RESET_B (sky130_fd_sc_hd__dfrtp_4)
                                              4.138430   data arrival time

                                 20.000000   20.000000   clock clk (rise edge)
                                  0.000000   20.000000   clock source latency
     1    0.012691    0.047667    0.031786   20.031786 ^ clk (in)
                                                         clk (net)
                      0.047675    0.000000   20.031786 ^ clkbuf_0_clk/A (sky130_fd_sc_hd__clkbuf_16)
     2    0.019014    0.030554    0.088543   20.120329 ^ clkbuf_0_clk/X (sky130_fd_sc_hd__clkbuf_16)
                                                         clknet_0_clk (net)
                      0.030556    0.000471   20.120800 ^ clkbuf_1_0__f_clk/A (sky130_fd_sc_hd__clkbuf_16)
     3    0.009646    0.024286    0.077256   20.198055 ^ clkbuf_1_0__f_clk/X (sky130_fd_sc_hd__clkbuf_16)
                                                         clknet_1_0__leaf_clk (net)
                      0.024287    0.000327   20.198381 ^ _28_/CLK (sky130_fd_sc_hd__dfrtp_4)
                                 -0.250000   19.948383   clock uncertainty
                                  0.000000   19.948383   clock reconvergence pessimism
                                  0.099987   20.048370   library recovery time
                                             20.048370   data required time
---------------------------------------------------------------------------------------------
                                             20.048370   data required time
                                             -4.138430   data arrival time
---------------------------------------------------------------------------------------------
                                             15.909941   slack (MET)


Startpoint: rst_n (input port clocked by clk)
Endpoint: _25_ (recovery check against rising-edge clock clk)
Path Group: asynchronous
Path Type: max

Fanout         Cap        Slew       Delay        Time   Description
---------------------------------------------------------------------------------------------
                                  0.000000    0.000000   clock clk (rise edge)
                                  0.000000    0.000000   clock network delay (propagated)
                                  4.000000    4.000000 ^ input external delay
     1    0.002380    0.012427    0.006141    4.006141 ^ rst_n (in)
                                                         rst_n (net)
                      0.012427    0.000000    4.006141 ^ input1/A (sky130_fd_sc_hd__buf_2)
     6    0.033834    0.126358    0.129937    4.136078 ^ input1/X (sky130_fd_sc_hd__buf_2)
                                                         net1 (net)
                      0.126382    0.001452    4.137529 ^ _25_/RESET_B (sky130_fd_sc_hd__dfrtp_4)
                                              4.137529   data arrival time

                                 20.000000   20.000000   clock clk (rise edge)
                                  0.000000   20.000000   clock source latency
     1    0.012691    0.047667    0.031786   20.031786 ^ clk (in)
                                                         clk (net)
                      0.047675    0.000000   20.031786 ^ clkbuf_0_clk/A (sky130_fd_sc_hd__clkbuf_16)
     2    0.019014    0.030554    0.088543   20.120329 ^ clkbuf_0_clk/X (sky130_fd_sc_hd__clkbuf_16)
                                                         clknet_0_clk (net)
                      0.030556    0.000478   20.120808 ^ clkbuf_1_1__f_clk/A (sky130_fd_sc_hd__clkbuf_16)
     3    0.008664    0.023626    0.076591   20.197397 ^ clkbuf_1_1__f_clk/X (sky130_fd_sc_hd__clkbuf_16)
                                                         clknet_1_1__leaf_clk (net)
                      0.023626    0.000203   20.197601 ^ _25_/CLK (sky130_fd_sc_hd__dfrtp_4)
                                 -0.250000   19.947601   clock uncertainty
                                  0.000000   19.947601   clock reconvergence pessimism
                                  0.099896   20.047499   library recovery time
                                             20.047499   data required time
---------------------------------------------------------------------------------------------
                                             20.047499   data required time
                                             -4.137529   data arrival time
---------------------------------------------------------------------------------------------
                                             15.909969   slack (MET)


Startpoint: rst_n (input port clocked by clk)
Endpoint: _27_ (recovery check against rising-edge clock clk)
Path Group: asynchronous
Path Type: max

Fanout         Cap        Slew       Delay        Time   Description
---------------------------------------------------------------------------------------------
                                  0.000000    0.000000   clock clk (rise edge)
                                  0.000000    0.000000   clock network delay (propagated)
                                  4.000000    4.000000 ^ input external delay
     1    0.002380    0.012427    0.006141    4.006141 ^ rst_n (in)
                                                         rst_n (net)
                      0.012427    0.000000    4.006141 ^ input1/A (sky130_fd_sc_hd__buf_2)
     6    0.033834    0.126358    0.129937    4.136078 ^ input1/X (sky130_fd_sc_hd__buf_2)
                                                         net1 (net)
                      0.126415    0.002215    4.138293 ^ _27_/RESET_B (sky130_fd_sc_hd__dfrtp_4)
                                              4.138293   data arrival time

                                 20.000000   20.000000   clock clk (rise edge)
                                  0.000000   20.000000   clock source latency
     1    0.012691    0.047667    0.031786   20.031786 ^ clk (in)
                                                         clk (net)
                      0.047675    0.000000   20.031786 ^ clkbuf_0_clk/A (sky130_fd_sc_hd__clkbuf_16)
     2    0.019014    0.030554    0.088543   20.120329 ^ clkbuf_0_clk/X (sky130_fd_sc_hd__clkbuf_16)
                                                         clknet_0_clk (net)
                      0.030556    0.000471   20.120800 ^ clkbuf_1_0__f_clk/A (sky130_fd_sc_hd__clkbuf_16)
     3    0.009646    0.024286    0.077256   20.198055 ^ clkbuf_1_0__f_clk/X (sky130_fd_sc_hd__clkbuf_16)
                                                         clknet_1_0__leaf_clk (net)
                      0.024286    0.000277   20.198332 ^ _27_/CLK (sky130_fd_sc_hd__dfrtp_4)
                                 -0.250000   19.948334   clock uncertainty
                                  0.000000   19.948334   clock reconvergence pessimism
                                  0.099990   20.048323   library recovery time
                                             20.048323   data required time
---------------------------------------------------------------------------------------------
                                             20.048323   data required time
                                             -4.138293   data arrival time
---------------------------------------------------------------------------------------------
                                             15.910029   slack (MET)


Startpoint: rst_n (input port clocked by clk)
Endpoint: _26_ (recovery check against rising-edge clock clk)
Path Group: asynchronous
Path Type: max

Fanout         Cap        Slew       Delay        Time   Description
---------------------------------------------------------------------------------------------
                                  0.000000    0.000000   clock clk (rise edge)
                                  0.000000    0.000000   clock network delay (propagated)
                                  4.000000    4.000000 ^ input external delay
     1    0.002380    0.012427    0.006141    4.006141 ^ rst_n (in)
                                                         rst_n (net)
                      0.012427    0.000000    4.006141 ^ input1/A (sky130_fd_sc_hd__buf_2)
     6    0.033834    0.126358    0.129937    4.136078 ^ input1/X (sky130_fd_sc_hd__buf_2)
                                                         net1 (net)
                      0.126373    0.001146    4.137224 ^ _26_/RESET_B (sky130_fd_sc_hd__dfrtp_4)
                                              4.137224   data arrival time

                                 20.000000   20.000000   clock clk (rise edge)
                                  0.000000   20.000000   clock source latency
     1    0.012691    0.047667    0.031786   20.031786 ^ clk (in)
                                                         clk (net)
                      0.047675    0.000000   20.031786 ^ clkbuf_0_clk/A (sky130_fd_sc_hd__clkbuf_16)
     2    0.019014    0.030554    0.088543   20.120329 ^ clkbuf_0_clk/X (sky130_fd_sc_hd__clkbuf_16)
                                                         clknet_0_clk (net)
                      0.030556    0.000478   20.120808 ^ clkbuf_1_1__f_clk/A (sky130_fd_sc_hd__clkbuf_16)
     3    0.008664    0.023626    0.076591   20.197397 ^ clkbuf_1_1__f_clk/X (sky130_fd_sc_hd__clkbuf_16)
                                                         clknet_1_1__leaf_clk (net)
                      0.023626    0.000203   20.197601 ^ _26_/CLK (sky130_fd_sc_hd__dfrtp_4)
                                 -0.250000   19.947601   clock uncertainty
                                  0.000000   19.947601   clock reconvergence pessimism
                                  0.099899   20.047501   library recovery time
                                             20.047501   data required time
---------------------------------------------------------------------------------------------
                                             20.047501   data required time
                                             -4.137224   data arrival time
---------------------------------------------------------------------------------------------
                                             15.910276   slack (MET)


Startpoint: _26_ (rising edge-triggered flip-flop clocked by clk)
Endpoint: _28_ (rising edge-triggered flip-flop clocked by clk)
Path Group: clk
Path Type: max

Fanout         Cap        Slew       Delay        Time   Description
---------------------------------------------------------------------------------------------
                                  0.000000    0.000000   clock clk (rise edge)
                                  0.000000    0.000000   clock source latency
     1    0.012691    0.047667    0.031787    0.031787 ^ clk (in)
                                                         clk (net)
                      0.047675    0.000000    0.031787 ^ clkbuf_0_clk/A (sky130_fd_sc_hd__clkbuf_16)
     2    0.019014    0.030554    0.088542    0.120329 ^ clkbuf_0_clk/X (sky130_fd_sc_hd__clkbuf_16)
                                                         clknet_0_clk (net)
                      0.030556    0.000477    0.120806 ^ clkbuf_1_1__f_clk/A (sky130_fd_sc_hd__clkbuf_16)
     3    0.008664    0.023626    0.076593    0.197398 ^ clkbuf_1_1__f_clk/X (sky130_fd_sc_hd__clkbuf_16)
                                                         clknet_1_1__leaf_clk (net)
                      0.023626    0.000201    0.197599 ^ _26_/CLK (sky130_fd_sc_hd__dfrtp_4)
     4    0.048072    0.084667    0.341192    0.538792 v _26_/Q (sky130_fd_sc_hd__dfrtp_4)
                                                         uo_out[2] (net)
                      0.084738    0.002234    0.541026 v _17_/C (sky130_fd_sc_hd__and4_1)
     3    0.009382    0.048007    0.160507    0.701533 v _17_/X (sky130_fd_sc_hd__and4_1)
                                                         _08_ (net)
                      0.048009    0.000375    0.701908 v _21_/B (sky130_fd_sc_hd__or2_1)
     1    0.001843    0.028918    0.118886    0.820793 v _21_/X (sky130_fd_sc_hd__or2_1)
                                                         _11_ (net)
                      0.028918    0.000036    0.820830 v _22_/B (sky130_fd_sc_hd__and2_1)
     1    0.002706    0.024954    0.093478    0.914308 v _22_/X (sky130_fd_sc_hd__and2_1)
                                                         _04_ (net)
                      0.024954    0.000080    0.914388 v _28_/D (sky130_fd_sc_hd__dfrtp_4)
                                              0.914388   data arrival time

                                 20.000000   20.000000   clock clk (rise edge)
                                  0.000000   20.000000   clock source latency
     1    0.012691    0.047667    0.031786   20.031786 ^ clk (in)
                                                         clk (net)
                      0.047675    0.000000   20.031786 ^ clkbuf_0_clk/A (sky130_fd_sc_hd__clkbuf_16)
     2    0.019014    0.030554    0.088543   20.120329 ^ clkbuf_0_clk/X (sky130_fd_sc_hd__clkbuf_16)
                                                         clknet_0_clk (net)
                      0.030556    0.000471   20.120800 ^ clkbuf_1_0__f_clk/A (sky130_fd_sc_hd__clkbuf_16)
     3    0.009646    0.024286    0.077256   20.198055 ^ clkbuf_1_0__f_clk/X (sky130_fd_sc_hd__clkbuf_16)
                                                         clknet_1_0__leaf_clk (net)
                      0.024287    0.000327   20.198381 ^ _28_/CLK (sky130_fd_sc_hd__dfrtp_4)
                                 -0.250000   19.948383   clock uncertainty
                                  0.000000   19.948383   clock reconvergence pessimism
                                 -0.070704   19.877678   library setup time
                                             19.877678   data required time
---------------------------------------------------------------------------------------------
                                             19.877678   data required time
                                             -0.914388   data arrival time
---------------------------------------------------------------------------------------------
                                             18.963289   slack (MET)


Startpoint: _26_ (rising edge-triggered flip-flop clocked by clk)
Endpoint: _29_ (rising edge-triggered flip-flop clocked by clk)
Path Group: clk
Path Type: max

Fanout         Cap        Slew       Delay        Time   Description
---------------------------------------------------------------------------------------------
                                  0.000000    0.000000   clock clk (rise edge)
                                  0.000000    0.000000   clock source latency
     1    0.012691    0.047667    0.031787    0.031787 ^ clk (in)
                                                         clk (net)
                      0.047675    0.000000    0.031787 ^ clkbuf_0_clk/A (sky130_fd_sc_hd__clkbuf_16)
     2    0.019014    0.030554    0.088542    0.120329 ^ clkbuf_0_clk/X (sky130_fd_sc_hd__clkbuf_16)
                                                         clknet_0_clk (net)
                      0.030556    0.000477    0.120806 ^ clkbuf_1_1__f_clk/A (sky130_fd_sc_hd__clkbuf_16)
     3    0.008664    0.023626    0.076593    0.197398 ^ clkbuf_1_1__f_clk/X (sky130_fd_sc_hd__clkbuf_16)
                                                         clknet_1_1__leaf_clk (net)
                      0.023626    0.000201    0.197599 ^ _26_/CLK (sky130_fd_sc_hd__dfrtp_4)
     4    0.048072    0.084667    0.341192    0.538792 v _26_/Q (sky130_fd_sc_hd__dfrtp_4)
                                                         uo_out[2] (net)
                      0.084738    0.002234    0.541026 v _17_/C (sky130_fd_sc_hd__and4_1)
     3    0.009382    0.048007    0.160507    0.701533 v _17_/X (sky130_fd_sc_hd__and4_1)
                                                         _08_ (net)
                      0.048009    0.000402    0.701935 v _20_/B (sky130_fd_sc_hd__nand2_1)
     2    0.006689    0.057259    0.067846    0.769781 ^ _20_/Y (sky130_fd_sc_hd__nand2_1)
                                                         _10_ (net)
                      0.057259    0.000157    0.769938 ^ _23_/B (sky130_fd_sc_hd__xnor2_1)
     1    0.005239    0.115254    0.084375    0.854313 ^ _23_/Y (sky130_fd_sc_hd__xnor2_1)
                                                         _05_ (net)
                      0.115254    0.000180    0.854493 ^ _29_/D (sky130_fd_sc_hd__dfrtp_4)
                                              0.854493   data arrival time

                                 20.000000   20.000000   clock clk (rise edge)
                                  0.000000   20.000000   clock source latency
     1    0.012691    0.047667    0.031786   20.031786 ^ clk (in)
                                                         clk (net)
                      0.047675    0.000000   20.031786 ^ clkbuf_0_clk/A (sky130_fd_sc_hd__clkbuf_16)
     2    0.019014    0.030554    0.088543   20.120329 ^ clkbuf_0_clk/X (sky130_fd_sc_hd__clkbuf_16)
                                                         clknet_0_clk (net)
                      0.030556    0.000471   20.120800 ^ clkbuf_1_0__f_clk/A (sky130_fd_sc_hd__clkbuf_16)
     3    0.009646    0.024286    0.077256   20.198055 ^ clkbuf_1_0__f_clk/X (sky130_fd_sc_hd__clkbuf_16)
                                                         clknet_1_0__leaf_clk (net)
                      0.024286    0.000174   20.198229 ^ _29_/CLK (sky130_fd_sc_hd__dfrtp_4)
                                 -0.250000   19.948231   clock uncertainty
                                  0.000000   19.948231   clock reconvergence pessimism
                                 -0.046205   19.902025   library setup time
                                             19.902025   data required time
---------------------------------------------------------------------------------------------
                                             19.902025   data required time
                                             -0.854493   data arrival time
---------------------------------------------------------------------------------------------
                                             19.047533   slack (MET)


Startpoint: _26_ (rising edge-triggered flip-flop clocked by clk)
Endpoint: _27_ (rising edge-triggered flip-flop clocked by clk)
Path Group: clk
Path Type: max

Fanout         Cap        Slew       Delay        Time   Description
---------------------------------------------------------------------------------------------
                                  0.000000    0.000000   clock clk (rise edge)
                                  0.000000    0.000000   clock source latency
     1    0.012691    0.047667    0.031787    0.031787 ^ clk (in)
                                                         clk (net)
                      0.047675    0.000000    0.031787 ^ clkbuf_0_clk/A (sky130_fd_sc_hd__clkbuf_16)
     2    0.019014    0.030554    0.088542    0.120329 ^ clkbuf_0_clk/X (sky130_fd_sc_hd__clkbuf_16)
                                                         clknet_0_clk (net)
                      0.030556    0.000477    0.120806 ^ clkbuf_1_1__f_clk/A (sky130_fd_sc_hd__clkbuf_16)
     3    0.008664    0.023626    0.076593    0.197398 ^ clkbuf_1_1__f_clk/X (sky130_fd_sc_hd__clkbuf_16)
                                                         clknet_1_1__leaf_clk (net)
                      0.023626    0.000201    0.197599 ^ _26_/CLK (sky130_fd_sc_hd__dfrtp_4)
     4    0.048072    0.084667    0.341192    0.538792 v _26_/Q (sky130_fd_sc_hd__dfrtp_4)
                                                         uo_out[2] (net)
                      0.084738    0.002234    0.541026 v _17_/C (sky130_fd_sc_hd__and4_1)
     3    0.009382    0.048007    0.160507    0.701533 v _17_/X (sky130_fd_sc_hd__and4_1)
                                                         _08_ (net)
                      0.048007    0.000271    0.701804 v _19_/A_N (sky130_fd_sc_hd__and2b_1)
     1    0.002859    0.029818    0.122377    0.824181 ^ _19_/X (sky130_fd_sc_hd__and2b_1)
                                                         _03_ (net)
                      0.029818    0.000086    0.824267 ^ _27_/D (sky130_fd_sc_hd__dfrtp_4)
                                              0.824267   data arrival time

                                 20.000000   20.000000   clock clk (rise edge)
                                  0.000000   20.000000   clock source latency
     1    0.012691    0.047667    0.031786   20.031786 ^ clk (in)
                                                         clk (net)
                      0.047675    0.000000   20.031786 ^ clkbuf_0_clk/A (sky130_fd_sc_hd__clkbuf_16)
     2    0.019014    0.030554    0.088543   20.120329 ^ clkbuf_0_clk/X (sky130_fd_sc_hd__clkbuf_16)
                                                         clknet_0_clk (net)
                      0.030556    0.000471   20.120800 ^ clkbuf_1_0__f_clk/A (sky130_fd_sc_hd__clkbuf_16)
     3    0.009646    0.024286    0.077256   20.198055 ^ clkbuf_1_0__f_clk/X (sky130_fd_sc_hd__clkbuf_16)
                                                         clknet_1_0__leaf_clk (net)
                      0.024286    0.000277   20.198332 ^ _27_/CLK (sky130_fd_sc_hd__dfrtp_4)
                                 -0.250000   19.948334   clock uncertainty
                                  0.000000   19.948334   clock reconvergence pessimism
                                 -0.037649   19.910685   library setup time
                                             19.910685   data required time
---------------------------------------------------------------------------------------------
                                             19.910685   data required time
                                             -0.824267   data arrival time
---------------------------------------------------------------------------------------------
                                             19.086418   slack (MET)


Startpoint: _25_ (rising edge-triggered flip-flop clocked by clk)
Endpoint: _25_ (rising edge-triggered flip-flop clocked by clk)
Path Group: clk
Path Type: max

Fanout         Cap        Slew       Delay        Time   Description
---------------------------------------------------------------------------------------------
                                  0.000000    0.000000   clock clk (rise edge)
                                  0.000000    0.000000   clock source latency
     1    0.012691    0.047667    0.031787    0.031787 ^ clk (in)
                                                         clk (net)
                      0.047675    0.000000    0.031787 ^ clkbuf_0_clk/A (sky130_fd_sc_hd__clkbuf_16)
     2    0.019014    0.030554    0.088542    0.120329 ^ clkbuf_0_clk/X (sky130_fd_sc_hd__clkbuf_16)
                                                         clknet_0_clk (net)
                      0.030556    0.000477    0.120806 ^ clkbuf_1_1__f_clk/A (sky130_fd_sc_hd__clkbuf_16)
     3    0.008664    0.023626    0.076593    0.197398 ^ clkbuf_1_1__f_clk/X (sky130_fd_sc_hd__clkbuf_16)
                                                         clknet_1_1__leaf_clk (net)
                      0.023626    0.000203    0.197601 ^ _25_/CLK (sky130_fd_sc_hd__dfrtp_4)
     5    0.044690    0.081098    0.337949    0.535550 v _25_/Q (sky130_fd_sc_hd__dfrtp_4)
                                                         uo_out[1] (net)
                      0.081112    0.001070    0.536620 v _14_/A (sky130_fd_sc_hd__or2_1)
     1    0.001777    0.028748    0.141215    0.677834 v _14_/X (sky130_fd_sc_hd__or2_1)
                                                         _07_ (net)
                      0.028748    0.000035    0.677869 v _15_/B (sky130_fd_sc_hd__and2_1)
     1    0.003788    0.028407    0.097883    0.775752 v _15_/X (sky130_fd_sc_hd__and2_1)
                                                         _01_ (net)
                      0.028407    0.000125    0.775877 v _25_/D (sky130_fd_sc_hd__dfrtp_4)
                                              0.775877   data arrival time

                                 20.000000   20.000000   clock clk (rise edge)
                                  0.000000   20.000000   clock source latency
     1    0.012691    0.047667    0.031786   20.031786 ^ clk (in)
                                                         clk (net)
                      0.047675    0.000000   20.031786 ^ clkbuf_0_clk/A (sky130_fd_sc_hd__clkbuf_16)
     2    0.019014    0.030554    0.088543   20.120329 ^ clkbuf_0_clk/X (sky130_fd_sc_hd__clkbuf_16)
                                                         clknet_0_clk (net)
                      0.030556    0.000478   20.120808 ^ clkbuf_1_1__f_clk/A (sky130_fd_sc_hd__clkbuf_16)
     3    0.008664    0.023626    0.076591   20.197397 ^ clkbuf_1_1__f_clk/X (sky130_fd_sc_hd__clkbuf_16)
                                                         clknet_1_1__leaf_clk (net)
                      0.023626    0.000203   20.197601 ^ _25_/CLK (sky130_fd_sc_hd__dfrtp_4)
                                 -0.250000   19.947601   clock uncertainty
                                  0.000000   19.947601   clock reconvergence pessimism
                                 -0.071999   19.875603   library setup time
                                             19.875603   data required time
---------------------------------------------------------------------------------------------
                                             19.875603   data required time
                                             -0.775877   data arrival time
---------------------------------------------------------------------------------------------
                                             19.099726   slack (MET)


Startpoint: _24_ (rising edge-triggered flip-flop clocked by clk)
Endpoint: _26_ (rising edge-triggered flip-flop clocked by clk)
Path Group: clk
Path Type: max

Fanout         Cap        Slew       Delay        Time   Description
---------------------------------------------------------------------------------------------
                                  0.000000    0.000000   clock clk (rise edge)
                                  0.000000    0.000000   clock source latency
     1    0.012691    0.047667    0.031787    0.031787 ^ clk (in)
                                                         clk (net)
                      0.047675    0.000000    0.031787 ^ clkbuf_0_clk/A (sky130_fd_sc_hd__clkbuf_16)
     2    0.019014    0.030554    0.088542    0.120329 ^ clkbuf_0_clk/X (sky130_fd_sc_hd__clkbuf_16)
                                                         clknet_0_clk (net)
                      0.030556    0.000477    0.120806 ^ clkbuf_1_1__f_clk/A (sky130_fd_sc_hd__clkbuf_16)
     3    0.008664    0.023626    0.076593    0.197398 ^ clkbuf_1_1__f_clk/X (sky130_fd_sc_hd__clkbuf_16)
                                                         clknet_1_1__leaf_clk (net)
                      0.023626    0.000233    0.197631 ^ _24_/CLK (sky130_fd_sc_hd__dfrtp_4)
     6    0.048682    0.084933    0.342824    0.540455 v _24_/Q (sky130_fd_sc_hd__dfrtp_4)
                                                         uo_out[0] (net)
                      0.084944    0.000975    0.541430 v _13_/B (sky130_fd_sc_hd__nand2_1)
     2    0.008103    0.069745    0.089708    0.631138 ^ _13_/Y (sky130_fd_sc_hd__nand2_1)
                                                         _06_ (net)
                      0.069745    0.000222    0.631360 ^ _16_/B (sky130_fd_sc_hd__xnor2_1)
     1    0.003588    0.093423    0.076179    0.707539 ^ _16_/Y (sky130_fd_sc_hd__xnor2_1)
                                                         _02_ (net)
                      0.093423    0.000108    0.707647 ^ _26_/D (sky130_fd_sc_hd__dfrtp_4)
                                              0.707647   data arrival time

                                 20.000000   20.000000   clock clk (rise edge)
                                  0.000000   20.000000   clock source latency
     1    0.012691    0.047667    0.031786   20.031786 ^ clk (in)
                                                         clk (net)
                      0.047675    0.000000   20.031786 ^ clkbuf_0_clk/A (sky130_fd_sc_hd__clkbuf_16)
     2    0.019014    0.030554    0.088543   20.120329 ^ clkbuf_0_clk/X (sky130_fd_sc_hd__clkbuf_16)
                                                         clknet_0_clk (net)
                      0.030556    0.000478   20.120808 ^ clkbuf_1_1__f_clk/A (sky130_fd_sc_hd__clkbuf_16)
     3    0.008664    0.023626    0.076591   20.197397 ^ clkbuf_1_1__f_clk/X (sky130_fd_sc_hd__clkbuf_16)
                                                         clknet_1_1__leaf_clk (net)
                      0.023626    0.000203   20.197601 ^ _26_/CLK (sky130_fd_sc_hd__dfrtp_4)
                                 -0.250000   19.947601   clock uncertainty
                                  0.000000   19.947601   clock reconvergence pessimism
                                 -0.044046   19.903557   library setup time
                                             19.903557   data required time
---------------------------------------------------------------------------------------------
                                             19.903557   data required time
                                             -0.707647   data arrival time
---------------------------------------------------------------------------------------------
                                             19.195910   slack (MET)


Startpoint: _24_ (rising edge-triggered flip-flop clocked by clk)
Endpoint: _24_ (rising edge-triggered flip-flop clocked by clk)
Path Group: clk
Path Type: max

Fanout         Cap        Slew       Delay        Time   Description
---------------------------------------------------------------------------------------------
                                  0.000000    0.000000   clock clk (rise edge)
                                  0.000000    0.000000   clock source latency
     1    0.012691    0.047667    0.031787    0.031787 ^ clk (in)
                                                         clk (net)
                      0.047675    0.000000    0.031787 ^ clkbuf_0_clk/A (sky130_fd_sc_hd__clkbuf_16)
     2    0.019014    0.030554    0.088542    0.120329 ^ clkbuf_0_clk/X (sky130_fd_sc_hd__clkbuf_16)
                                                         clknet_0_clk (net)
                      0.030556    0.000477    0.120806 ^ clkbuf_1_1__f_clk/A (sky130_fd_sc_hd__clkbuf_16)
     3    0.008664    0.023626    0.076593    0.197398 ^ clkbuf_1_1__f_clk/X (sky130_fd_sc_hd__clkbuf_16)
                                                         clknet_1_1__leaf_clk (net)
                      0.023626    0.000233    0.197631 ^ _24_/CLK (sky130_fd_sc_hd__dfrtp_4)
     6    0.048682    0.084933    0.342824    0.540455 v _24_/Q (sky130_fd_sc_hd__dfrtp_4)
                                                         uo_out[0] (net)
                      0.084944    0.000986    0.541441 v _12_/A (sky130_fd_sc_hd__inv_2)
     1    0.002706    0.026328    0.042764    0.584205 ^ _12_/Y (sky130_fd_sc_hd__inv_2)
                                                         _00_ (net)
                      0.026329    0.000079    0.584285 ^ _24_/D (sky130_fd_sc_hd__dfrtp_4)
                                              0.584285   data arrival time

                                 20.000000   20.000000   clock clk (rise edge)
                                  0.000000   20.000000   clock source latency
     1    0.012691    0.047667    0.031786   20.031786 ^ clk (in)
                                                         clk (net)
                      0.047675    0.000000   20.031786 ^ clkbuf_0_clk/A (sky130_fd_sc_hd__clkbuf_16)
     2    0.019014    0.030554    0.088543   20.120329 ^ clkbuf_0_clk/X (sky130_fd_sc_hd__clkbuf_16)
                                                         clknet_0_clk (net)
                      0.030556    0.000478   20.120808 ^ clkbuf_1_1__f_clk/A (sky130_fd_sc_hd__clkbuf_16)
     3    0.008664    0.023626    0.076591   20.197397 ^ clkbuf_1_1__f_clk/X (sky130_fd_sc_hd__clkbuf_16)
                                                         clknet_1_1__leaf_clk (net)
                      0.023626    0.000234   20.197632 ^ _24_/CLK (sky130_fd_sc_hd__dfrtp_4)
                                 -0.250000   19.947634   clock uncertainty
                                  0.000000   19.947634   clock reconvergence pessimism
                                 -0.037324   19.910311   library setup time
                                             19.910311   data required time
---------------------------------------------------------------------------------------------
                                             19.910311   data required time
                                             -0.584285   data arrival time
---------------------------------------------------------------------------------------------
                                             19.326025   slack (MET)



%OL_END_REPORT
%OL_CREATE_REPORT checks.rpt

===========================================================================
report_checks -unconstrained
===========================================================================
======================= nom_ff_n40C_1v95 Corner ===================================

Startpoint: rst_n (input port clocked by clk)
Endpoint: _24_ (recovery check against rising-edge clock clk)
Path Group: asynchronous
Path Type: max

Fanout         Cap        Slew       Delay        Time   Description
---------------------------------------------------------------------------------------------
                                  0.000000    0.000000   clock clk (rise edge)
                                  0.000000    0.000000   clock network delay (propagated)
                                  4.000000    4.000000 ^ input external delay
     1    0.002380    0.012427    0.006141    4.006141 ^ rst_n (in)
                                                         rst_n (net)
                      0.012427    0.000000    4.006141 ^ input1/A (sky130_fd_sc_hd__buf_2)
     6    0.033834    0.126358    0.129937    4.136078 ^ input1/X (sky130_fd_sc_hd__buf_2)
                                                         net1 (net)
                      0.126405    0.002018    4.138096 ^ _24_/RESET_B (sky130_fd_sc_hd__dfrtp_4)
                                              4.138096   data arrival time

                                 20.000000   20.000000   clock clk (rise edge)
                                  0.000000   20.000000   clock source latency
     1    0.012691    0.047667    0.031786   20.031786 ^ clk (in)
                                                         clk (net)
                      0.047675    0.000000   20.031786 ^ clkbuf_0_clk/A (sky130_fd_sc_hd__clkbuf_16)
     2    0.019014    0.030554    0.088543   20.120329 ^ clkbuf_0_clk/X (sky130_fd_sc_hd__clkbuf_16)
                                                         clknet_0_clk (net)
                      0.030556    0.000478   20.120808 ^ clkbuf_1_1__f_clk/A (sky130_fd_sc_hd__clkbuf_16)
     3    0.008664    0.023626    0.076591   20.197397 ^ clkbuf_1_1__f_clk/X (sky130_fd_sc_hd__clkbuf_16)
                                                         clknet_1_1__leaf_clk (net)
                      0.023626    0.000234   20.197632 ^ _24_/CLK (sky130_fd_sc_hd__dfrtp_4)
                                 -0.250000   19.947634   clock uncertainty
                                  0.000000   19.947634   clock reconvergence pessimism
                                  0.099889   20.047522   library recovery time
                                             20.047522   data required time
---------------------------------------------------------------------------------------------
                                             20.047522   data required time
                                             -4.138096   data arrival time
---------------------------------------------------------------------------------------------
                                             15.909426   slack (MET)


Startpoint: _24_ (rising edge-triggered flip-flop clocked by clk)
Endpoint: uo_out[0] (output port clocked by clk)
Path Group: clk
Path Type: max

Fanout         Cap        Slew       Delay        Time   Description
---------------------------------------------------------------------------------------------
                                  0.000000    0.000000   clock clk (rise edge)
                                  0.000000    0.000000   clock source latency
     1    0.012691    0.047667    0.031787    0.031787 ^ clk (in)
                                                         clk (net)
                      0.047675    0.000000    0.031787 ^ clkbuf_0_clk/A (sky130_fd_sc_hd__clkbuf_16)
     2    0.019014    0.030554    0.088542    0.120329 ^ clkbuf_0_clk/X (sky130_fd_sc_hd__clkbuf_16)
                                                         clknet_0_clk (net)
                      0.030556    0.000477    0.120806 ^ clkbuf_1_1__f_clk/A (sky130_fd_sc_hd__clkbuf_16)
     3    0.008664    0.023626    0.076593    0.197398 ^ clkbuf_1_1__f_clk/X (sky130_fd_sc_hd__clkbuf_16)
                                                         clknet_1_1__leaf_clk (net)
                      0.023626    0.000233    0.197631 ^ _24_/CLK (sky130_fd_sc_hd__dfrtp_4)
     6    0.048682    0.084933    0.342824    0.540455 v _24_/Q (sky130_fd_sc_hd__dfrtp_4)
                                                         uo_out[0] (net)
                      0.084952    0.001214    0.541670 v uo_out[0] (out)
                                              0.541670   data arrival time

                                 20.000000   20.000000   clock clk (rise edge)
                                  0.000000   20.000000   clock network delay (propagated)
                                 -0.250000   19.750002   clock uncertainty
                                  0.000000   19.750002   clock reconvergence pessimism
                                 -4.000000   15.750001   output external delay
                                             15.750001   data required time
---------------------------------------------------------------------------------------------
                                             15.750001   data required time
                                             -0.541670   data arrival time
---------------------------------------------------------------------------------------------
                                             15.208331   slack (MET)




===========================================================================
report_checks --slack_max -0.01
============================================================================
======================= nom_ff_n40C_1v95 Corner ===================================

No paths found.


===========================================================================
 report_check_types -max_slew -max_cap -max_fanout -violators
============================================================================
======================= nom_ff_n40C_1v95 Corner ===================================



===========================================================================
report_parasitic_annotation -report_unannotated
============================================================================
Found 35 unannotated drivers.
 ena
 ui_in[0]
 ui_in[1]
 ui_in[2]
 ui_in[3]
 ui_in[4]
 ui_in[5]
 ui_in[6]
 ui_in[7]
 uio_in[0]
 uio_in[1]
 uio_in[2]
 uio_in[3]
 uio_in[4]
 uio_in[5]
 uio_in[6]
 uio_in[7]
 tt_um_josue_olivos_6bit_counter_10/HI
 tt_um_josue_olivos_6bit_counter_11/HI
 tt_um_josue_olivos_6bit_counter_12/HI
 tt_um_josue_olivos_6bit_counter_13/HI
 tt_um_josue_olivos_6bit_counter_14/HI
 tt_um_josue_olivos_6bit_counter_15/HI
 tt_um_josue_olivos_6bit_counter_16/HI
 tt_um_josue_olivos_6bit_counter_17/HI
 tt_um_josue_olivos_6bit_counter_18/HI
 tt_um_josue_olivos_6bit_counter_19/HI
 tt_um_josue_olivos_6bit_counter_2/HI
 tt_um_josue_olivos_6bit_counter_3/HI
 tt_um_josue_olivos_6bit_counter_4/HI
 tt_um_josue_olivos_6bit_counter_5/HI
 tt_um_josue_olivos_6bit_counter_6/HI
 tt_um_josue_olivos_6bit_counter_7/HI
 tt_um_josue_olivos_6bit_counter_8/HI
 tt_um_josue_olivos_6bit_counter_9/HI
Found 0 partially unannotated drivers.

===========================================================================
max slew violation count 0
%OL_METRIC_I design__max_slew_violation__count__corner:nom_ff_n40C_1v95 0
max fanout violation count 0
%OL_METRIC_I design__max_fanout_violation__count__corner:nom_ff_n40C_1v95 0
max cap violation count 0
%OL_METRIC_I design__max_cap_violation__count__corner:nom_ff_n40C_1v95 0
============================================================================

===========================================================================
check_setup -verbose -unconstrained_endpoints -multiple_clock -no_clock -no_input_delay -loops -generated_clocks
===========================================================================
Warning: There are 18 unconstrained endpoints.
  uio_oe[0]
  uio_oe[1]
  uio_oe[2]
  uio_oe[3]
  uio_oe[4]
  uio_oe[5]
  uio_oe[6]
  uio_oe[7]
  uio_out[0]
  uio_out[1]
  uio_out[2]
  uio_out[3]
  uio_out[4]
  uio_out[5]
  uio_out[6]
  uio_out[7]
  uo_out[6]
  uo_out[7]
%OL_END_REPORT
%OL_CREATE_REPORT power.rpt

===========================================================================
 report_power
============================================================================
======================= nom_ff_n40C_1v95 Corner ===================================

Group                    Internal    Switching      Leakage        Total
                            Power        Power        Power        Power (Watts)
------------------------------------------------------------------------
Sequential           1.420925e-05 0.000000e+00 1.757095e-10 1.420943e-05  27.9%
Combinational        7.952544e-08 3.216338e-07 1.352699e-10 4.012945e-07   0.8%
Clock                2.930846e-05 7.096011e-06 1.396827e-09 3.640587e-05  71.4%
Macro                0.000000e+00 0.000000e+00 0.000000e+00 0.000000e+00   0.0%
Pad                  0.000000e+00 0.000000e+00 0.000000e+00 0.000000e+00   0.0%
------------------------------------------------------------------------
Total                4.359724e-05 7.417645e-06 1.707806e-09 5.101660e-05 100.0%
                            85.5%        14.5%         0.0%
%OL_METRIC_F power__internal__total 4.3597243347903714e-5
%OL_METRIC_F power__switching__total 7.417645065288525e-6
%OL_METRIC_F power__leakage__total 1.7078062297670726e-9
%OL_METRIC_F power__total 5.1016595534747466e-5

%OL_END_REPORT
%OL_CREATE_REPORT skew.min.rpt

===========================================================================
Clock Skew (Hold)
============================================================================
%OL_METRIC_F clock__skew__worst_hold__corner:nom_ff_n40C_1v95 -0.250782485209886
======================= nom_ff_n40C_1v95 Corner ===================================

Clock clk
0.197599 source latency _26_/CLK ^
-0.198382 target latency _28_/CLK ^
-0.250000 clock uncertainty
0.000000 CRPR
--------------
-0.250782 hold skew

%OL_END_REPORT
%OL_CREATE_REPORT skew.max.rpt

===========================================================================
Clock Skew (Setup)
============================================================================
%OL_METRIC_F clock__skew__worst_setup__corner:nom_ff_n40C_1v95 0.25015346058191895
======================= nom_ff_n40C_1v95 Corner ===================================

Clock clk
0.198382 source latency _28_/CLK ^
-0.198229 target latency _29_/CLK ^
0.250000 clock uncertainty
0.000000 CRPR
--------------
0.250153 setup skew

%OL_END_REPORT
%OL_CREATE_REPORT ws.min.rpt

===========================================================================
Worst Slack (Hold)
============================================================================
%OL_METRIC_F timing__hold__ws__corner:nom_ff_n40C_1v95 0.10689568976992736
nom_ff_n40C_1v95: 0.10689568976992736
%OL_END_REPORT
%OL_CREATE_REPORT ws.max.rpt

===========================================================================
Worst Slack (Setup)
============================================================================
%OL_METRIC_F timing__setup__ws__corner:nom_ff_n40C_1v95 15.208331024994562
nom_ff_n40C_1v95: 15.208331024994562
%OL_END_REPORT
%OL_CREATE_REPORT tns.min.rpt

===========================================================================
Total Negative Slack (Hold)
============================================================================
%OL_METRIC_F timing__hold__tns__corner:nom_ff_n40C_1v95 0.0
nom_ff_n40C_1v95: 0.0
%OL_END_REPORT
%OL_CREATE_REPORT tns.max.rpt

===========================================================================
Total Negative Slack (Setup)
============================================================================
%OL_METRIC_F timing__setup__tns__corner:nom_ff_n40C_1v95 0.0
nom_ff_n40C_1v95: 0.0
%OL_END_REPORT
%OL_CREATE_REPORT wns.min.rpt

===========================================================================
Worst Negative Slack (Hold)
============================================================================
%OL_METRIC_F timing__hold__wns__corner:nom_ff_n40C_1v95 0
nom_ff_n40C_1v95: 0
%OL_END_REPORT
%OL_CREATE_REPORT wns.max.rpt

===========================================================================
Worst Negative Slack (Setup)
============================================================================
%OL_METRIC_F timing__setup__wns__corner:nom_ff_n40C_1v95 0.0
nom_ff_n40C_1v95: 0.0
%OL_END_REPORT
%OL_CREATE_REPORT violator_list.rpt

===========================================================================
Violator List
============================================================================
%OL_METRIC_I timing__hold_vio__count__corner:nom_ff_n40C_1v95 0
%OL_METRIC_F timing__hold_r2r__ws__corner:nom_ff_n40C_1v95 0.106896
%OL_METRIC_I timing__hold_r2r_vio__count__corner:nom_ff_n40C_1v95 0
%OL_METRIC_I timing__setup_vio__count__corner:nom_ff_n40C_1v95 0
%OL_METRIC_F timing__setup_r2r__ws__corner:nom_ff_n40C_1v95 18.963289
%OL_METRIC_I timing__setup_r2r_vio__count__corner:nom_ff_n40C_1v95 0
%OL_END_REPORT
%OL_CREATE_REPORT unpropagated.rpt
%OL_END_REPORT
%OL_CREATE_REPORT clock.rpt
Clock: clk
Sources: clk 
Generated: no
Virtual: yes
Propagated: no
Period: 20.000000

===========================================================================
report_clock_properties
============================================================================
Clock                   Period          Waveform
----------------------------------------------------
clk                  20.000000    0.000000 10.000000

===========================================================================
report_clock_latency
============================================================================
Clock clk
rise -> rise
    min     max
0.000000 0.000000 source latency
0.197599         network latency _26_/CLK
        0.198382 network latency _28_/CLK
---------------
0.197599 0.198382 latency
        0.000782 skew

fall -> fall
    min     max
0.000000 0.000000 source latency
0.194317         network latency _26_/CLK
        0.195002 network latency _28_/CLK
---------------
0.194317 0.195002 latency
        0.000686 skew



===========================================================================
report_clock_min_period
============================================================================
clk period_min = 1.04 fmax = 964.59
%OL_END_REPORT
Writing SDF files for all corners…
Removing Clock latencies before writing libs…
Writing timing models for all corners…
Writing timing models for the nom_ff_n40C_1v95 corner to /workspaces/tt-verilog-test-counter/runs/wokwi/54-openroad-stapostpnr/nom_ff_n40C_1v95/tt_um_josue_olivos_6bit_counter__nom_ff_n40C_1v95.lib…
