Reading timing models for corner max_ss_100C_1v60…
Reading cell library for the 'max_ss_100C_1v60' corner at '/home/vscode/ttsetup/pdk/ciel/sky130/versions/0fe599b2afb6708d281543108caf8310912f54af/sky130A/libs.ref/sky130_fd_sc_hd/lib/sky130_fd_sc_hd__ss_100C_1v60.lib'…
Reading top-level netlist at '/workspaces/tt-verilog-test-counter/runs/wokwi/51-openroad-fillinsertion/tt_um_josue_olivos_6bit_counter.nl.v'…
Linking design 'tt_um_josue_olivos_6bit_counter' from netlist…
Warning: /workspaces/tt-verilog-test-counter/runs/wokwi/51-openroad-fillinsertion/tt_um_josue_olivos_6bit_counter.nl.v line 213, module sky130_fd_sc_hd__tapvpwrvgnd_1 not found. Creating black box for TAP_TAPCELL_ROW_0_78.
Warning: /workspaces/tt-verilog-test-counter/runs/wokwi/51-openroad-fillinsertion/tt_um_josue_olivos_6bit_counter.nl.v line 445, module sky130_ef_sc_hd__decap_12 not found. Creating black box for FILLER_0_3.
Warning: /workspaces/tt-verilog-test-counter/runs/wokwi/51-openroad-fillinsertion/tt_um_josue_olivos_6bit_counter.nl.v line 447, module sky130_fd_sc_hd__fill_1 not found. Creating black box for FILLER_0_27.
Warning: /workspaces/tt-verilog-test-counter/runs/wokwi/51-openroad-fillinsertion/tt_um_josue_olivos_6bit_counter.nl.v line 480, module sky130_fd_sc_hd__fill_2 not found. Creating black box for FILLER_0_333.
Reading design constraints file at '/nix/store/pqxyc4xmydcs5adig47yyc29r3svp5nx-python3-3.11.9-env/lib/python3.11/site-packages/librelane/scripts/base.sdc'…
[INFO] Using clock clk…
[INFO] Setting output delay to: 4
[INFO] Setting input delay to: 4
[INFO] Setting load to: 0.033442
[INFO] Setting clock uncertainty to: 0.25
[INFO] Setting clock transition to: 0.1499999999999999944488848768742172978818416595458984375
[INFO] Setting timing derate to: 5%
Reading top-level design parasitics for the 'max_ss_100C_1v60' corner at '/workspaces/tt-verilog-test-counter/runs/wokwi/53-openroad-rcx/max/tt_um_josue_olivos_6bit_counter.max.spef'…
%OL_CREATE_REPORT min.rpt

===========================================================================
report_checks -path_delay min (Hold)
============================================================================
======================= max_ss_100C_1v60 Corner ===================================

Startpoint: _24_ (rising edge-triggered flip-flop clocked by clk)
Endpoint: _24_ (rising edge-triggered flip-flop clocked by clk)
Path Group: clk
Path Type: min

Fanout         Cap        Slew       Delay        Time   Description
---------------------------------------------------------------------------------------------
                                  0.000000    0.000000   clock clk (rise edge)
                                  0.000000    0.000000   clock source latency
     1    0.012924    0.101247    0.067270    0.067270 ^ clk (in)
                                                         clk (net)
                      0.101260    0.000000    0.067270 ^ clkbuf_0_clk/A (sky130_fd_sc_hd__clkbuf_16)
     2    0.019090    0.066308    0.234270    0.301540 ^ clkbuf_0_clk/X (sky130_fd_sc_hd__clkbuf_16)
                                                         clknet_0_clk (net)
                      0.066324    0.001146    0.302685 ^ clkbuf_1_1__f_clk/A (sky130_fd_sc_hd__clkbuf_16)
     3    0.008385    0.052361    0.202797    0.505482 ^ clkbuf_1_1__f_clk/X (sky130_fd_sc_hd__clkbuf_16)
                                                         clknet_1_1__leaf_clk (net)
                      0.052361    0.000474    0.505956 ^ _24_/CLK (sky130_fd_sc_hd__dfrtp_4)
     6    0.049673    0.272254    0.973556    1.479512 ^ _24_/Q (sky130_fd_sc_hd__dfrtp_4)
                                                         uo_out[0] (net)
                      0.272271    0.002430    1.481942 ^ _12_/A (sky130_fd_sc_hd__inv_2)
     1    0.002514    0.053136    0.105166    1.587108 v _12_/Y (sky130_fd_sc_hd__inv_2)
                                                         _00_ (net)
                      0.053136    0.000184    1.587293 v _24_/D (sky130_fd_sc_hd__dfrtp_4)
                                              1.587293   data arrival time

                                  0.000000    0.000000   clock clk (rise edge)
                                  0.000000    0.000000   clock source latency
     1    0.012924    0.101247    0.067270    0.067270 ^ clk (in)
                                                         clk (net)
                      0.101260    0.000000    0.067270 ^ clkbuf_0_clk/A (sky130_fd_sc_hd__clkbuf_16)
     2    0.019090    0.066308    0.234270    0.301540 ^ clkbuf_0_clk/X (sky130_fd_sc_hd__clkbuf_16)
                                                         clknet_0_clk (net)
                      0.066324    0.001146    0.302685 ^ clkbuf_1_1__f_clk/A (sky130_fd_sc_hd__clkbuf_16)
     3    0.008385    0.052361    0.202797    0.505482 ^ clkbuf_1_1__f_clk/X (sky130_fd_sc_hd__clkbuf_16)
                                                         clknet_1_1__leaf_clk (net)
                      0.052361    0.000474    0.505956 ^ _24_/CLK (sky130_fd_sc_hd__dfrtp_4)
                                  0.250000    0.755956   clock uncertainty
                                  0.000000    0.755956   clock reconvergence pessimism
                                 -0.089612    0.666345   library hold time
                                              0.666345   data required time
---------------------------------------------------------------------------------------------
                                              0.666345   data required time
                                             -1.587293   data arrival time
---------------------------------------------------------------------------------------------
                                              0.920948   slack (MET)


Startpoint: _29_ (rising edge-triggered flip-flop clocked by clk)
Endpoint: _29_ (rising edge-triggered flip-flop clocked by clk)
Path Group: clk
Path Type: min

Fanout         Cap        Slew       Delay        Time   Description
---------------------------------------------------------------------------------------------
                                  0.000000    0.000000   clock clk (rise edge)
                                  0.000000    0.000000   clock source latency
     1    0.012924    0.101247    0.067270    0.067270 ^ clk (in)
                                                         clk (net)
                      0.101260    0.000000    0.067270 ^ clkbuf_0_clk/A (sky130_fd_sc_hd__clkbuf_16)
     2    0.019090    0.066308    0.234270    0.301540 ^ clkbuf_0_clk/X (sky130_fd_sc_hd__clkbuf_16)
                                                         clknet_0_clk (net)
                      0.066324    0.001168    0.302708 ^ clkbuf_1_0__f_clk/A (sky130_fd_sc_hd__clkbuf_16)
     3    0.009432    0.054164    0.204737    0.507445 ^ clkbuf_1_0__f_clk/X (sky130_fd_sc_hd__clkbuf_16)
                                                         clknet_1_0__leaf_clk (net)
                      0.054165    0.000453    0.507897 ^ _29_/CLK (sky130_fd_sc_hd__dfrtp_4)
     2    0.039874    0.233523    0.941187    1.449085 ^ _29_/Q (sky130_fd_sc_hd__dfrtp_4)
                                                         uo_out[5] (net)
                      0.233532    0.001775    1.450859 ^ _23_/A (sky130_fd_sc_hd__xnor2_1)
     1    0.005092    0.105924    0.224783    1.675642 v _23_/Y (sky130_fd_sc_hd__xnor2_1)
                                                         _05_ (net)
                      0.105924    0.000267    1.675909 v _29_/D (sky130_fd_sc_hd__dfrtp_4)
                                              1.675909   data arrival time

                                  0.000000    0.000000   clock clk (rise edge)
                                  0.000000    0.000000   clock source latency
     1    0.012924    0.101247    0.067270    0.067270 ^ clk (in)
                                                         clk (net)
                      0.101260    0.000000    0.067270 ^ clkbuf_0_clk/A (sky130_fd_sc_hd__clkbuf_16)
     2    0.019090    0.066308    0.234270    0.301540 ^ clkbuf_0_clk/X (sky130_fd_sc_hd__clkbuf_16)
                                                         clknet_0_clk (net)
                      0.066324    0.001168    0.302708 ^ clkbuf_1_0__f_clk/A (sky130_fd_sc_hd__clkbuf_16)
     3    0.009432    0.054164    0.204737    0.507445 ^ clkbuf_1_0__f_clk/X (sky130_fd_sc_hd__clkbuf_16)
                                                         clknet_1_0__leaf_clk (net)
                      0.054165    0.000453    0.507897 ^ _29_/CLK (sky130_fd_sc_hd__dfrtp_4)
                                  0.250000    0.757898   clock uncertainty
                                  0.000000    0.757898   clock reconvergence pessimism
                                 -0.108541    0.649356   library hold time
                                              0.649356   data required time
---------------------------------------------------------------------------------------------
                                              0.649356   data required time
                                             -1.675909   data arrival time
---------------------------------------------------------------------------------------------
                                              1.026552   slack (MET)


Startpoint: _26_ (rising edge-triggered flip-flop clocked by clk)
Endpoint: _26_ (rising edge-triggered flip-flop clocked by clk)
Path Group: clk
Path Type: min

Fanout         Cap        Slew       Delay        Time   Description
---------------------------------------------------------------------------------------------
                                  0.000000    0.000000   clock clk (rise edge)
                                  0.000000    0.000000   clock source latency
     1    0.012924    0.101247    0.067270    0.067270 ^ clk (in)
                                                         clk (net)
                      0.101260    0.000000    0.067270 ^ clkbuf_0_clk/A (sky130_fd_sc_hd__clkbuf_16)
     2    0.019090    0.066308    0.234270    0.301540 ^ clkbuf_0_clk/X (sky130_fd_sc_hd__clkbuf_16)
                                                         clknet_0_clk (net)
                      0.066324    0.001146    0.302685 ^ clkbuf_1_1__f_clk/A (sky130_fd_sc_hd__clkbuf_16)
     3    0.008385    0.052361    0.202797    0.505482 ^ clkbuf_1_1__f_clk/X (sky130_fd_sc_hd__clkbuf_16)
                                                         clknet_1_1__leaf_clk (net)
                      0.052361    0.000458    0.505940 ^ _26_/CLK (sky130_fd_sc_hd__dfrtp_4)
     4    0.048948    0.269107    0.969661    1.475601 ^ _26_/Q (sky130_fd_sc_hd__dfrtp_4)
                                                         uo_out[2] (net)
                      0.269156    0.003682    1.479282 ^ _16_/A (sky130_fd_sc_hd__xnor2_1)
     1    0.003405    0.082293    0.215594    1.694876 v _16_/Y (sky130_fd_sc_hd__xnor2_1)
                                                         _02_ (net)
                      0.082293    0.000203    1.695079 v _26_/D (sky130_fd_sc_hd__dfrtp_4)
                                              1.695079   data arrival time

                                  0.000000    0.000000   clock clk (rise edge)
                                  0.000000    0.000000   clock source latency
     1    0.012924    0.101247    0.067270    0.067270 ^ clk (in)
                                                         clk (net)
                      0.101260    0.000000    0.067270 ^ clkbuf_0_clk/A (sky130_fd_sc_hd__clkbuf_16)
     2    0.019090    0.066308    0.234270    0.301540 ^ clkbuf_0_clk/X (sky130_fd_sc_hd__clkbuf_16)
                                                         clknet_0_clk (net)
                      0.066324    0.001146    0.302685 ^ clkbuf_1_1__f_clk/A (sky130_fd_sc_hd__clkbuf_16)
     3    0.008385    0.052361    0.202797    0.505482 ^ clkbuf_1_1__f_clk/X (sky130_fd_sc_hd__clkbuf_16)
                                                         clknet_1_1__leaf_clk (net)
                      0.052361    0.000458    0.505940 ^ _26_/CLK (sky130_fd_sc_hd__dfrtp_4)
                                  0.250000    0.755940   clock uncertainty
                                  0.000000    0.755940   clock reconvergence pessimism
                                 -0.100309    0.655631   library hold time
                                              0.655631   data required time
---------------------------------------------------------------------------------------------
                                              0.655631   data required time
                                             -1.695079   data arrival time
---------------------------------------------------------------------------------------------
                                              1.039448   slack (MET)


Startpoint: _28_ (rising edge-triggered flip-flop clocked by clk)
Endpoint: _28_ (rising edge-triggered flip-flop clocked by clk)
Path Group: clk
Path Type: min

Fanout         Cap        Slew       Delay        Time   Description
---------------------------------------------------------------------------------------------
                                  0.000000    0.000000   clock clk (rise edge)
                                  0.000000    0.000000   clock source latency
     1    0.012924    0.101247    0.067270    0.067270 ^ clk (in)
                                                         clk (net)
                      0.101260    0.000000    0.067270 ^ clkbuf_0_clk/A (sky130_fd_sc_hd__clkbuf_16)
     2    0.019090    0.066308    0.234270    0.301540 ^ clkbuf_0_clk/X (sky130_fd_sc_hd__clkbuf_16)
                                                         clknet_0_clk (net)
                      0.066324    0.001168    0.302708 ^ clkbuf_1_0__f_clk/A (sky130_fd_sc_hd__clkbuf_16)
     3    0.009432    0.054164    0.204737    0.507445 ^ clkbuf_1_0__f_clk/X (sky130_fd_sc_hd__clkbuf_16)
                                                         clknet_1_0__leaf_clk (net)
                      0.054166    0.000739    0.508184 ^ _28_/CLK (sky130_fd_sc_hd__dfrtp_4)
     3    0.041068    0.237843    0.945084    1.453268 ^ _28_/Q (sky130_fd_sc_hd__dfrtp_4)
                                                         uo_out[4] (net)
                      0.237857    0.002090    1.455358 ^ _21_/A (sky130_fd_sc_hd__or2_1)
     1    0.001793    0.053318    0.225756    1.681114 ^ _21_/X (sky130_fd_sc_hd__or2_1)
                                                         _11_ (net)
                      0.053318    0.000084    1.681199 ^ _22_/B (sky130_fd_sc_hd__and2_1)
     1    0.002561    0.076349    0.216285    1.897483 ^ _22_/X (sky130_fd_sc_hd__and2_1)
                                                         _04_ (net)
                      0.076349    0.000178    1.897662 ^ _28_/D (sky130_fd_sc_hd__dfrtp_4)
                                              1.897662   data arrival time

                                  0.000000    0.000000   clock clk (rise edge)
                                  0.000000    0.000000   clock source latency
     1    0.012924    0.101247    0.067270    0.067270 ^ clk (in)
                                                         clk (net)
                      0.101260    0.000000    0.067270 ^ clkbuf_0_clk/A (sky130_fd_sc_hd__clkbuf_16)
     2    0.019090    0.066308    0.234270    0.301540 ^ clkbuf_0_clk/X (sky130_fd_sc_hd__clkbuf_16)
                                                         clknet_0_clk (net)
                      0.066324    0.001168    0.302708 ^ clkbuf_1_0__f_clk/A (sky130_fd_sc_hd__clkbuf_16)
     3    0.009432    0.054164    0.204737    0.507445 ^ clkbuf_1_0__f_clk/X (sky130_fd_sc_hd__clkbuf_16)
                                                         clknet_1_0__leaf_clk (net)
                      0.054166    0.000739    0.508184 ^ _28_/CLK (sky130_fd_sc_hd__dfrtp_4)
                                  0.250000    0.758184   clock uncertainty
                                  0.000000    0.758184   clock reconvergence pessimism
                                 -0.082786    0.675397   library hold time
                                              0.675397   data required time
---------------------------------------------------------------------------------------------
                                              0.675397   data required time
                                             -1.897662   data arrival time
---------------------------------------------------------------------------------------------
                                              1.222264   slack (MET)


Startpoint: _27_ (rising edge-triggered flip-flop clocked by clk)
Endpoint: _27_ (rising edge-triggered flip-flop clocked by clk)
Path Group: clk
Path Type: min

Fanout         Cap        Slew       Delay        Time   Description
---------------------------------------------------------------------------------------------
                                  0.000000    0.000000   clock clk (rise edge)
                                  0.000000    0.000000   clock source latency
     1    0.012924    0.101247    0.067270    0.067270 ^ clk (in)
                                                         clk (net)
                      0.101260    0.000000    0.067270 ^ clkbuf_0_clk/A (sky130_fd_sc_hd__clkbuf_16)
     2    0.019090    0.066308    0.234270    0.301540 ^ clkbuf_0_clk/X (sky130_fd_sc_hd__clkbuf_16)
                                                         clknet_0_clk (net)
                      0.066324    0.001168    0.302708 ^ clkbuf_1_0__f_clk/A (sky130_fd_sc_hd__clkbuf_16)
     3    0.009432    0.054164    0.204737    0.507445 ^ clkbuf_1_0__f_clk/X (sky130_fd_sc_hd__clkbuf_16)
                                                         clknet_1_0__leaf_clk (net)
                      0.054166    0.000682    0.508127 ^ _27_/CLK (sky130_fd_sc_hd__dfrtp_4)
     3    0.041397    0.239552    0.946158    1.454285 ^ _27_/Q (sky130_fd_sc_hd__dfrtp_4)
                                                         uo_out[3] (net)
                      0.239565    0.002047    1.456332 ^ _18_/B1 (sky130_fd_sc_hd__a31o_1)
     1    0.003046    0.075752    0.234077    1.690410 ^ _18_/X (sky130_fd_sc_hd__a31o_1)
                                                         _09_ (net)
                      0.075752    0.000177    1.690586 ^ _19_/B (sky130_fd_sc_hd__and2b_1)
     1    0.002715    0.070228    0.226185    1.916771 ^ _19_/X (sky130_fd_sc_hd__and2b_1)
                                                         _03_ (net)
                      0.070233    0.000185    1.916956 ^ _27_/D (sky130_fd_sc_hd__dfrtp_4)
                                              1.916956   data arrival time

                                  0.000000    0.000000   clock clk (rise edge)
                                  0.000000    0.000000   clock source latency
     1    0.012924    0.101247    0.067270    0.067270 ^ clk (in)
                                                         clk (net)
                      0.101260    0.000000    0.067270 ^ clkbuf_0_clk/A (sky130_fd_sc_hd__clkbuf_16)
     2    0.019090    0.066308    0.234270    0.301540 ^ clkbuf_0_clk/X (sky130_fd_sc_hd__clkbuf_16)
                                                         clknet_0_clk (net)
                      0.066324    0.001168    0.302708 ^ clkbuf_1_0__f_clk/A (sky130_fd_sc_hd__clkbuf_16)
     3    0.009432    0.054164    0.204737    0.507445 ^ clkbuf_1_0__f_clk/X (sky130_fd_sc_hd__clkbuf_16)
                                                         clknet_1_0__leaf_clk (net)
                      0.054166    0.000682    0.508127 ^ _27_/CLK (sky130_fd_sc_hd__dfrtp_4)
                                  0.250000    0.758127   clock uncertainty
                                  0.000000    0.758127   clock reconvergence pessimism
                                 -0.081390    0.676737   library hold time
                                              0.676737   data required time
---------------------------------------------------------------------------------------------
                                              0.676737   data required time
                                             -1.916956   data arrival time
---------------------------------------------------------------------------------------------
                                              1.240218   slack (MET)


Startpoint: _25_ (rising edge-triggered flip-flop clocked by clk)
Endpoint: _25_ (rising edge-triggered flip-flop clocked by clk)
Path Group: clk
Path Type: min

Fanout         Cap        Slew       Delay        Time   Description
---------------------------------------------------------------------------------------------
                                  0.000000    0.000000   clock clk (rise edge)
                                  0.000000    0.000000   clock source latency
     1    0.012924    0.101247    0.067270    0.067270 ^ clk (in)
                                                         clk (net)
                      0.101260    0.000000    0.067270 ^ clkbuf_0_clk/A (sky130_fd_sc_hd__clkbuf_16)
     2    0.019090    0.066308    0.234270    0.301540 ^ clkbuf_0_clk/X (sky130_fd_sc_hd__clkbuf_16)
                                                         clknet_0_clk (net)
                      0.066324    0.001146    0.302685 ^ clkbuf_1_1__f_clk/A (sky130_fd_sc_hd__clkbuf_16)
     3    0.008385    0.052361    0.202797    0.505482 ^ clkbuf_1_1__f_clk/X (sky130_fd_sc_hd__clkbuf_16)
                                                         clknet_1_1__leaf_clk (net)
                      0.052361    0.000460    0.505942 ^ _25_/CLK (sky130_fd_sc_hd__dfrtp_4)
     5    0.045073    0.253642    0.957253    1.463196 ^ _25_/Q (sky130_fd_sc_hd__dfrtp_4)
                                                         uo_out[1] (net)
                      0.253665    0.002630    1.465826 ^ _14_/A (sky130_fd_sc_hd__or2_1)
     1    0.001741    0.053471    0.230334    1.696161 ^ _14_/X (sky130_fd_sc_hd__or2_1)
                                                         _07_ (net)
                      0.053471    0.000079    1.696240 ^ _15_/B (sky130_fd_sc_hd__and2_1)
     1    0.003700    0.090952    0.230777    1.927017 ^ _15_/X (sky130_fd_sc_hd__and2_1)
                                                         _01_ (net)
                      0.090952    0.000243    1.927260 ^ _25_/D (sky130_fd_sc_hd__dfrtp_4)
                                              1.927260   data arrival time

                                  0.000000    0.000000   clock clk (rise edge)
                                  0.000000    0.000000   clock source latency
     1    0.012924    0.101247    0.067270    0.067270 ^ clk (in)
                                                         clk (net)
                      0.101260    0.000000    0.067270 ^ clkbuf_0_clk/A (sky130_fd_sc_hd__clkbuf_16)
     2    0.019090    0.066308    0.234270    0.301540 ^ clkbuf_0_clk/X (sky130_fd_sc_hd__clkbuf_16)
                                                         clknet_0_clk (net)
                      0.066324    0.001146    0.302685 ^ clkbuf_1_1__f_clk/A (sky130_fd_sc_hd__clkbuf_16)
     3    0.008385    0.052361    0.202797    0.505482 ^ clkbuf_1_1__f_clk/X (sky130_fd_sc_hd__clkbuf_16)
                                                         clknet_1_1__leaf_clk (net)
                      0.052361    0.000460    0.505942 ^ _25_/CLK (sky130_fd_sc_hd__dfrtp_4)
                                  0.250000    0.755942   clock uncertainty
                                  0.000000    0.755942   clock reconvergence pessimism
                                 -0.086418    0.669524   library hold time
                                              0.669524   data required time
---------------------------------------------------------------------------------------------
                                              0.669524   data required time
                                             -1.927260   data arrival time
---------------------------------------------------------------------------------------------
                                              1.257736   slack (MET)


Startpoint: rst_n (input port clocked by clk)
Endpoint: _27_ (removal check against rising-edge clock clk)
Path Group: asynchronous
Path Type: min

Fanout         Cap        Slew       Delay        Time   Description
---------------------------------------------------------------------------------------------
                                  0.000000    0.000000   clock clk (rise edge)
                                  0.000000    0.000000   clock network delay (propagated)
                                  4.000000    4.000000 ^ input external delay
     1    0.002317    0.029062    0.013292    4.013292 ^ rst_n (in)
                                                         rst_n (net)
                      0.029062    0.000000    4.013292 ^ input1/A (sky130_fd_sc_hd__buf_2)
     6    0.032470    0.259130    0.313316    4.326608 ^ input1/X (sky130_fd_sc_hd__buf_2)
                                                         net1 (net)
                      0.259225    0.004114    4.330722 ^ _27_/RESET_B (sky130_fd_sc_hd__dfrtp_4)
                                              4.330722   data arrival time

                                  0.000000    0.000000   clock clk (rise edge)
                                  0.000000    0.000000   clock source latency
     1    0.012924    0.101247    0.067270    0.067270 ^ clk (in)
                                                         clk (net)
                      0.101260    0.000000    0.067270 ^ clkbuf_0_clk/A (sky130_fd_sc_hd__clkbuf_16)
     2    0.019090    0.066308    0.234270    0.301540 ^ clkbuf_0_clk/X (sky130_fd_sc_hd__clkbuf_16)
                                                         clknet_0_clk (net)
                      0.066324    0.001168    0.302708 ^ clkbuf_1_0__f_clk/A (sky130_fd_sc_hd__clkbuf_16)
     3    0.009432    0.054164    0.204737    0.507445 ^ clkbuf_1_0__f_clk/X (sky130_fd_sc_hd__clkbuf_16)
                                                         clknet_1_0__leaf_clk (net)
                      0.054166    0.000682    0.508127 ^ _27_/CLK (sky130_fd_sc_hd__dfrtp_4)
                                  0.250000    0.758127   clock uncertainty
                                  0.000000    0.758127   clock reconvergence pessimism
                                  0.712453    1.470580   library removal time
                                              1.470580   data required time
---------------------------------------------------------------------------------------------
                                              1.470580   data required time
                                             -4.330722   data arrival time
---------------------------------------------------------------------------------------------
                                              2.860142   slack (MET)


Startpoint: rst_n (input port clocked by clk)
Endpoint: _28_ (removal check against rising-edge clock clk)
Path Group: asynchronous
Path Type: min

Fanout         Cap        Slew       Delay        Time   Description
---------------------------------------------------------------------------------------------
                                  0.000000    0.000000   clock clk (rise edge)
                                  0.000000    0.000000   clock network delay (propagated)
                                  4.000000    4.000000 ^ input external delay
     1    0.002317    0.029062    0.013292    4.013292 ^ rst_n (in)
                                                         rst_n (net)
                      0.029062    0.000000    4.013292 ^ input1/A (sky130_fd_sc_hd__buf_2)
     6    0.032470    0.259130    0.313316    4.326608 ^ input1/X (sky130_fd_sc_hd__buf_2)
                                                         net1 (net)
                      0.259239    0.004396    4.331004 ^ _28_/RESET_B (sky130_fd_sc_hd__dfrtp_4)
                                              4.331004   data arrival time

                                  0.000000    0.000000   clock clk (rise edge)
                                  0.000000    0.000000   clock source latency
     1    0.012924    0.101247    0.067270    0.067270 ^ clk (in)
                                                         clk (net)
                      0.101260    0.000000    0.067270 ^ clkbuf_0_clk/A (sky130_fd_sc_hd__clkbuf_16)
     2    0.019090    0.066308    0.234270    0.301540 ^ clkbuf_0_clk/X (sky130_fd_sc_hd__clkbuf_16)
                                                         clknet_0_clk (net)
                      0.066324    0.001168    0.302708 ^ clkbuf_1_0__f_clk/A (sky130_fd_sc_hd__clkbuf_16)
     3    0.009432    0.054164    0.204737    0.507445 ^ clkbuf_1_0__f_clk/X (sky130_fd_sc_hd__clkbuf_16)
                                                         clknet_1_0__leaf_clk (net)
                      0.054166    0.000739    0.508184 ^ _28_/CLK (sky130_fd_sc_hd__dfrtp_4)
                                  0.250000    0.758184   clock uncertainty
                                  0.000000    0.758184   clock reconvergence pessimism
                                  0.712457    1.470641   library removal time
                                              1.470641   data required time
---------------------------------------------------------------------------------------------
                                              1.470641   data required time
                                             -4.331004   data arrival time
---------------------------------------------------------------------------------------------
                                              2.860363   slack (MET)


Startpoint: rst_n (input port clocked by clk)
Endpoint: _29_ (removal check against rising-edge clock clk)
Path Group: asynchronous
Path Type: min

Fanout         Cap        Slew       Delay        Time   Description
---------------------------------------------------------------------------------------------
                                  0.000000    0.000000   clock clk (rise edge)
                                  0.000000    0.000000   clock network delay (propagated)
                                  4.000000    4.000000 ^ input external delay
     1    0.002317    0.029062    0.013292    4.013292 ^ rst_n (in)
                                                         rst_n (net)
                      0.029062    0.000000    4.013292 ^ input1/A (sky130_fd_sc_hd__buf_2)
     6    0.032470    0.259130    0.313316    4.326608 ^ input1/X (sky130_fd_sc_hd__buf_2)
                                                         net1 (net)
                      0.259239    0.004403    4.331011 ^ _29_/RESET_B (sky130_fd_sc_hd__dfrtp_4)
                                              4.331011   data arrival time

                                  0.000000    0.000000   clock clk (rise edge)
                                  0.000000    0.000000   clock source latency
     1    0.012924    0.101247    0.067270    0.067270 ^ clk (in)
                                                         clk (net)
                      0.101260    0.000000    0.067270 ^ clkbuf_0_clk/A (sky130_fd_sc_hd__clkbuf_16)
     2    0.019090    0.066308    0.234270    0.301540 ^ clkbuf_0_clk/X (sky130_fd_sc_hd__clkbuf_16)
                                                         clknet_0_clk (net)
                      0.066324    0.001168    0.302708 ^ clkbuf_1_0__f_clk/A (sky130_fd_sc_hd__clkbuf_16)
     3    0.009432    0.054164    0.204737    0.507445 ^ clkbuf_1_0__f_clk/X (sky130_fd_sc_hd__clkbuf_16)
                                                         clknet_1_0__leaf_clk (net)
                      0.054165    0.000453    0.507897 ^ _29_/CLK (sky130_fd_sc_hd__dfrtp_4)
                                  0.250000    0.757898   clock uncertainty
                                  0.000000    0.757898   clock reconvergence pessimism
                                  0.712457    1.470355   library removal time
                                              1.470355   data required time
---------------------------------------------------------------------------------------------
                                              1.470355   data required time
                                             -4.331011   data arrival time
---------------------------------------------------------------------------------------------
                                              2.860656   slack (MET)


Startpoint: rst_n (input port clocked by clk)
Endpoint: _26_ (removal check against rising-edge clock clk)
Path Group: asynchronous
Path Type: min

Fanout         Cap        Slew       Delay        Time   Description
---------------------------------------------------------------------------------------------
                                  0.000000    0.000000   clock clk (rise edge)
                                  0.000000    0.000000   clock network delay (propagated)
                                  4.000000    4.000000 ^ input external delay
     1    0.002317    0.029062    0.013292    4.013292 ^ rst_n (in)
                                                         rst_n (net)
                      0.029062    0.000000    4.013292 ^ input1/A (sky130_fd_sc_hd__buf_2)
     6    0.032470    0.259130    0.313316    4.326608 ^ input1/X (sky130_fd_sc_hd__buf_2)
                                                         net1 (net)
                      0.259157    0.002211    4.328818 ^ _26_/RESET_B (sky130_fd_sc_hd__dfrtp_4)
                                              4.328818   data arrival time

                                  0.000000    0.000000   clock clk (rise edge)
                                  0.000000    0.000000   clock source latency
     1    0.012924    0.101247    0.067270    0.067270 ^ clk (in)
                                                         clk (net)
                      0.101260    0.000000    0.067270 ^ clkbuf_0_clk/A (sky130_fd_sc_hd__clkbuf_16)
     2    0.019090    0.066308    0.234270    0.301540 ^ clkbuf_0_clk/X (sky130_fd_sc_hd__clkbuf_16)
                                                         clknet_0_clk (net)
                      0.066324    0.001146    0.302685 ^ clkbuf_1_1__f_clk/A (sky130_fd_sc_hd__clkbuf_16)
     3    0.008385    0.052361    0.202797    0.505482 ^ clkbuf_1_1__f_clk/X (sky130_fd_sc_hd__clkbuf_16)
                                                         clknet_1_1__leaf_clk (net)
                      0.052361    0.000458    0.505940 ^ _26_/CLK (sky130_fd_sc_hd__dfrtp_4)
                                  0.250000    0.755940   clock uncertainty
                                  0.000000    0.755940   clock reconvergence pessimism
                                  0.711890    1.467830   library removal time
                                              1.467830   data required time
---------------------------------------------------------------------------------------------
                                              1.467830   data required time
                                             -4.328818   data arrival time
---------------------------------------------------------------------------------------------
                                              2.860988   slack (MET)


Startpoint: rst_n (input port clocked by clk)
Endpoint: _25_ (removal check against rising-edge clock clk)
Path Group: asynchronous
Path Type: min

Fanout         Cap        Slew       Delay        Time   Description
---------------------------------------------------------------------------------------------
                                  0.000000    0.000000   clock clk (rise edge)
                                  0.000000    0.000000   clock network delay (propagated)
                                  4.000000    4.000000 ^ input external delay
     1    0.002317    0.029062    0.013292    4.013292 ^ rst_n (in)
                                                         rst_n (net)
                      0.029062    0.000000    4.013292 ^ input1/A (sky130_fd_sc_hd__buf_2)
     6    0.032470    0.259130    0.313316    4.326608 ^ input1/X (sky130_fd_sc_hd__buf_2)
                                                         net1 (net)
                      0.259166    0.002549    4.329157 ^ _25_/RESET_B (sky130_fd_sc_hd__dfrtp_4)
                                              4.329157   data arrival time

                                  0.000000    0.000000   clock clk (rise edge)
                                  0.000000    0.000000   clock source latency
     1    0.012924    0.101247    0.067270    0.067270 ^ clk (in)
                                                         clk (net)
                      0.101260    0.000000    0.067270 ^ clkbuf_0_clk/A (sky130_fd_sc_hd__clkbuf_16)
     2    0.019090    0.066308    0.234270    0.301540 ^ clkbuf_0_clk/X (sky130_fd_sc_hd__clkbuf_16)
                                                         clknet_0_clk (net)
                      0.066324    0.001146    0.302685 ^ clkbuf_1_1__f_clk/A (sky130_fd_sc_hd__clkbuf_16)
     3    0.008385    0.052361    0.202797    0.505482 ^ clkbuf_1_1__f_clk/X (sky130_fd_sc_hd__clkbuf_16)
                                                         clknet_1_1__leaf_clk (net)
                      0.052361    0.000460    0.505942 ^ _25_/CLK (sky130_fd_sc_hd__dfrtp_4)
                                  0.250000    0.755942   clock uncertainty
                                  0.000000    0.755942   clock reconvergence pessimism
                                  0.711893    1.467835   library removal time
                                              1.467835   data required time
---------------------------------------------------------------------------------------------
                                              1.467835   data required time
                                             -4.329157   data arrival time
---------------------------------------------------------------------------------------------
                                              2.861321   slack (MET)


Startpoint: rst_n (input port clocked by clk)
Endpoint: _24_ (removal check against rising-edge clock clk)
Path Group: asynchronous
Path Type: min

Fanout         Cap        Slew       Delay        Time   Description
---------------------------------------------------------------------------------------------
                                  0.000000    0.000000   clock clk (rise edge)
                                  0.000000    0.000000   clock network delay (propagated)
                                  4.000000    4.000000 ^ input external delay
     1    0.002317    0.029062    0.013292    4.013292 ^ rst_n (in)
                                                         rst_n (net)
                      0.029062    0.000000    4.013292 ^ input1/A (sky130_fd_sc_hd__buf_2)
     6    0.032470    0.259130    0.313316    4.326608 ^ input1/X (sky130_fd_sc_hd__buf_2)
                                                         net1 (net)
                      0.259211    0.003793    4.330400 ^ _24_/RESET_B (sky130_fd_sc_hd__dfrtp_4)
                                              4.330400   data arrival time

                                  0.000000    0.000000   clock clk (rise edge)
                                  0.000000    0.000000   clock source latency
     1    0.012924    0.101247    0.067270    0.067270 ^ clk (in)
                                                         clk (net)
                      0.101260    0.000000    0.067270 ^ clkbuf_0_clk/A (sky130_fd_sc_hd__clkbuf_16)
     2    0.019090    0.066308    0.234270    0.301540 ^ clkbuf_0_clk/X (sky130_fd_sc_hd__clkbuf_16)
                                                         clknet_0_clk (net)
                      0.066324    0.001146    0.302685 ^ clkbuf_1_1__f_clk/A (sky130_fd_sc_hd__clkbuf_16)
     3    0.008385    0.052361    0.202797    0.505482 ^ clkbuf_1_1__f_clk/X (sky130_fd_sc_hd__clkbuf_16)
                                                         clknet_1_1__leaf_clk (net)
                      0.052361    0.000474    0.505956 ^ _24_/CLK (sky130_fd_sc_hd__dfrtp_4)
                                  0.250000    0.755956   clock uncertainty
                                  0.000000    0.755956   clock reconvergence pessimism
                                  0.711907    1.467863   library removal time
                                              1.467863   data required time
---------------------------------------------------------------------------------------------
                                              1.467863   data required time
                                             -4.330400   data arrival time
---------------------------------------------------------------------------------------------
                                              2.862537   slack (MET)


Startpoint: _29_ (rising edge-triggered flip-flop clocked by clk)
Endpoint: uo_out[5] (output port clocked by clk)
Path Group: clk
Path Type: min

Fanout         Cap        Slew       Delay        Time   Description
---------------------------------------------------------------------------------------------
                                  0.000000    0.000000   clock clk (rise edge)
                                  0.000000    0.000000   clock source latency
     1    0.012924    0.101247    0.067270    0.067270 ^ clk (in)
                                                         clk (net)
                      0.101260    0.000000    0.067270 ^ clkbuf_0_clk/A (sky130_fd_sc_hd__clkbuf_16)
     2    0.019090    0.066308    0.234270    0.301540 ^ clkbuf_0_clk/X (sky130_fd_sc_hd__clkbuf_16)
                                                         clknet_0_clk (net)
                      0.066324    0.001168    0.302708 ^ clkbuf_1_0__f_clk/A (sky130_fd_sc_hd__clkbuf_16)
     3    0.009432    0.054164    0.204737    0.507445 ^ clkbuf_1_0__f_clk/X (sky130_fd_sc_hd__clkbuf_16)
                                                         clknet_1_0__leaf_clk (net)
                      0.054165    0.000453    0.507897 ^ _29_/CLK (sky130_fd_sc_hd__dfrtp_4)
     2    0.039874    0.233523    0.941187    1.449085 ^ _29_/Q (sky130_fd_sc_hd__dfrtp_4)
                                                         uo_out[5] (net)
                      0.233538    0.002090    1.451175 ^ uo_out[5] (out)
                                              1.451175   data arrival time

                                  0.000000    0.000000   clock clk (rise edge)
                                  0.000000    0.000000   clock network delay (propagated)
                                  0.250000    0.250000   clock uncertainty
                                  0.000000    0.250000   clock reconvergence pessimism
                                 -4.000000   -3.750000   output external delay
                                             -3.750000   data required time
---------------------------------------------------------------------------------------------
                                             -3.750000   data required time
                                             -1.451175   data arrival time
---------------------------------------------------------------------------------------------
                                              5.201175   slack (MET)


Startpoint: _28_ (rising edge-triggered flip-flop clocked by clk)
Endpoint: uo_out[4] (output port clocked by clk)
Path Group: clk
Path Type: min

Fanout         Cap        Slew       Delay        Time   Description
---------------------------------------------------------------------------------------------
                                  0.000000    0.000000   clock clk (rise edge)
                                  0.000000    0.000000   clock source latency
     1    0.012924    0.101247    0.067270    0.067270 ^ clk (in)
                                                         clk (net)
                      0.101260    0.000000    0.067270 ^ clkbuf_0_clk/A (sky130_fd_sc_hd__clkbuf_16)
     2    0.019090    0.066308    0.234270    0.301540 ^ clkbuf_0_clk/X (sky130_fd_sc_hd__clkbuf_16)
                                                         clknet_0_clk (net)
                      0.066324    0.001168    0.302708 ^ clkbuf_1_0__f_clk/A (sky130_fd_sc_hd__clkbuf_16)
     3    0.009432    0.054164    0.204737    0.507445 ^ clkbuf_1_0__f_clk/X (sky130_fd_sc_hd__clkbuf_16)
                                                         clknet_1_0__leaf_clk (net)
                      0.054166    0.000739    0.508184 ^ _28_/CLK (sky130_fd_sc_hd__dfrtp_4)
     3    0.041068    0.237843    0.945084    1.453268 ^ _28_/Q (sky130_fd_sc_hd__dfrtp_4)
                                                         uo_out[4] (net)
                      0.237868    0.002579    1.455847 ^ uo_out[4] (out)
                                              1.455847   data arrival time

                                  0.000000    0.000000   clock clk (rise edge)
                                  0.000000    0.000000   clock network delay (propagated)
                                  0.250000    0.250000   clock uncertainty
                                  0.000000    0.250000   clock reconvergence pessimism
                                 -4.000000   -3.750000   output external delay
                                             -3.750000   data required time
---------------------------------------------------------------------------------------------
                                             -3.750000   data required time
                                             -1.455847   data arrival time
---------------------------------------------------------------------------------------------
                                              5.205847   slack (MET)


Startpoint: _27_ (rising edge-triggered flip-flop clocked by clk)
Endpoint: uo_out[3] (output port clocked by clk)
Path Group: clk
Path Type: min

Fanout         Cap        Slew       Delay        Time   Description
---------------------------------------------------------------------------------------------
                                  0.000000    0.000000   clock clk (rise edge)
                                  0.000000    0.000000   clock source latency
     1    0.012924    0.101247    0.067270    0.067270 ^ clk (in)
                                                         clk (net)
                      0.101260    0.000000    0.067270 ^ clkbuf_0_clk/A (sky130_fd_sc_hd__clkbuf_16)
     2    0.019090    0.066308    0.234270    0.301540 ^ clkbuf_0_clk/X (sky130_fd_sc_hd__clkbuf_16)
                                                         clknet_0_clk (net)
                      0.066324    0.001168    0.302708 ^ clkbuf_1_0__f_clk/A (sky130_fd_sc_hd__clkbuf_16)
     3    0.009432    0.054164    0.204737    0.507445 ^ clkbuf_1_0__f_clk/X (sky130_fd_sc_hd__clkbuf_16)
                                                         clknet_1_0__leaf_clk (net)
                      0.054166    0.000682    0.508127 ^ _27_/CLK (sky130_fd_sc_hd__dfrtp_4)
     3    0.041397    0.239552    0.946158    1.454285 ^ _27_/Q (sky130_fd_sc_hd__dfrtp_4)
                                                         uo_out[3] (net)
                      0.239577    0.002572    1.456857 ^ uo_out[3] (out)
                                              1.456857   data arrival time

                                  0.000000    0.000000   clock clk (rise edge)
                                  0.000000    0.000000   clock network delay (propagated)
                                  0.250000    0.250000   clock uncertainty
                                  0.000000    0.250000   clock reconvergence pessimism
                                 -4.000000   -3.750000   output external delay
                                             -3.750000   data required time
---------------------------------------------------------------------------------------------
                                             -3.750000   data required time
                                             -1.456857   data arrival time
---------------------------------------------------------------------------------------------
                                              5.206857   slack (MET)


Startpoint: _25_ (rising edge-triggered flip-flop clocked by clk)
Endpoint: uo_out[1] (output port clocked by clk)
Path Group: clk
Path Type: min

Fanout         Cap        Slew       Delay        Time   Description
---------------------------------------------------------------------------------------------
                                  0.000000    0.000000   clock clk (rise edge)
                                  0.000000    0.000000   clock source latency
     1    0.012924    0.101247    0.067270    0.067270 ^ clk (in)
                                                         clk (net)
                      0.101260    0.000000    0.067270 ^ clkbuf_0_clk/A (sky130_fd_sc_hd__clkbuf_16)
     2    0.019090    0.066308    0.234270    0.301540 ^ clkbuf_0_clk/X (sky130_fd_sc_hd__clkbuf_16)
                                                         clknet_0_clk (net)
                      0.066324    0.001146    0.302685 ^ clkbuf_1_1__f_clk/A (sky130_fd_sc_hd__clkbuf_16)
     3    0.008385    0.052361    0.202797    0.505482 ^ clkbuf_1_1__f_clk/X (sky130_fd_sc_hd__clkbuf_16)
                                                         clknet_1_1__leaf_clk (net)
                      0.052361    0.000460    0.505942 ^ _25_/CLK (sky130_fd_sc_hd__dfrtp_4)
     5    0.045073    0.253642    0.957253    1.463196 ^ _25_/Q (sky130_fd_sc_hd__dfrtp_4)
                                                         uo_out[1] (net)
                      0.253713    0.004082    1.467278 ^ uo_out[1] (out)
                                              1.467278   data arrival time

                                  0.000000    0.000000   clock clk (rise edge)
                                  0.000000    0.000000   clock network delay (propagated)
                                  0.250000    0.250000   clock uncertainty
                                  0.000000    0.250000   clock reconvergence pessimism
                                 -4.000000   -3.750000   output external delay
                                             -3.750000   data required time
---------------------------------------------------------------------------------------------
                                             -3.750000   data required time
                                             -1.467278   data arrival time
---------------------------------------------------------------------------------------------
                                              5.217278   slack (MET)


Startpoint: _26_ (rising edge-triggered flip-flop clocked by clk)
Endpoint: uo_out[2] (output port clocked by clk)
Path Group: clk
Path Type: min

Fanout         Cap        Slew       Delay        Time   Description
---------------------------------------------------------------------------------------------
                                  0.000000    0.000000   clock clk (rise edge)
                                  0.000000    0.000000   clock source latency
     1    0.012924    0.101247    0.067270    0.067270 ^ clk (in)
                                                         clk (net)
                      0.101260    0.000000    0.067270 ^ clkbuf_0_clk/A (sky130_fd_sc_hd__clkbuf_16)
     2    0.019090    0.066308    0.234270    0.301540 ^ clkbuf_0_clk/X (sky130_fd_sc_hd__clkbuf_16)
                                                         clknet_0_clk (net)
                      0.066324    0.001146    0.302685 ^ clkbuf_1_1__f_clk/A (sky130_fd_sc_hd__clkbuf_16)
     3    0.008385    0.052361    0.202797    0.505482 ^ clkbuf_1_1__f_clk/X (sky130_fd_sc_hd__clkbuf_16)
                                                         clknet_1_1__leaf_clk (net)
                      0.052361    0.000458    0.505940 ^ _26_/CLK (sky130_fd_sc_hd__dfrtp_4)
     4    0.048948    0.269107    0.969661    1.475601 ^ _26_/Q (sky130_fd_sc_hd__dfrtp_4)
                                                         uo_out[2] (net)
                      0.269238    0.005515    1.481115 ^ uo_out[2] (out)
                                              1.481115   data arrival time

                                  0.000000    0.000000   clock clk (rise edge)
                                  0.000000    0.000000   clock network delay (propagated)
                                  0.250000    0.250000   clock uncertainty
                                  0.000000    0.250000   clock reconvergence pessimism
                                 -4.000000   -3.750000   output external delay
                                             -3.750000   data required time
---------------------------------------------------------------------------------------------
                                             -3.750000   data required time
                                             -1.481115   data arrival time
---------------------------------------------------------------------------------------------
                                              5.231115   slack (MET)


Startpoint: _24_ (rising edge-triggered flip-flop clocked by clk)
Endpoint: uo_out[0] (output port clocked by clk)
Path Group: clk
Path Type: min

Fanout         Cap        Slew       Delay        Time   Description
---------------------------------------------------------------------------------------------
                                  0.000000    0.000000   clock clk (rise edge)
                                  0.000000    0.000000   clock source latency
     1    0.012924    0.101247    0.067270    0.067270 ^ clk (in)
                                                         clk (net)
                      0.101260    0.000000    0.067270 ^ clkbuf_0_clk/A (sky130_fd_sc_hd__clkbuf_16)
     2    0.019090    0.066308    0.234270    0.301540 ^ clkbuf_0_clk/X (sky130_fd_sc_hd__clkbuf_16)
                                                         clknet_0_clk (net)
                      0.066324    0.001146    0.302685 ^ clkbuf_1_1__f_clk/A (sky130_fd_sc_hd__clkbuf_16)
     3    0.008385    0.052361    0.202797    0.505482 ^ clkbuf_1_1__f_clk/X (sky130_fd_sc_hd__clkbuf_16)
                                                         clknet_1_1__leaf_clk (net)
                      0.052361    0.000474    0.505956 ^ _24_/CLK (sky130_fd_sc_hd__dfrtp_4)
     6    0.049673    0.272254    0.973556    1.479512 ^ _24_/Q (sky130_fd_sc_hd__dfrtp_4)
                                                         uo_out[0] (net)
                      0.272279    0.002792    1.482304 ^ uo_out[0] (out)
                                              1.482304   data arrival time

                                  0.000000    0.000000   clock clk (rise edge)
                                  0.000000    0.000000   clock network delay (propagated)
                                  0.250000    0.250000   clock uncertainty
                                  0.000000    0.250000   clock reconvergence pessimism
                                 -4.000000   -3.750000   output external delay
                                             -3.750000   data required time
---------------------------------------------------------------------------------------------
                                             -3.750000   data required time
                                             -1.482304   data arrival time
---------------------------------------------------------------------------------------------
                                              5.232304   slack (MET)



%OL_END_REPORT
%OL_CREATE_REPORT max.rpt

===========================================================================
report_checks -path_delay max (Setup)
============================================================================
======================= max_ss_100C_1v60 Corner ===================================

Startpoint: _26_ (rising edge-triggered flip-flop clocked by clk)
Endpoint: uo_out[2] (output port clocked by clk)
Path Group: clk
Path Type: max

Fanout         Cap        Slew       Delay        Time   Description
---------------------------------------------------------------------------------------------
                                  0.000000    0.000000   clock clk (rise edge)
                                  0.000000    0.000000   clock source latency
     1    0.012924    0.101247    0.067270    0.067270 ^ clk (in)
                                                         clk (net)
                      0.101260    0.000000    0.067270 ^ clkbuf_0_clk/A (sky130_fd_sc_hd__clkbuf_16)
     2    0.019090    0.066308    0.234270    0.301540 ^ clkbuf_0_clk/X (sky130_fd_sc_hd__clkbuf_16)
                                                         clknet_0_clk (net)
                      0.066324    0.001146    0.302685 ^ clkbuf_1_1__f_clk/A (sky130_fd_sc_hd__clkbuf_16)
     3    0.008385    0.052361    0.202797    0.505482 ^ clkbuf_1_1__f_clk/X (sky130_fd_sc_hd__clkbuf_16)
                                                         clknet_1_1__leaf_clk (net)
                      0.052361    0.000458    0.505940 ^ _26_/CLK (sky130_fd_sc_hd__dfrtp_4)
     4    0.048430    0.215918    1.118963    1.624903 v _26_/Q (sky130_fd_sc_hd__dfrtp_4)
                                                         uo_out[2] (net)
                      0.216265    0.005470    1.630373 v uo_out[2] (out)
                                              1.630373   data arrival time

                                 20.000000   20.000000   clock clk (rise edge)
                                  0.000000   20.000000   clock network delay (propagated)
                                 -0.250000   19.750002   clock uncertainty
                                  0.000000   19.750002   clock reconvergence pessimism
                                 -4.000000   15.750001   output external delay
                                             15.750001   data required time
---------------------------------------------------------------------------------------------
                                             15.750001   data required time
                                             -1.630373   data arrival time
---------------------------------------------------------------------------------------------
                                             14.119628   slack (MET)


Startpoint: _24_ (rising edge-triggered flip-flop clocked by clk)
Endpoint: uo_out[0] (output port clocked by clk)
Path Group: clk
Path Type: max

Fanout         Cap        Slew       Delay        Time   Description
---------------------------------------------------------------------------------------------
                                  0.000000    0.000000   clock clk (rise edge)
                                  0.000000    0.000000   clock source latency
     1    0.012924    0.101247    0.067270    0.067270 ^ clk (in)
                                                         clk (net)
                      0.101260    0.000000    0.067270 ^ clkbuf_0_clk/A (sky130_fd_sc_hd__clkbuf_16)
     2    0.019090    0.066308    0.234270    0.301540 ^ clkbuf_0_clk/X (sky130_fd_sc_hd__clkbuf_16)
                                                         clknet_0_clk (net)
                      0.066324    0.001146    0.302685 ^ clkbuf_1_1__f_clk/A (sky130_fd_sc_hd__clkbuf_16)
     3    0.008385    0.052361    0.202797    0.505482 ^ clkbuf_1_1__f_clk/X (sky130_fd_sc_hd__clkbuf_16)
                                                         clknet_1_1__leaf_clk (net)
                      0.052361    0.000474    0.505956 ^ _24_/CLK (sky130_fd_sc_hd__dfrtp_4)
     6    0.048846    0.216724    1.121389    1.627345 v _24_/Q (sky130_fd_sc_hd__dfrtp_4)
                                                         uo_out[0] (net)
                      0.216758    0.002756    1.630102 v uo_out[0] (out)
                                              1.630102   data arrival time

                                 20.000000   20.000000   clock clk (rise edge)
                                  0.000000   20.000000   clock network delay (propagated)
                                 -0.250000   19.750002   clock uncertainty
                                  0.000000   19.750002   clock reconvergence pessimism
                                 -4.000000   15.750001   output external delay
                                             15.750001   data required time
---------------------------------------------------------------------------------------------
                                             15.750001   data required time
                                             -1.630102   data arrival time
---------------------------------------------------------------------------------------------
                                             14.119900   slack (MET)


Startpoint: _25_ (rising edge-triggered flip-flop clocked by clk)
Endpoint: uo_out[1] (output port clocked by clk)
Path Group: clk
Path Type: max

Fanout         Cap        Slew       Delay        Time   Description
---------------------------------------------------------------------------------------------
                                  0.000000    0.000000   clock clk (rise edge)
                                  0.000000    0.000000   clock source latency
     1    0.012924    0.101247    0.067270    0.067270 ^ clk (in)
                                                         clk (net)
                      0.101260    0.000000    0.067270 ^ clkbuf_0_clk/A (sky130_fd_sc_hd__clkbuf_16)
     2    0.019090    0.066308    0.234270    0.301540 ^ clkbuf_0_clk/X (sky130_fd_sc_hd__clkbuf_16)
                                                         clknet_0_clk (net)
                      0.066324    0.001146    0.302685 ^ clkbuf_1_1__f_clk/A (sky130_fd_sc_hd__clkbuf_16)
     3    0.008385    0.052361    0.202797    0.505482 ^ clkbuf_1_1__f_clk/X (sky130_fd_sc_hd__clkbuf_16)
                                                         clknet_1_1__leaf_clk (net)
                      0.052361    0.000460    0.505942 ^ _25_/CLK (sky130_fd_sc_hd__dfrtp_4)
     5    0.044722    0.207121    1.109984    1.615927 v _25_/Q (sky130_fd_sc_hd__dfrtp_4)
                                                         uo_out[1] (net)
                      0.207370    0.004062    1.619989 v uo_out[1] (out)
                                              1.619989   data arrival time

                                 20.000000   20.000000   clock clk (rise edge)
                                  0.000000   20.000000   clock network delay (propagated)
                                 -0.250000   19.750002   clock uncertainty
                                  0.000000   19.750002   clock reconvergence pessimism
                                 -4.000000   15.750001   output external delay
                                             15.750001   data required time
---------------------------------------------------------------------------------------------
                                             15.750001   data required time
                                             -1.619989   data arrival time
---------------------------------------------------------------------------------------------
                                             14.130012   slack (MET)


Startpoint: _27_ (rising edge-triggered flip-flop clocked by clk)
Endpoint: uo_out[3] (output port clocked by clk)
Path Group: clk
Path Type: max

Fanout         Cap        Slew       Delay        Time   Description
---------------------------------------------------------------------------------------------
                                  0.000000    0.000000   clock clk (rise edge)
                                  0.000000    0.000000   clock source latency
     1    0.012924    0.101247    0.067270    0.067270 ^ clk (in)
                                                         clk (net)
                      0.101260    0.000000    0.067270 ^ clkbuf_0_clk/A (sky130_fd_sc_hd__clkbuf_16)
     2    0.019090    0.066308    0.234270    0.301540 ^ clkbuf_0_clk/X (sky130_fd_sc_hd__clkbuf_16)
                                                         clknet_0_clk (net)
                      0.066324    0.001168    0.302708 ^ clkbuf_1_0__f_clk/A (sky130_fd_sc_hd__clkbuf_16)
     3    0.009432    0.054164    0.204737    0.507445 ^ clkbuf_1_0__f_clk/X (sky130_fd_sc_hd__clkbuf_16)
                                                         clknet_1_0__leaf_clk (net)
                      0.054166    0.000682    0.508127 ^ _27_/CLK (sky130_fd_sc_hd__dfrtp_4)
     3    0.041045    0.198779    1.101782    1.609910 v _27_/Q (sky130_fd_sc_hd__dfrtp_4)
                                                         uo_out[3] (net)
                      0.198949    0.002555    1.612465 v uo_out[3] (out)
                                              1.612465   data arrival time

                                 20.000000   20.000000   clock clk (rise edge)
                                  0.000000   20.000000   clock network delay (propagated)
                                 -0.250000   19.750002   clock uncertainty
                                  0.000000   19.750002   clock reconvergence pessimism
                                 -4.000000   15.750001   output external delay
                                             15.750001   data required time
---------------------------------------------------------------------------------------------
                                             15.750001   data required time
                                             -1.612465   data arrival time
---------------------------------------------------------------------------------------------
                                             14.137536   slack (MET)


Startpoint: _28_ (rising edge-triggered flip-flop clocked by clk)
Endpoint: uo_out[4] (output port clocked by clk)
Path Group: clk
Path Type: max

Fanout         Cap        Slew       Delay        Time   Description
---------------------------------------------------------------------------------------------
                                  0.000000    0.000000   clock clk (rise edge)
                                  0.000000    0.000000   clock source latency
     1    0.012924    0.101247    0.067270    0.067270 ^ clk (in)
                                                         clk (net)
                      0.101260    0.000000    0.067270 ^ clkbuf_0_clk/A (sky130_fd_sc_hd__clkbuf_16)
     2    0.019090    0.066308    0.234270    0.301540 ^ clkbuf_0_clk/X (sky130_fd_sc_hd__clkbuf_16)
                                                         clknet_0_clk (net)
                      0.066324    0.001168    0.302708 ^ clkbuf_1_0__f_clk/A (sky130_fd_sc_hd__clkbuf_16)
     3    0.009432    0.054164    0.204737    0.507445 ^ clkbuf_1_0__f_clk/X (sky130_fd_sc_hd__clkbuf_16)
                                                         clknet_1_0__leaf_clk (net)
                      0.054166    0.000739    0.508184 ^ _28_/CLK (sky130_fd_sc_hd__dfrtp_4)
     3    0.040861    0.198385    1.101290    1.609474 v _28_/Q (sky130_fd_sc_hd__dfrtp_4)
                                                         uo_out[4] (net)
                      0.198385    0.002569    1.612042 v uo_out[4] (out)
                                              1.612042   data arrival time

                                 20.000000   20.000000   clock clk (rise edge)
                                  0.000000   20.000000   clock network delay (propagated)
                                 -0.250000   19.750002   clock uncertainty
                                  0.000000   19.750002   clock reconvergence pessimism
                                 -4.000000   15.750001   output external delay
                                             15.750001   data required time
---------------------------------------------------------------------------------------------
                                             15.750001   data required time
                                             -1.612042   data arrival time
---------------------------------------------------------------------------------------------
                                             14.137959   slack (MET)


Startpoint: _29_ (rising edge-triggered flip-flop clocked by clk)
Endpoint: uo_out[5] (output port clocked by clk)
Path Group: clk
Path Type: max

Fanout         Cap        Slew       Delay        Time   Description
---------------------------------------------------------------------------------------------
                                  0.000000    0.000000   clock clk (rise edge)
                                  0.000000    0.000000   clock source latency
     1    0.012924    0.101247    0.067270    0.067270 ^ clk (in)
                                                         clk (net)
                      0.101260    0.000000    0.067270 ^ clkbuf_0_clk/A (sky130_fd_sc_hd__clkbuf_16)
     2    0.019090    0.066308    0.234270    0.301540 ^ clkbuf_0_clk/X (sky130_fd_sc_hd__clkbuf_16)
                                                         clknet_0_clk (net)
                      0.066324    0.001168    0.302708 ^ clkbuf_1_0__f_clk/A (sky130_fd_sc_hd__clkbuf_16)
     3    0.009432    0.054164    0.204737    0.507445 ^ clkbuf_1_0__f_clk/X (sky130_fd_sc_hd__clkbuf_16)
                                                         clknet_1_0__leaf_clk (net)
                      0.054165    0.000453    0.507897 ^ _29_/CLK (sky130_fd_sc_hd__dfrtp_4)
     2    0.039604    0.195601    1.098188    1.606085 v _29_/Q (sky130_fd_sc_hd__dfrtp_4)
                                                         uo_out[5] (net)
                      0.195601    0.002080    1.608165 v uo_out[5] (out)
                                              1.608165   data arrival time

                                 20.000000   20.000000   clock clk (rise edge)
                                  0.000000   20.000000   clock network delay (propagated)
                                 -0.250000   19.750002   clock uncertainty
                                  0.000000   19.750002   clock reconvergence pessimism
                                 -4.000000   15.750001   output external delay
                                             15.750001   data required time
---------------------------------------------------------------------------------------------
                                             15.750001   data required time
                                             -1.608165   data arrival time
---------------------------------------------------------------------------------------------
                                             14.141835   slack (MET)


Startpoint: rst_n (input port clocked by clk)
Endpoint: _24_ (recovery check against rising-edge clock clk)
Path Group: asynchronous
Path Type: max

Fanout         Cap        Slew       Delay        Time   Description
---------------------------------------------------------------------------------------------
                                  0.000000    0.000000   clock clk (rise edge)
                                  0.000000    0.000000   clock network delay (propagated)
                                  4.000000    4.000000 ^ input external delay
     1    0.002317    0.029062    0.013292    4.013292 ^ rst_n (in)
                                                         rst_n (net)
                      0.029062    0.000000    4.013292 ^ input1/A (sky130_fd_sc_hd__buf_2)
     6    0.032470    0.259130    0.313316    4.326608 ^ input1/X (sky130_fd_sc_hd__buf_2)
                                                         net1 (net)
                      0.259211    0.003793    4.330400 ^ _24_/RESET_B (sky130_fd_sc_hd__dfrtp_4)
                                              4.330400   data arrival time

                                 20.000000   20.000000   clock clk (rise edge)
                                  0.000000   20.000000   clock source latency
     1    0.012924    0.101247    0.067271   20.067270 ^ clk (in)
                                                         clk (net)
                      0.101260    0.000000   20.067270 ^ clkbuf_0_clk/A (sky130_fd_sc_hd__clkbuf_16)
     2    0.019090    0.066308    0.234269   20.301540 ^ clkbuf_0_clk/X (sky130_fd_sc_hd__clkbuf_16)
                                                         clknet_0_clk (net)
                      0.066324    0.001146   20.302687 ^ clkbuf_1_1__f_clk/A (sky130_fd_sc_hd__clkbuf_16)
     3    0.008385    0.052361    0.202796   20.505482 ^ clkbuf_1_1__f_clk/X (sky130_fd_sc_hd__clkbuf_16)
                                                         clknet_1_1__leaf_clk (net)
                      0.052361    0.000474   20.505957 ^ _24_/CLK (sky130_fd_sc_hd__dfrtp_4)
                                 -0.250000   20.255957   clock uncertainty
                                  0.000000   20.255957   clock reconvergence pessimism
                                  0.349229   20.605186   library recovery time
                                             20.605186   data required time
---------------------------------------------------------------------------------------------
                                             20.605186   data required time
                                             -4.330400   data arrival time
---------------------------------------------------------------------------------------------
                                             16.274786   slack (MET)


Startpoint: rst_n (input port clocked by clk)
Endpoint: _25_ (recovery check against rising-edge clock clk)
Path Group: asynchronous
Path Type: max

Fanout         Cap        Slew       Delay        Time   Description
---------------------------------------------------------------------------------------------
                                  0.000000    0.000000   clock clk (rise edge)
                                  0.000000    0.000000   clock network delay (propagated)
                                  4.000000    4.000000 ^ input external delay
     1    0.002317    0.029062    0.013292    4.013292 ^ rst_n (in)
                                                         rst_n (net)
                      0.029062    0.000000    4.013292 ^ input1/A (sky130_fd_sc_hd__buf_2)
     6    0.032470    0.259130    0.313316    4.326608 ^ input1/X (sky130_fd_sc_hd__buf_2)
                                                         net1 (net)
                      0.259166    0.002549    4.329157 ^ _25_/RESET_B (sky130_fd_sc_hd__dfrtp_4)
                                              4.329157   data arrival time

                                 20.000000   20.000000   clock clk (rise edge)
                                  0.000000   20.000000   clock source latency
     1    0.012924    0.101247    0.067271   20.067270 ^ clk (in)
                                                         clk (net)
                      0.101260    0.000000   20.067270 ^ clkbuf_0_clk/A (sky130_fd_sc_hd__clkbuf_16)
     2    0.019090    0.066308    0.234269   20.301540 ^ clkbuf_0_clk/X (sky130_fd_sc_hd__clkbuf_16)
                                                         clknet_0_clk (net)
                      0.066324    0.001146   20.302687 ^ clkbuf_1_1__f_clk/A (sky130_fd_sc_hd__clkbuf_16)
     3    0.008385    0.052361    0.202796   20.505482 ^ clkbuf_1_1__f_clk/X (sky130_fd_sc_hd__clkbuf_16)
                                                         clknet_1_1__leaf_clk (net)
                      0.052361    0.000460   20.505943 ^ _25_/CLK (sky130_fd_sc_hd__dfrtp_4)
                                 -0.250000   20.255943   clock uncertainty
                                  0.000000   20.255943   clock reconvergence pessimism
                                  0.349250   20.605192   library recovery time
                                             20.605192   data required time
---------------------------------------------------------------------------------------------
                                             20.605192   data required time
                                             -4.329157   data arrival time
---------------------------------------------------------------------------------------------
                                             16.276037   slack (MET)


Startpoint: rst_n (input port clocked by clk)
Endpoint: _26_ (recovery check against rising-edge clock clk)
Path Group: asynchronous
Path Type: max

Fanout         Cap        Slew       Delay        Time   Description
---------------------------------------------------------------------------------------------
                                  0.000000    0.000000   clock clk (rise edge)
                                  0.000000    0.000000   clock network delay (propagated)
                                  4.000000    4.000000 ^ input external delay
     1    0.002317    0.029062    0.013292    4.013292 ^ rst_n (in)
                                                         rst_n (net)
                      0.029062    0.000000    4.013292 ^ input1/A (sky130_fd_sc_hd__buf_2)
     6    0.032470    0.259130    0.313316    4.326608 ^ input1/X (sky130_fd_sc_hd__buf_2)
                                                         net1 (net)
                      0.259157    0.002211    4.328818 ^ _26_/RESET_B (sky130_fd_sc_hd__dfrtp_4)
                                              4.328818   data arrival time

                                 20.000000   20.000000   clock clk (rise edge)
                                  0.000000   20.000000   clock source latency
     1    0.012924    0.101247    0.067271   20.067270 ^ clk (in)
                                                         clk (net)
                      0.101260    0.000000   20.067270 ^ clkbuf_0_clk/A (sky130_fd_sc_hd__clkbuf_16)
     2    0.019090    0.066308    0.234269   20.301540 ^ clkbuf_0_clk/X (sky130_fd_sc_hd__clkbuf_16)
                                                         clknet_0_clk (net)
                      0.066324    0.001146   20.302687 ^ clkbuf_1_1__f_clk/A (sky130_fd_sc_hd__clkbuf_16)
     3    0.008385    0.052361    0.202796   20.505482 ^ clkbuf_1_1__f_clk/X (sky130_fd_sc_hd__clkbuf_16)
                                                         clknet_1_1__leaf_clk (net)
                      0.052361    0.000458   20.505941 ^ _26_/CLK (sky130_fd_sc_hd__dfrtp_4)
                                 -0.250000   20.255941   clock uncertainty
                                  0.000000   20.255941   clock reconvergence pessimism
                                  0.349254   20.605196   library recovery time
                                             20.605196   data required time
---------------------------------------------------------------------------------------------
                                             20.605196   data required time
                                             -4.328818   data arrival time
---------------------------------------------------------------------------------------------
                                             16.276379   slack (MET)


Startpoint: rst_n (input port clocked by clk)
Endpoint: _29_ (recovery check against rising-edge clock clk)
Path Group: asynchronous
Path Type: max

Fanout         Cap        Slew       Delay        Time   Description
---------------------------------------------------------------------------------------------
                                  0.000000    0.000000   clock clk (rise edge)
                                  0.000000    0.000000   clock network delay (propagated)
                                  4.000000    4.000000 ^ input external delay
     1    0.002317    0.029062    0.013292    4.013292 ^ rst_n (in)
                                                         rst_n (net)
                      0.029062    0.000000    4.013292 ^ input1/A (sky130_fd_sc_hd__buf_2)
     6    0.032470    0.259130    0.313316    4.326608 ^ input1/X (sky130_fd_sc_hd__buf_2)
                                                         net1 (net)
                      0.259239    0.004403    4.331011 ^ _29_/RESET_B (sky130_fd_sc_hd__dfrtp_4)
                                              4.331011   data arrival time

                                 20.000000   20.000000   clock clk (rise edge)
                                  0.000000   20.000000   clock source latency
     1    0.012924    0.101247    0.067271   20.067270 ^ clk (in)
                                                         clk (net)
                      0.101260    0.000000   20.067270 ^ clkbuf_0_clk/A (sky130_fd_sc_hd__clkbuf_16)
     2    0.019090    0.066308    0.234269   20.301540 ^ clkbuf_0_clk/X (sky130_fd_sc_hd__clkbuf_16)
                                                         clknet_0_clk (net)
                      0.066324    0.001169   20.302710 ^ clkbuf_1_0__f_clk/A (sky130_fd_sc_hd__clkbuf_16)
     3    0.009432    0.054164    0.204736   20.507444 ^ clkbuf_1_0__f_clk/X (sky130_fd_sc_hd__clkbuf_16)
                                                         clknet_1_0__leaf_clk (net)
                      0.054165    0.000453   20.507898 ^ _29_/CLK (sky130_fd_sc_hd__dfrtp_4)
                                 -0.250000   20.257898   clock uncertainty
                                  0.000000   20.257898   clock reconvergence pessimism
                                  0.349827   20.607725   library recovery time
                                             20.607725   data required time
---------------------------------------------------------------------------------------------
                                             20.607725   data required time
                                             -4.331011   data arrival time
---------------------------------------------------------------------------------------------
                                             16.276716   slack (MET)


Startpoint: rst_n (input port clocked by clk)
Endpoint: _28_ (recovery check against rising-edge clock clk)
Path Group: asynchronous
Path Type: max

Fanout         Cap        Slew       Delay        Time   Description
---------------------------------------------------------------------------------------------
                                  0.000000    0.000000   clock clk (rise edge)
                                  0.000000    0.000000   clock network delay (propagated)
                                  4.000000    4.000000 ^ input external delay
     1    0.002317    0.029062    0.013292    4.013292 ^ rst_n (in)
                                                         rst_n (net)
                      0.029062    0.000000    4.013292 ^ input1/A (sky130_fd_sc_hd__buf_2)
     6    0.032470    0.259130    0.313316    4.326608 ^ input1/X (sky130_fd_sc_hd__buf_2)
                                                         net1 (net)
                      0.259239    0.004396    4.331004 ^ _28_/RESET_B (sky130_fd_sc_hd__dfrtp_4)
                                              4.331004   data arrival time

                                 20.000000   20.000000   clock clk (rise edge)
                                  0.000000   20.000000   clock source latency
     1    0.012924    0.101247    0.067271   20.067270 ^ clk (in)
                                                         clk (net)
                      0.101260    0.000000   20.067270 ^ clkbuf_0_clk/A (sky130_fd_sc_hd__clkbuf_16)
     2    0.019090    0.066308    0.234269   20.301540 ^ clkbuf_0_clk/X (sky130_fd_sc_hd__clkbuf_16)
                                                         clknet_0_clk (net)
                      0.066324    0.001169   20.302710 ^ clkbuf_1_0__f_clk/A (sky130_fd_sc_hd__clkbuf_16)
     3    0.009432    0.054164    0.204736   20.507444 ^ clkbuf_1_0__f_clk/X (sky130_fd_sc_hd__clkbuf_16)
                                                         clknet_1_0__leaf_clk (net)
                      0.054166    0.000739   20.508184 ^ _28_/CLK (sky130_fd_sc_hd__dfrtp_4)
                                 -0.250000   20.258184   clock uncertainty
                                  0.000000   20.258184   clock reconvergence pessimism
                                  0.349828   20.608013   library recovery time
                                             20.608013   data required time
---------------------------------------------------------------------------------------------
                                             20.608013   data required time
                                             -4.331004   data arrival time
---------------------------------------------------------------------------------------------
                                             16.277010   slack (MET)


Startpoint: rst_n (input port clocked by clk)
Endpoint: _27_ (recovery check against rising-edge clock clk)
Path Group: asynchronous
Path Type: max

Fanout         Cap        Slew       Delay        Time   Description
---------------------------------------------------------------------------------------------
                                  0.000000    0.000000   clock clk (rise edge)
                                  0.000000    0.000000   clock network delay (propagated)
                                  4.000000    4.000000 ^ input external delay
     1    0.002317    0.029062    0.013292    4.013292 ^ rst_n (in)
                                                         rst_n (net)
                      0.029062    0.000000    4.013292 ^ input1/A (sky130_fd_sc_hd__buf_2)
     6    0.032470    0.259130    0.313316    4.326608 ^ input1/X (sky130_fd_sc_hd__buf_2)
                                                         net1 (net)
                      0.259225    0.004114    4.330722 ^ _27_/RESET_B (sky130_fd_sc_hd__dfrtp_4)
                                              4.330722   data arrival time

                                 20.000000   20.000000   clock clk (rise edge)
                                  0.000000   20.000000   clock source latency
     1    0.012924    0.101247    0.067271   20.067270 ^ clk (in)
                                                         clk (net)
                      0.101260    0.000000   20.067270 ^ clkbuf_0_clk/A (sky130_fd_sc_hd__clkbuf_16)
     2    0.019090    0.066308    0.234269   20.301540 ^ clkbuf_0_clk/X (sky130_fd_sc_hd__clkbuf_16)
                                                         clknet_0_clk (net)
                      0.066324    0.001169   20.302710 ^ clkbuf_1_0__f_clk/A (sky130_fd_sc_hd__clkbuf_16)
     3    0.009432    0.054164    0.204736   20.507444 ^ clkbuf_1_0__f_clk/X (sky130_fd_sc_hd__clkbuf_16)
                                                         clknet_1_0__leaf_clk (net)
                      0.054166    0.000682   20.508127 ^ _27_/CLK (sky130_fd_sc_hd__dfrtp_4)
                                 -0.250000   20.258129   clock uncertainty
                                  0.000000   20.258129   clock reconvergence pessimism
                                  0.349834   20.607962   library recovery time
                                             20.607962   data required time
---------------------------------------------------------------------------------------------
                                             20.607962   data required time
                                             -4.330722   data arrival time
---------------------------------------------------------------------------------------------
                                             16.277241   slack (MET)


Startpoint: _26_ (rising edge-triggered flip-flop clocked by clk)
Endpoint: _28_ (rising edge-triggered flip-flop clocked by clk)
Path Group: clk
Path Type: max

Fanout         Cap        Slew       Delay        Time   Description
---------------------------------------------------------------------------------------------
                                  0.000000    0.000000   clock clk (rise edge)
                                  0.000000    0.000000   clock source latency
     1    0.012924    0.101247    0.067270    0.067270 ^ clk (in)
                                                         clk (net)
                      0.101260    0.000000    0.067270 ^ clkbuf_0_clk/A (sky130_fd_sc_hd__clkbuf_16)
     2    0.019090    0.066308    0.234270    0.301540 ^ clkbuf_0_clk/X (sky130_fd_sc_hd__clkbuf_16)
                                                         clknet_0_clk (net)
                      0.066324    0.001146    0.302685 ^ clkbuf_1_1__f_clk/A (sky130_fd_sc_hd__clkbuf_16)
     3    0.008385    0.052361    0.202797    0.505482 ^ clkbuf_1_1__f_clk/X (sky130_fd_sc_hd__clkbuf_16)
                                                         clknet_1_1__leaf_clk (net)
                      0.052361    0.000458    0.505940 ^ _26_/CLK (sky130_fd_sc_hd__dfrtp_4)
     4    0.048430    0.215918    1.118963    1.624903 v _26_/Q (sky130_fd_sc_hd__dfrtp_4)
                                                         uo_out[2] (net)
                      0.216184    0.004159    1.629062 v _17_/C (sky130_fd_sc_hd__and4_1)
     3    0.009361    0.125927    0.510881    2.139943 v _17_/X (sky130_fd_sc_hd__and4_1)
                                                         _08_ (net)
                      0.125930    0.000852    2.140795 v _21_/B (sky130_fd_sc_hd__or2_1)
     1    0.001696    0.086646    0.460900    2.601696 v _21_/X (sky130_fd_sc_hd__or2_1)
                                                         _11_ (net)
                      0.086646    0.000080    2.601776 v _22_/B (sky130_fd_sc_hd__and2_1)
     1    0.002546    0.066005    0.317856    2.919632 v _22_/X (sky130_fd_sc_hd__and2_1)
                                                         _04_ (net)
                      0.066005    0.000177    2.919809 v _28_/D (sky130_fd_sc_hd__dfrtp_4)
                                              2.919809   data arrival time

                                 20.000000   20.000000   clock clk (rise edge)
                                  0.000000   20.000000   clock source latency
     1    0.012924    0.101247    0.067271   20.067270 ^ clk (in)
                                                         clk (net)
                      0.101260    0.000000   20.067270 ^ clkbuf_0_clk/A (sky130_fd_sc_hd__clkbuf_16)
     2    0.019090    0.066308    0.234269   20.301540 ^ clkbuf_0_clk/X (sky130_fd_sc_hd__clkbuf_16)
                                                         clknet_0_clk (net)
                      0.066324    0.001169   20.302710 ^ clkbuf_1_0__f_clk/A (sky130_fd_sc_hd__clkbuf_16)
     3    0.009432    0.054164    0.204736   20.507444 ^ clkbuf_1_0__f_clk/X (sky130_fd_sc_hd__clkbuf_16)
                                                         clknet_1_0__leaf_clk (net)
                      0.054166    0.000739   20.508184 ^ _28_/CLK (sky130_fd_sc_hd__dfrtp_4)
                                 -0.250000   20.258184   clock uncertainty
                                  0.000000   20.258184   clock reconvergence pessimism
                                 -0.277319   19.980865   library setup time
                                             19.980865   data required time
---------------------------------------------------------------------------------------------
                                             19.980865   data required time
                                             -2.919809   data arrival time
---------------------------------------------------------------------------------------------
                                             17.061056   slack (MET)


Startpoint: _26_ (rising edge-triggered flip-flop clocked by clk)
Endpoint: _29_ (rising edge-triggered flip-flop clocked by clk)
Path Group: clk
Path Type: max

Fanout         Cap        Slew       Delay        Time   Description
---------------------------------------------------------------------------------------------
                                  0.000000    0.000000   clock clk (rise edge)
                                  0.000000    0.000000   clock source latency
     1    0.012924    0.101247    0.067270    0.067270 ^ clk (in)
                                                         clk (net)
                      0.101260    0.000000    0.067270 ^ clkbuf_0_clk/A (sky130_fd_sc_hd__clkbuf_16)
     2    0.019090    0.066308    0.234270    0.301540 ^ clkbuf_0_clk/X (sky130_fd_sc_hd__clkbuf_16)
                                                         clknet_0_clk (net)
                      0.066324    0.001146    0.302685 ^ clkbuf_1_1__f_clk/A (sky130_fd_sc_hd__clkbuf_16)
     3    0.008385    0.052361    0.202797    0.505482 ^ clkbuf_1_1__f_clk/X (sky130_fd_sc_hd__clkbuf_16)
                                                         clknet_1_1__leaf_clk (net)
                      0.052361    0.000458    0.505940 ^ _26_/CLK (sky130_fd_sc_hd__dfrtp_4)
     4    0.048948    0.269107    0.969661    1.475601 ^ _26_/Q (sky130_fd_sc_hd__dfrtp_4)
                                                         uo_out[2] (net)
                      0.269175    0.004203    1.479804 ^ _17_/C (sky130_fd_sc_hd__and4_1)
     3    0.009769    0.194877    0.537863    2.017667 ^ _17_/X (sky130_fd_sc_hd__and4_1)
                                                         _08_ (net)
                      0.194879    0.000950    2.018616 ^ _20_/B (sky130_fd_sc_hd__nand2_1)
     2    0.006266    0.132395    0.194273    2.212889 v _20_/Y (sky130_fd_sc_hd__nand2_1)
                                                         _10_ (net)
                      0.132395    0.000389    2.213279 v _23_/B (sky130_fd_sc_hd__xnor2_1)
     1    0.005092    0.124818    0.258171    2.471450 v _23_/Y (sky130_fd_sc_hd__xnor2_1)
                                                         _05_ (net)
                      0.124818    0.000267    2.471717 v _29_/D (sky130_fd_sc_hd__dfrtp_4)
                                              2.471717   data arrival time

                                 20.000000   20.000000   clock clk (rise edge)
                                  0.000000   20.000000   clock source latency
     1    0.012924    0.101247    0.067271   20.067270 ^ clk (in)
                                                         clk (net)
                      0.101260    0.000000   20.067270 ^ clkbuf_0_clk/A (sky130_fd_sc_hd__clkbuf_16)
     2    0.019090    0.066308    0.234269   20.301540 ^ clkbuf_0_clk/X (sky130_fd_sc_hd__clkbuf_16)
                                                         clknet_0_clk (net)
                      0.066324    0.001169   20.302710 ^ clkbuf_1_0__f_clk/A (sky130_fd_sc_hd__clkbuf_16)
     3    0.009432    0.054164    0.204736   20.507444 ^ clkbuf_1_0__f_clk/X (sky130_fd_sc_hd__clkbuf_16)
                                                         clknet_1_0__leaf_clk (net)
                      0.054165    0.000453   20.507898 ^ _29_/CLK (sky130_fd_sc_hd__dfrtp_4)
                                 -0.250000   20.257898   clock uncertainty
                                  0.000000   20.257898   clock reconvergence pessimism
                                 -0.301855   19.956045   library setup time
                                             19.956045   data required time
---------------------------------------------------------------------------------------------
                                             19.956045   data required time
                                             -2.471717   data arrival time
---------------------------------------------------------------------------------------------
                                             17.484327   slack (MET)


Startpoint: _25_ (rising edge-triggered flip-flop clocked by clk)
Endpoint: _25_ (rising edge-triggered flip-flop clocked by clk)
Path Group: clk
Path Type: max

Fanout         Cap        Slew       Delay        Time   Description
---------------------------------------------------------------------------------------------
                                  0.000000    0.000000   clock clk (rise edge)
                                  0.000000    0.000000   clock source latency
     1    0.012924    0.101247    0.067270    0.067270 ^ clk (in)
                                                         clk (net)
                      0.101260    0.000000    0.067270 ^ clkbuf_0_clk/A (sky130_fd_sc_hd__clkbuf_16)
     2    0.019090    0.066308    0.234270    0.301540 ^ clkbuf_0_clk/X (sky130_fd_sc_hd__clkbuf_16)
                                                         clknet_0_clk (net)
                      0.066324    0.001146    0.302685 ^ clkbuf_1_1__f_clk/A (sky130_fd_sc_hd__clkbuf_16)
     3    0.008385    0.052361    0.202797    0.505482 ^ clkbuf_1_1__f_clk/X (sky130_fd_sc_hd__clkbuf_16)
                                                         clknet_1_1__leaf_clk (net)
                      0.052361    0.000460    0.505942 ^ _25_/CLK (sky130_fd_sc_hd__dfrtp_4)
     5    0.044722    0.207121    1.109984    1.615927 v _25_/Q (sky130_fd_sc_hd__dfrtp_4)
                                                         uo_out[1] (net)
                      0.207308    0.002610    1.618537 v _14_/A (sky130_fd_sc_hd__or2_1)
     1    0.001644    0.086734    0.532205    2.150741 v _14_/X (sky130_fd_sc_hd__or2_1)
                                                         _07_ (net)
                      0.086734    0.000075    2.150816 v _15_/B (sky130_fd_sc_hd__and2_1)
     1    0.003685    0.075134    0.330056    2.480872 v _15_/X (sky130_fd_sc_hd__and2_1)
                                                         _01_ (net)
                      0.075169    0.000242    2.481114 v _25_/D (sky130_fd_sc_hd__dfrtp_4)
                                              2.481114   data arrival time

                                 20.000000   20.000000   clock clk (rise edge)
                                  0.000000   20.000000   clock source latency
     1    0.012924    0.101247    0.067271   20.067270 ^ clk (in)
                                                         clk (net)
                      0.101260    0.000000   20.067270 ^ clkbuf_0_clk/A (sky130_fd_sc_hd__clkbuf_16)
     2    0.019090    0.066308    0.234269   20.301540 ^ clkbuf_0_clk/X (sky130_fd_sc_hd__clkbuf_16)
                                                         clknet_0_clk (net)
                      0.066324    0.001146   20.302687 ^ clkbuf_1_1__f_clk/A (sky130_fd_sc_hd__clkbuf_16)
     3    0.008385    0.052361    0.202796   20.505482 ^ clkbuf_1_1__f_clk/X (sky130_fd_sc_hd__clkbuf_16)
                                                         clknet_1_1__leaf_clk (net)
                      0.052361    0.000460   20.505943 ^ _25_/CLK (sky130_fd_sc_hd__dfrtp_4)
                                 -0.250000   20.255943   clock uncertainty
                                  0.000000   20.255943   clock reconvergence pessimism
                                 -0.281622   19.974321   library setup time
                                             19.974321   data required time
---------------------------------------------------------------------------------------------
                                             19.974321   data required time
                                             -2.481114   data arrival time
---------------------------------------------------------------------------------------------
                                             17.493208   slack (MET)


Startpoint: _26_ (rising edge-triggered flip-flop clocked by clk)
Endpoint: _27_ (rising edge-triggered flip-flop clocked by clk)
Path Group: clk
Path Type: max

Fanout         Cap        Slew       Delay        Time   Description
---------------------------------------------------------------------------------------------
                                  0.000000    0.000000   clock clk (rise edge)
                                  0.000000    0.000000   clock source latency
     1    0.012924    0.101247    0.067270    0.067270 ^ clk (in)
                                                         clk (net)
                      0.101260    0.000000    0.067270 ^ clkbuf_0_clk/A (sky130_fd_sc_hd__clkbuf_16)
     2    0.019090    0.066308    0.234270    0.301540 ^ clkbuf_0_clk/X (sky130_fd_sc_hd__clkbuf_16)
                                                         clknet_0_clk (net)
                      0.066324    0.001146    0.302685 ^ clkbuf_1_1__f_clk/A (sky130_fd_sc_hd__clkbuf_16)
     3    0.008385    0.052361    0.202797    0.505482 ^ clkbuf_1_1__f_clk/X (sky130_fd_sc_hd__clkbuf_16)
                                                         clknet_1_1__leaf_clk (net)
                      0.052361    0.000458    0.505940 ^ _26_/CLK (sky130_fd_sc_hd__dfrtp_4)
     4    0.048948    0.269107    0.969661    1.475601 ^ _26_/Q (sky130_fd_sc_hd__dfrtp_4)
                                                         uo_out[2] (net)
                      0.269175    0.004203    1.479804 ^ _17_/C (sky130_fd_sc_hd__and4_1)
     3    0.009769    0.194877    0.537863    2.017667 ^ _17_/X (sky130_fd_sc_hd__and4_1)
                                                         _08_ (net)
                      0.194877    0.000653    2.018319 ^ _19_/A_N (sky130_fd_sc_hd__and2b_1)
     1    0.002700    0.064786    0.405235    2.423554 v _19_/X (sky130_fd_sc_hd__and2b_1)
                                                         _03_ (net)
                      0.064786    0.000184    2.423738 v _27_/D (sky130_fd_sc_hd__dfrtp_4)
                                              2.423738   data arrival time

                                 20.000000   20.000000   clock clk (rise edge)
                                  0.000000   20.000000   clock source latency
     1    0.012924    0.101247    0.067271   20.067270 ^ clk (in)
                                                         clk (net)
                      0.101260    0.000000   20.067270 ^ clkbuf_0_clk/A (sky130_fd_sc_hd__clkbuf_16)
     2    0.019090    0.066308    0.234269   20.301540 ^ clkbuf_0_clk/X (sky130_fd_sc_hd__clkbuf_16)
                                                         clknet_0_clk (net)
                      0.066324    0.001169   20.302710 ^ clkbuf_1_0__f_clk/A (sky130_fd_sc_hd__clkbuf_16)
     3    0.009432    0.054164    0.204736   20.507444 ^ clkbuf_1_0__f_clk/X (sky130_fd_sc_hd__clkbuf_16)
                                                         clknet_1_0__leaf_clk (net)
                      0.054166    0.000682   20.508127 ^ _27_/CLK (sky130_fd_sc_hd__dfrtp_4)
                                 -0.250000   20.258129   clock uncertainty
                                  0.000000   20.258129   clock reconvergence pessimism
                                 -0.276810   19.981319   library setup time
                                             19.981319   data required time
---------------------------------------------------------------------------------------------
                                             19.981319   data required time
                                             -2.423738   data arrival time
---------------------------------------------------------------------------------------------
                                             17.557581   slack (MET)


Startpoint: _24_ (rising edge-triggered flip-flop clocked by clk)
Endpoint: _26_ (rising edge-triggered flip-flop clocked by clk)
Path Group: clk
Path Type: max

Fanout         Cap        Slew       Delay        Time   Description
---------------------------------------------------------------------------------------------
                                  0.000000    0.000000   clock clk (rise edge)
                                  0.000000    0.000000   clock source latency
     1    0.012924    0.101247    0.067270    0.067270 ^ clk (in)
                                                         clk (net)
                      0.101260    0.000000    0.067270 ^ clkbuf_0_clk/A (sky130_fd_sc_hd__clkbuf_16)
     2    0.019090    0.066308    0.234270    0.301540 ^ clkbuf_0_clk/X (sky130_fd_sc_hd__clkbuf_16)
                                                         clknet_0_clk (net)
                      0.066324    0.001146    0.302685 ^ clkbuf_1_1__f_clk/A (sky130_fd_sc_hd__clkbuf_16)
     3    0.008385    0.052361    0.202797    0.505482 ^ clkbuf_1_1__f_clk/X (sky130_fd_sc_hd__clkbuf_16)
                                                         clknet_1_1__leaf_clk (net)
                      0.052361    0.000474    0.505956 ^ _24_/CLK (sky130_fd_sc_hd__dfrtp_4)
     6    0.048846    0.216724    1.121389    1.627345 v _24_/Q (sky130_fd_sc_hd__dfrtp_4)
                                                         uo_out[0] (net)
                      0.216746    0.002341    1.629687 v _13_/B (sky130_fd_sc_hd__nand2_1)
     2    0.007906    0.143801    0.220601    1.850287 ^ _13_/Y (sky130_fd_sc_hd__nand2_1)
                                                         _06_ (net)
                      0.143801    0.000496    1.850783 ^ _16_/B (sky130_fd_sc_hd__xnor2_1)
     1    0.003405    0.104479    0.152025    2.002808 v _16_/Y (sky130_fd_sc_hd__xnor2_1)
                                                         _02_ (net)
                      0.104479    0.000203    2.003011 v _26_/D (sky130_fd_sc_hd__dfrtp_4)
                                              2.003011   data arrival time

                                 20.000000   20.000000   clock clk (rise edge)
                                  0.000000   20.000000   clock source latency
     1    0.012924    0.101247    0.067271   20.067270 ^ clk (in)
                                                         clk (net)
                      0.101260    0.000000   20.067270 ^ clkbuf_0_clk/A (sky130_fd_sc_hd__clkbuf_16)
     2    0.019090    0.066308    0.234269   20.301540 ^ clkbuf_0_clk/X (sky130_fd_sc_hd__clkbuf_16)
                                                         clknet_0_clk (net)
                      0.066324    0.001146   20.302687 ^ clkbuf_1_1__f_clk/A (sky130_fd_sc_hd__clkbuf_16)
     3    0.008385    0.052361    0.202796   20.505482 ^ clkbuf_1_1__f_clk/X (sky130_fd_sc_hd__clkbuf_16)
                                                         clknet_1_1__leaf_clk (net)
                      0.052361    0.000458   20.505941 ^ _26_/CLK (sky130_fd_sc_hd__dfrtp_4)
                                 -0.250000   20.255941   clock uncertainty
                                  0.000000   20.255941   clock reconvergence pessimism
                                 -0.293850   19.962091   library setup time
                                             19.962091   data required time
---------------------------------------------------------------------------------------------
                                             19.962091   data required time
                                             -2.003011   data arrival time
---------------------------------------------------------------------------------------------
                                             17.959080   slack (MET)


Startpoint: _24_ (rising edge-triggered flip-flop clocked by clk)
Endpoint: _24_ (rising edge-triggered flip-flop clocked by clk)
Path Group: clk
Path Type: max

Fanout         Cap        Slew       Delay        Time   Description
---------------------------------------------------------------------------------------------
                                  0.000000    0.000000   clock clk (rise edge)
                                  0.000000    0.000000   clock source latency
     1    0.012924    0.101247    0.067270    0.067270 ^ clk (in)
                                                         clk (net)
                      0.101260    0.000000    0.067270 ^ clkbuf_0_clk/A (sky130_fd_sc_hd__clkbuf_16)
     2    0.019090    0.066308    0.234270    0.301540 ^ clkbuf_0_clk/X (sky130_fd_sc_hd__clkbuf_16)
                                                         clknet_0_clk (net)
                      0.066324    0.001146    0.302685 ^ clkbuf_1_1__f_clk/A (sky130_fd_sc_hd__clkbuf_16)
     3    0.008385    0.052361    0.202797    0.505482 ^ clkbuf_1_1__f_clk/X (sky130_fd_sc_hd__clkbuf_16)
                                                         clknet_1_1__leaf_clk (net)
                      0.052361    0.000474    0.505956 ^ _24_/CLK (sky130_fd_sc_hd__dfrtp_4)
     6    0.048846    0.216724    1.121389    1.627345 v _24_/Q (sky130_fd_sc_hd__dfrtp_4)
                                                         uo_out[0] (net)
                      0.216747    0.002375    1.629720 v _12_/A (sky130_fd_sc_hd__inv_2)
     1    0.002529    0.062726    0.114829    1.744549 ^ _12_/Y (sky130_fd_sc_hd__inv_2)
                                                         _00_ (net)
                      0.062726    0.000186    1.744735 ^ _24_/D (sky130_fd_sc_hd__dfrtp_4)
                                              1.744735   data arrival time

                                 20.000000   20.000000   clock clk (rise edge)
                                  0.000000   20.000000   clock source latency
     1    0.012924    0.101247    0.067271   20.067270 ^ clk (in)
                                                         clk (net)
                      0.101260    0.000000   20.067270 ^ clkbuf_0_clk/A (sky130_fd_sc_hd__clkbuf_16)
     2    0.019090    0.066308    0.234269   20.301540 ^ clkbuf_0_clk/X (sky130_fd_sc_hd__clkbuf_16)
                                                         clknet_0_clk (net)
                      0.066324    0.001146   20.302687 ^ clkbuf_1_1__f_clk/A (sky130_fd_sc_hd__clkbuf_16)
     3    0.008385    0.052361    0.202796   20.505482 ^ clkbuf_1_1__f_clk/X (sky130_fd_sc_hd__clkbuf_16)
                                                         clknet_1_1__leaf_clk (net)
                      0.052361    0.000474   20.505957 ^ _24_/CLK (sky130_fd_sc_hd__dfrtp_4)
                                 -0.250000   20.255957   clock uncertainty
                                  0.000000   20.255957   clock reconvergence pessimism
                                 -0.137948   20.118010   library setup time
                                             20.118010   data required time
---------------------------------------------------------------------------------------------
                                             20.118010   data required time
                                             -1.744735   data arrival time
---------------------------------------------------------------------------------------------
                                             18.373276   slack (MET)



%OL_END_REPORT
%OL_CREATE_REPORT checks.rpt

===========================================================================
report_checks -unconstrained
===========================================================================
======================= max_ss_100C_1v60 Corner ===================================

Startpoint: rst_n (input port clocked by clk)
Endpoint: _24_ (recovery check against rising-edge clock clk)
Path Group: asynchronous
Path Type: max

Fanout         Cap        Slew       Delay        Time   Description
---------------------------------------------------------------------------------------------
                                  0.000000    0.000000   clock clk (rise edge)
                                  0.000000    0.000000   clock network delay (propagated)
                                  4.000000    4.000000 ^ input external delay
     1    0.002317    0.029062    0.013292    4.013292 ^ rst_n (in)
                                                         rst_n (net)
                      0.029062    0.000000    4.013292 ^ input1/A (sky130_fd_sc_hd__buf_2)
     6    0.032470    0.259130    0.313316    4.326608 ^ input1/X (sky130_fd_sc_hd__buf_2)
                                                         net1 (net)
                      0.259211    0.003793    4.330400 ^ _24_/RESET_B (sky130_fd_sc_hd__dfrtp_4)
                                              4.330400   data arrival time

                                 20.000000   20.000000   clock clk (rise edge)
                                  0.000000   20.000000   clock source latency
     1    0.012924    0.101247    0.067271   20.067270 ^ clk (in)
                                                         clk (net)
                      0.101260    0.000000   20.067270 ^ clkbuf_0_clk/A (sky130_fd_sc_hd__clkbuf_16)
     2    0.019090    0.066308    0.234269   20.301540 ^ clkbuf_0_clk/X (sky130_fd_sc_hd__clkbuf_16)
                                                         clknet_0_clk (net)
                      0.066324    0.001146   20.302687 ^ clkbuf_1_1__f_clk/A (sky130_fd_sc_hd__clkbuf_16)
     3    0.008385    0.052361    0.202796   20.505482 ^ clkbuf_1_1__f_clk/X (sky130_fd_sc_hd__clkbuf_16)
                                                         clknet_1_1__leaf_clk (net)
                      0.052361    0.000474   20.505957 ^ _24_/CLK (sky130_fd_sc_hd__dfrtp_4)
                                 -0.250000   20.255957   clock uncertainty
                                  0.000000   20.255957   clock reconvergence pessimism
                                  0.349229   20.605186   library recovery time
                                             20.605186   data required time
---------------------------------------------------------------------------------------------
                                             20.605186   data required time
                                             -4.330400   data arrival time
---------------------------------------------------------------------------------------------
                                             16.274786   slack (MET)


Startpoint: _26_ (rising edge-triggered flip-flop clocked by clk)
Endpoint: uo_out[2] (output port clocked by clk)
Path Group: clk
Path Type: max

Fanout         Cap        Slew       Delay        Time   Description
---------------------------------------------------------------------------------------------
                                  0.000000    0.000000   clock clk (rise edge)
                                  0.000000    0.000000   clock source latency
     1    0.012924    0.101247    0.067270    0.067270 ^ clk (in)
                                                         clk (net)
                      0.101260    0.000000    0.067270 ^ clkbuf_0_clk/A (sky130_fd_sc_hd__clkbuf_16)
     2    0.019090    0.066308    0.234270    0.301540 ^ clkbuf_0_clk/X (sky130_fd_sc_hd__clkbuf_16)
                                                         clknet_0_clk (net)
                      0.066324    0.001146    0.302685 ^ clkbuf_1_1__f_clk/A (sky130_fd_sc_hd__clkbuf_16)
     3    0.008385    0.052361    0.202797    0.505482 ^ clkbuf_1_1__f_clk/X (sky130_fd_sc_hd__clkbuf_16)
                                                         clknet_1_1__leaf_clk (net)
                      0.052361    0.000458    0.505940 ^ _26_/CLK (sky130_fd_sc_hd__dfrtp_4)
     4    0.048430    0.215918    1.118963    1.624903 v _26_/Q (sky130_fd_sc_hd__dfrtp_4)
                                                         uo_out[2] (net)
                      0.216265    0.005470    1.630373 v uo_out[2] (out)
                                              1.630373   data arrival time

                                 20.000000   20.000000   clock clk (rise edge)
                                  0.000000   20.000000   clock network delay (propagated)
                                 -0.250000   19.750002   clock uncertainty
                                  0.000000   19.750002   clock reconvergence pessimism
                                 -4.000000   15.750001   output external delay
                                             15.750001   data required time
---------------------------------------------------------------------------------------------
                                             15.750001   data required time
                                             -1.630373   data arrival time
---------------------------------------------------------------------------------------------
                                             14.119628   slack (MET)




===========================================================================
report_checks --slack_max -0.01
============================================================================
======================= max_ss_100C_1v60 Corner ===================================

No paths found.


===========================================================================
 report_check_types -max_slew -max_cap -max_fanout -violators
============================================================================
======================= max_ss_100C_1v60 Corner ===================================



===========================================================================
report_parasitic_annotation -report_unannotated
============================================================================
Found 35 unannotated drivers.
 ena
 ui_in[0]
 ui_in[1]
 ui_in[2]
 ui_in[3]
 ui_in[4]
 ui_in[5]
 ui_in[6]
 ui_in[7]
 uio_in[0]
 uio_in[1]
 uio_in[2]
 uio_in[3]
 uio_in[4]
 uio_in[5]
 uio_in[6]
 uio_in[7]
 tt_um_josue_olivos_6bit_counter_10/HI
 tt_um_josue_olivos_6bit_counter_11/HI
 tt_um_josue_olivos_6bit_counter_12/HI
 tt_um_josue_olivos_6bit_counter_13/HI
 tt_um_josue_olivos_6bit_counter_14/HI
 tt_um_josue_olivos_6bit_counter_15/HI
 tt_um_josue_olivos_6bit_counter_16/HI
 tt_um_josue_olivos_6bit_counter_17/HI
 tt_um_josue_olivos_6bit_counter_18/HI
 tt_um_josue_olivos_6bit_counter_19/HI
 tt_um_josue_olivos_6bit_counter_2/HI
 tt_um_josue_olivos_6bit_counter_3/HI
 tt_um_josue_olivos_6bit_counter_4/HI
 tt_um_josue_olivos_6bit_counter_5/HI
 tt_um_josue_olivos_6bit_counter_6/HI
 tt_um_josue_olivos_6bit_counter_7/HI
 tt_um_josue_olivos_6bit_counter_8/HI
 tt_um_josue_olivos_6bit_counter_9/HI
Found 0 partially unannotated drivers.

===========================================================================
max slew violation count 0
%OL_METRIC_I design__max_slew_violation__count__corner:max_ss_100C_1v60 0
max fanout violation count 0
%OL_METRIC_I design__max_fanout_violation__count__corner:max_ss_100C_1v60 0
max cap violation count 0
%OL_METRIC_I design__max_cap_violation__count__corner:max_ss_100C_1v60 0
============================================================================

===========================================================================
check_setup -verbose -unconstrained_endpoints -multiple_clock -no_clock -no_input_delay -loops -generated_clocks
===========================================================================
Warning: There are 18 unconstrained endpoints.
  uio_oe[0]
  uio_oe[1]
  uio_oe[2]
  uio_oe[3]
  uio_oe[4]
  uio_oe[5]
  uio_oe[6]
  uio_oe[7]
  uio_out[0]
  uio_out[1]
  uio_out[2]
  uio_out[3]
  uio_out[4]
  uio_out[5]
  uio_out[6]
  uio_out[7]
  uo_out[6]
  uo_out[7]
%OL_END_REPORT
%OL_CREATE_REPORT power.rpt

===========================================================================
 report_power
============================================================================
======================= max_ss_100C_1v60 Corner ===================================

Group                    Internal    Switching      Leakage        Total
                            Power        Power        Power        Power (Watts)
------------------------------------------------------------------------
Sequential           9.510194e-06 0.000000e+00 1.233315e-07 9.633525e-06  27.2%
Combinational        5.939172e-08 2.125674e-07 4.595338e-08 3.179125e-07   0.9%
Clock                2.071904e-05 4.724208e-06 5.805390e-08 2.550131e-05  71.9%
Macro                0.000000e+00 0.000000e+00 0.000000e+00 0.000000e+00   0.0%
Pad                  0.000000e+00 0.000000e+00 0.000000e+00 0.000000e+00   0.0%
------------------------------------------------------------------------
Total                3.028863e-05 4.936775e-06 2.273387e-07 3.545274e-05 100.0%
                            85.4%        13.9%         0.6%
%OL_METRIC_F power__internal__total 3.02886310237227e-5
%OL_METRIC_F power__switching__total 4.936775440000929e-6
%OL_METRIC_F power__leakage__total 2.273386598972138e-7
%OL_METRIC_F power__total 3.545274375937879e-5

%OL_END_REPORT
%OL_CREATE_REPORT skew.min.rpt

===========================================================================
Clock Skew (Hold)
============================================================================
%OL_METRIC_F clock__skew__worst_hold__corner:max_ss_100C_1v60 -0.25224376079622535
======================= max_ss_100C_1v60 Corner ===================================

Clock clk
0.505940 source latency _26_/CLK ^
-0.508184 target latency _28_/CLK ^
-0.250000 clock uncertainty
0.000000 CRPR
--------------
-0.252244 hold skew

%OL_END_REPORT
%OL_CREATE_REPORT skew.max.rpt

===========================================================================
Clock Skew (Setup)
============================================================================
%OL_METRIC_F clock__skew__worst_setup__corner:max_ss_100C_1v60 0.2502862155038431
======================= max_ss_100C_1v60 Corner ===================================

Clock clk
0.508184 source latency _28_/CLK ^
-0.507897 target latency _29_/CLK ^
0.250000 clock uncertainty
0.000000 CRPR
--------------
0.250286 setup skew

%OL_END_REPORT
%OL_CREATE_REPORT ws.min.rpt

===========================================================================
Worst Slack (Hold)
============================================================================
%OL_METRIC_F timing__hold__ws__corner:max_ss_100C_1v60 0.9209482881415189
max_ss_100C_1v60: 0.9209482881415189
%OL_END_REPORT
%OL_CREATE_REPORT ws.max.rpt

===========================================================================
Worst Slack (Setup)
============================================================================
%OL_METRIC_F timing__setup__ws__corner:max_ss_100C_1v60 14.119627644509686
max_ss_100C_1v60: 14.119627644509686
%OL_END_REPORT
%OL_CREATE_REPORT tns.min.rpt

===========================================================================
Total Negative Slack (Hold)
============================================================================
%OL_METRIC_F timing__hold__tns__corner:max_ss_100C_1v60 0.0
max_ss_100C_1v60: 0.0
%OL_END_REPORT
%OL_CREATE_REPORT tns.max.rpt

===========================================================================
Total Negative Slack (Setup)
============================================================================
%OL_METRIC_F timing__setup__tns__corner:max_ss_100C_1v60 0.0
max_ss_100C_1v60: 0.0
%OL_END_REPORT
%OL_CREATE_REPORT wns.min.rpt

===========================================================================
Worst Negative Slack (Hold)
============================================================================
%OL_METRIC_F timing__hold__wns__corner:max_ss_100C_1v60 0
max_ss_100C_1v60: 0
%OL_END_REPORT
%OL_CREATE_REPORT wns.max.rpt

===========================================================================
Worst Negative Slack (Setup)
============================================================================
%OL_METRIC_F timing__setup__wns__corner:max_ss_100C_1v60 0.0
max_ss_100C_1v60: 0.0
%OL_END_REPORT
%OL_CREATE_REPORT violator_list.rpt

===========================================================================
Violator List
============================================================================
%OL_METRIC_I timing__hold_vio__count__corner:max_ss_100C_1v60 0
%OL_METRIC_F timing__hold_r2r__ws__corner:max_ss_100C_1v60 0.920948
%OL_METRIC_I timing__hold_r2r_vio__count__corner:max_ss_100C_1v60 0
%OL_METRIC_I timing__setup_vio__count__corner:max_ss_100C_1v60 0
%OL_METRIC_F timing__setup_r2r__ws__corner:max_ss_100C_1v60 17.061056
%OL_METRIC_I timing__setup_r2r_vio__count__corner:max_ss_100C_1v60 0
%OL_END_REPORT
%OL_CREATE_REPORT unpropagated.rpt
%OL_END_REPORT
%OL_CREATE_REPORT clock.rpt
Clock: clk
Sources: clk 
Generated: no
Virtual: yes
Propagated: no
Period: 20.000000

===========================================================================
report_clock_properties
============================================================================
Clock                   Period          Waveform
----------------------------------------------------
clk                  20.000000    0.000000 10.000000

===========================================================================
report_clock_latency
============================================================================
Clock clk
rise -> rise
    min     max
0.000000 0.000000 source latency
0.505940         network latency _26_/CLK
        0.508184 network latency _28_/CLK
---------------
0.505940 0.508184 latency
        0.002244 skew

fall -> fall
    min     max
0.000000 0.000000 source latency
0.521061         network latency _26_/CLK
        0.523041 network latency _28_/CLK
---------------
0.521061 0.523041 latency
        0.001980 skew



===========================================================================
report_clock_min_period
============================================================================
clk period_min = 2.94 fmax = 340.26
%OL_END_REPORT
Writing SDF files for all corners…
Removing Clock latencies before writing libs…
Writing timing models for all corners…
Writing timing models for the max_ss_100C_1v60 corner to /workspaces/tt-verilog-test-counter/runs/wokwi/54-openroad-stapostpnr/max_ss_100C_1v60/tt_um_josue_olivos_6bit_counter__max_ss_100C_1v60.lib…
