Reading timing models for corner max_tt_025C_1v80…
Reading cell library for the 'max_tt_025C_1v80' corner at '/home/vscode/ttsetup/pdk/ciel/sky130/versions/0fe599b2afb6708d281543108caf8310912f54af/sky130A/libs.ref/sky130_fd_sc_hd/lib/sky130_fd_sc_hd__tt_025C_1v80.lib'…
Reading top-level netlist at '/workspaces/tt-verilog-test-counter/runs/wokwi/51-openroad-fillinsertion/tt_um_josue_olivos_6bit_counter.nl.v'…
Linking design 'tt_um_josue_olivos_6bit_counter' from netlist…
Warning: /workspaces/tt-verilog-test-counter/runs/wokwi/51-openroad-fillinsertion/tt_um_josue_olivos_6bit_counter.nl.v line 213, module sky130_fd_sc_hd__tapvpwrvgnd_1 not found. Creating black box for TAP_TAPCELL_ROW_0_78.
Warning: /workspaces/tt-verilog-test-counter/runs/wokwi/51-openroad-fillinsertion/tt_um_josue_olivos_6bit_counter.nl.v line 445, module sky130_ef_sc_hd__decap_12 not found. Creating black box for FILLER_0_3.
Warning: /workspaces/tt-verilog-test-counter/runs/wokwi/51-openroad-fillinsertion/tt_um_josue_olivos_6bit_counter.nl.v line 447, module sky130_fd_sc_hd__fill_1 not found. Creating black box for FILLER_0_27.
Warning: /workspaces/tt-verilog-test-counter/runs/wokwi/51-openroad-fillinsertion/tt_um_josue_olivos_6bit_counter.nl.v line 480, module sky130_fd_sc_hd__fill_2 not found. Creating black box for FILLER_0_333.
Reading design constraints file at '/nix/store/pqxyc4xmydcs5adig47yyc29r3svp5nx-python3-3.11.9-env/lib/python3.11/site-packages/librelane/scripts/base.sdc'…
[INFO] Using clock clk…
[INFO] Setting output delay to: 4
[INFO] Setting input delay to: 4
[INFO] Setting load to: 0.033442
[INFO] Setting clock uncertainty to: 0.25
[INFO] Setting clock transition to: 0.1499999999999999944488848768742172978818416595458984375
[INFO] Setting timing derate to: 5%
Reading top-level design parasitics for the 'max_tt_025C_1v80' corner at '/workspaces/tt-verilog-test-counter/runs/wokwi/53-openroad-rcx/max/tt_um_josue_olivos_6bit_counter.max.spef'…
%OL_CREATE_REPORT min.rpt

===========================================================================
report_checks -path_delay min (Hold)
============================================================================
======================= max_tt_025C_1v80 Corner ===================================

Startpoint: _24_ (rising edge-triggered flip-flop clocked by clk)
Endpoint: _24_ (rising edge-triggered flip-flop clocked by clk)
Path Group: clk
Path Type: min

Fanout         Cap        Slew       Delay        Time   Description
---------------------------------------------------------------------------------------------
                                  0.000000    0.000000   clock clk (rise edge)
                                  0.000000    0.000000   clock source latency
     1    0.012924    0.064056    0.043851    0.043851 ^ clk (in)
                                                         clk (net)
                      0.064076    0.000000    0.043851 ^ clkbuf_0_clk/A (sky130_fd_sc_hd__clkbuf_16)
     2    0.019090    0.041068    0.131161    0.175013 ^ clkbuf_0_clk/X (sky130_fd_sc_hd__clkbuf_16)
                                                         clknet_0_clk (net)
                      0.041086    0.001145    0.176158 ^ clkbuf_1_1__f_clk/A (sky130_fd_sc_hd__clkbuf_16)
     3    0.008598    0.032138    0.113031    0.289189 ^ clkbuf_1_1__f_clk/X (sky130_fd_sc_hd__clkbuf_16)
                                                         clknet_1_1__leaf_clk (net)
                      0.032140    0.000487    0.289676 ^ _24_/CLK (sky130_fd_sc_hd__dfrtp_4)
     6    0.049858    0.165583    0.495075    0.784752 ^ _24_/Q (sky130_fd_sc_hd__dfrtp_4)
                                                         uo_out[0] (net)
                      0.165622    0.002440    0.787192 ^ _12_/A (sky130_fd_sc_hd__inv_2)
     1    0.002625    0.031639    0.037984    0.825176 v _12_/Y (sky130_fd_sc_hd__inv_2)
                                                         _00_ (net)
                      0.031639    0.000193    0.825370 v _24_/D (sky130_fd_sc_hd__dfrtp_4)
                                              0.825370   data arrival time

                                  0.000000    0.000000   clock clk (rise edge)
                                  0.000000    0.000000   clock source latency
     1    0.012924    0.064056    0.043851    0.043851 ^ clk (in)
                                                         clk (net)
                      0.064076    0.000000    0.043851 ^ clkbuf_0_clk/A (sky130_fd_sc_hd__clkbuf_16)
     2    0.019090    0.041068    0.131161    0.175013 ^ clkbuf_0_clk/X (sky130_fd_sc_hd__clkbuf_16)
                                                         clknet_0_clk (net)
                      0.041086    0.001145    0.176158 ^ clkbuf_1_1__f_clk/A (sky130_fd_sc_hd__clkbuf_16)
     3    0.008598    0.032138    0.113031    0.289189 ^ clkbuf_1_1__f_clk/X (sky130_fd_sc_hd__clkbuf_16)
                                                         clknet_1_1__leaf_clk (net)
                      0.032140    0.000487    0.289676 ^ _24_/CLK (sky130_fd_sc_hd__dfrtp_4)
                                  0.250000    0.539676   clock uncertainty
                                  0.000000    0.539676   clock reconvergence pessimism
                                 -0.039555    0.500121   library hold time
                                              0.500121   data required time
---------------------------------------------------------------------------------------------
                                              0.500121   data required time
                                             -0.825370   data arrival time
---------------------------------------------------------------------------------------------
                                              0.325249   slack (MET)


Startpoint: _29_ (rising edge-triggered flip-flop clocked by clk)
Endpoint: _29_ (rising edge-triggered flip-flop clocked by clk)
Path Group: clk
Path Type: min

Fanout         Cap        Slew       Delay        Time   Description
---------------------------------------------------------------------------------------------
                                  0.000000    0.000000   clock clk (rise edge)
                                  0.000000    0.000000   clock source latency
     1    0.012924    0.064056    0.043851    0.043851 ^ clk (in)
                                                         clk (net)
                      0.064076    0.000000    0.043851 ^ clkbuf_0_clk/A (sky130_fd_sc_hd__clkbuf_16)
     2    0.019090    0.041068    0.131161    0.175013 ^ clkbuf_0_clk/X (sky130_fd_sc_hd__clkbuf_16)
                                                         clknet_0_clk (net)
                      0.041086    0.001167    0.176180 ^ clkbuf_1_0__f_clk/A (sky130_fd_sc_hd__clkbuf_16)
     3    0.009645    0.033049    0.113989    0.290170 ^ clkbuf_1_0__f_clk/X (sky130_fd_sc_hd__clkbuf_16)
                                                         clknet_1_0__leaf_clk (net)
                      0.033050    0.000464    0.290633 ^ _29_/CLK (sky130_fd_sc_hd__dfrtp_4)
     2    0.039981    0.139723    0.473789    0.764423 ^ _29_/Q (sky130_fd_sc_hd__dfrtp_4)
                                                         uo_out[5] (net)
                      0.139745    0.001783    0.766205 ^ _23_/A (sky130_fd_sc_hd__xnor2_1)
     1    0.005203    0.050736    0.103134    0.869339 v _23_/Y (sky130_fd_sc_hd__xnor2_1)
                                                         _05_ (net)
                      0.050736    0.000277    0.869616 v _29_/D (sky130_fd_sc_hd__dfrtp_4)
                                              0.869616   data arrival time

                                  0.000000    0.000000   clock clk (rise edge)
                                  0.000000    0.000000   clock source latency
     1    0.012924    0.064056    0.043851    0.043851 ^ clk (in)
                                                         clk (net)
                      0.064076    0.000000    0.043851 ^ clkbuf_0_clk/A (sky130_fd_sc_hd__clkbuf_16)
     2    0.019090    0.041068    0.131161    0.175013 ^ clkbuf_0_clk/X (sky130_fd_sc_hd__clkbuf_16)
                                                         clknet_0_clk (net)
                      0.041086    0.001167    0.176180 ^ clkbuf_1_0__f_clk/A (sky130_fd_sc_hd__clkbuf_16)
     3    0.009645    0.033049    0.113989    0.290170 ^ clkbuf_1_0__f_clk/X (sky130_fd_sc_hd__clkbuf_16)
                                                         clknet_1_0__leaf_clk (net)
                      0.033050    0.000464    0.290633 ^ _29_/CLK (sky130_fd_sc_hd__dfrtp_4)
                                  0.250000    0.540633   clock uncertainty
                                  0.000000    0.540633   clock reconvergence pessimism
                                 -0.047078    0.493555   library hold time
                                              0.493555   data required time
---------------------------------------------------------------------------------------------
                                              0.493555   data required time
                                             -0.869616   data arrival time
---------------------------------------------------------------------------------------------
                                              0.376061   slack (MET)


Startpoint: _26_ (rising edge-triggered flip-flop clocked by clk)
Endpoint: _26_ (rising edge-triggered flip-flop clocked by clk)
Path Group: clk
Path Type: min

Fanout         Cap        Slew       Delay        Time   Description
---------------------------------------------------------------------------------------------
                                  0.000000    0.000000   clock clk (rise edge)
                                  0.000000    0.000000   clock source latency
     1    0.012924    0.064056    0.043851    0.043851 ^ clk (in)
                                                         clk (net)
                      0.064076    0.000000    0.043851 ^ clkbuf_0_clk/A (sky130_fd_sc_hd__clkbuf_16)
     2    0.019090    0.041068    0.131161    0.175013 ^ clkbuf_0_clk/X (sky130_fd_sc_hd__clkbuf_16)
                                                         clknet_0_clk (net)
                      0.041086    0.001145    0.176158 ^ clkbuf_1_1__f_clk/A (sky130_fd_sc_hd__clkbuf_16)
     3    0.008598    0.032138    0.113031    0.289189 ^ clkbuf_1_1__f_clk/X (sky130_fd_sc_hd__clkbuf_16)
                                                         clknet_1_1__leaf_clk (net)
                      0.032140    0.000471    0.289660 ^ _26_/CLK (sky130_fd_sc_hd__dfrtp_4)
     4    0.049135    0.163533    0.491781    0.781441 ^ _26_/Q (sky130_fd_sc_hd__dfrtp_4)
                                                         uo_out[2] (net)
                      0.163630    0.003693    0.785134 ^ _16_/A (sky130_fd_sc_hd__xnor2_1)
     1    0.003516    0.040750    0.096998    0.882132 v _16_/Y (sky130_fd_sc_hd__xnor2_1)
                                                         _02_ (net)
                      0.040750    0.000213    0.882345 v _26_/D (sky130_fd_sc_hd__dfrtp_4)
                                              0.882345   data arrival time

                                  0.000000    0.000000   clock clk (rise edge)
                                  0.000000    0.000000   clock source latency
     1    0.012924    0.064056    0.043851    0.043851 ^ clk (in)
                                                         clk (net)
                      0.064076    0.000000    0.043851 ^ clkbuf_0_clk/A (sky130_fd_sc_hd__clkbuf_16)
     2    0.019090    0.041068    0.131161    0.175013 ^ clkbuf_0_clk/X (sky130_fd_sc_hd__clkbuf_16)
                                                         clknet_0_clk (net)
                      0.041086    0.001145    0.176158 ^ clkbuf_1_1__f_clk/A (sky130_fd_sc_hd__clkbuf_16)
     3    0.008598    0.032138    0.113031    0.289189 ^ clkbuf_1_1__f_clk/X (sky130_fd_sc_hd__clkbuf_16)
                                                         clknet_1_1__leaf_clk (net)
                      0.032140    0.000471    0.289660 ^ _26_/CLK (sky130_fd_sc_hd__dfrtp_4)
                                  0.250000    0.539660   clock uncertainty
                                  0.000000    0.539660   clock reconvergence pessimism
                                 -0.043243    0.496417   library hold time
                                              0.496417   data required time
---------------------------------------------------------------------------------------------
                                              0.496417   data required time
                                             -0.882345   data arrival time
---------------------------------------------------------------------------------------------
                                              0.385928   slack (MET)


Startpoint: _28_ (rising edge-triggered flip-flop clocked by clk)
Endpoint: _28_ (rising edge-triggered flip-flop clocked by clk)
Path Group: clk
Path Type: min

Fanout         Cap        Slew       Delay        Time   Description
---------------------------------------------------------------------------------------------
                                  0.000000    0.000000   clock clk (rise edge)
                                  0.000000    0.000000   clock source latency
     1    0.012924    0.064056    0.043851    0.043851 ^ clk (in)
                                                         clk (net)
                      0.064076    0.000000    0.043851 ^ clkbuf_0_clk/A (sky130_fd_sc_hd__clkbuf_16)
     2    0.019090    0.041068    0.131161    0.175013 ^ clkbuf_0_clk/X (sky130_fd_sc_hd__clkbuf_16)
                                                         clknet_0_clk (net)
                      0.041086    0.001167    0.176180 ^ clkbuf_1_0__f_clk/A (sky130_fd_sc_hd__clkbuf_16)
     3    0.009645    0.033049    0.113989    0.290170 ^ clkbuf_1_0__f_clk/X (sky130_fd_sc_hd__clkbuf_16)
                                                         clknet_1_0__leaf_clk (net)
                      0.033053    0.000756    0.290926 ^ _28_/CLK (sky130_fd_sc_hd__dfrtp_4)
     3    0.041163    0.142417    0.476211    0.767137 ^ _28_/Q (sky130_fd_sc_hd__dfrtp_4)
                                                         uo_out[4] (net)
                      0.142449    0.002097    0.769234 ^ _21_/A (sky130_fd_sc_hd__or2_1)
     1    0.001881    0.032899    0.114212    0.883446 ^ _21_/X (sky130_fd_sc_hd__or2_1)
                                                         _11_ (net)
                      0.032899    0.000089    0.883534 ^ _22_/B (sky130_fd_sc_hd__and2_1)
     1    0.002714    0.045307    0.110294    0.993828 ^ _22_/X (sky130_fd_sc_hd__and2_1)
                                                         _04_ (net)
                      0.045307    0.000191    0.994019 ^ _28_/D (sky130_fd_sc_hd__dfrtp_4)
                                              0.994019   data arrival time

                                  0.000000    0.000000   clock clk (rise edge)
                                  0.000000    0.000000   clock source latency
     1    0.012924    0.064056    0.043851    0.043851 ^ clk (in)
                                                         clk (net)
                      0.064076    0.000000    0.043851 ^ clkbuf_0_clk/A (sky130_fd_sc_hd__clkbuf_16)
     2    0.019090    0.041068    0.131161    0.175013 ^ clkbuf_0_clk/X (sky130_fd_sc_hd__clkbuf_16)
                                                         clknet_0_clk (net)
                      0.041086    0.001167    0.176180 ^ clkbuf_1_0__f_clk/A (sky130_fd_sc_hd__clkbuf_16)
     3    0.009645    0.033049    0.113989    0.290170 ^ clkbuf_1_0__f_clk/X (sky130_fd_sc_hd__clkbuf_16)
                                                         clknet_1_0__leaf_clk (net)
                      0.033053    0.000756    0.290926 ^ _28_/CLK (sky130_fd_sc_hd__dfrtp_4)
                                  0.250000    0.540926   clock uncertainty
                                  0.000000    0.540926   clock reconvergence pessimism
                                 -0.036461    0.504465   library hold time
                                              0.504465   data required time
---------------------------------------------------------------------------------------------
                                              0.504465   data required time
                                             -0.994019   data arrival time
---------------------------------------------------------------------------------------------
                                              0.489554   slack (MET)


Startpoint: _27_ (rising edge-triggered flip-flop clocked by clk)
Endpoint: _27_ (rising edge-triggered flip-flop clocked by clk)
Path Group: clk
Path Type: min

Fanout         Cap        Slew       Delay        Time   Description
---------------------------------------------------------------------------------------------
                                  0.000000    0.000000   clock clk (rise edge)
                                  0.000000    0.000000   clock source latency
     1    0.012924    0.064056    0.043851    0.043851 ^ clk (in)
                                                         clk (net)
                      0.064076    0.000000    0.043851 ^ clkbuf_0_clk/A (sky130_fd_sc_hd__clkbuf_16)
     2    0.019090    0.041068    0.131161    0.175013 ^ clkbuf_0_clk/X (sky130_fd_sc_hd__clkbuf_16)
                                                         clknet_0_clk (net)
                      0.041086    0.001167    0.176180 ^ clkbuf_1_0__f_clk/A (sky130_fd_sc_hd__clkbuf_16)
     3    0.009645    0.033049    0.113989    0.290170 ^ clkbuf_1_0__f_clk/X (sky130_fd_sc_hd__clkbuf_16)
                                                         clknet_1_0__leaf_clk (net)
                      0.033052    0.000699    0.290868 ^ _27_/CLK (sky130_fd_sc_hd__dfrtp_4)
     3    0.041501    0.143287    0.476972    0.767841 ^ _27_/Q (sky130_fd_sc_hd__dfrtp_4)
                                                         uo_out[3] (net)
                      0.143317    0.002052    0.769893 ^ _18_/B1 (sky130_fd_sc_hd__a31o_1)
     1    0.003139    0.044795    0.117360    0.887253 ^ _18_/X (sky130_fd_sc_hd__a31o_1)
                                                         _09_ (net)
                      0.044795    0.000184    0.887437 ^ _19_/B (sky130_fd_sc_hd__and2b_1)
     1    0.002868    0.041833    0.113066    1.000503 ^ _19_/X (sky130_fd_sc_hd__and2b_1)
                                                         _03_ (net)
                      0.041834    0.000197    1.000700 ^ _27_/D (sky130_fd_sc_hd__dfrtp_4)
                                              1.000700   data arrival time

                                  0.000000    0.000000   clock clk (rise edge)
                                  0.000000    0.000000   clock source latency
     1    0.012924    0.064056    0.043851    0.043851 ^ clk (in)
                                                         clk (net)
                      0.064076    0.000000    0.043851 ^ clkbuf_0_clk/A (sky130_fd_sc_hd__clkbuf_16)
     2    0.019090    0.041068    0.131161    0.175013 ^ clkbuf_0_clk/X (sky130_fd_sc_hd__clkbuf_16)
                                                         clknet_0_clk (net)
                      0.041086    0.001167    0.176180 ^ clkbuf_1_0__f_clk/A (sky130_fd_sc_hd__clkbuf_16)
     3    0.009645    0.033049    0.113989    0.290170 ^ clkbuf_1_0__f_clk/X (sky130_fd_sc_hd__clkbuf_16)
                                                         clknet_1_0__leaf_clk (net)
                      0.033052    0.000699    0.290868 ^ _27_/CLK (sky130_fd_sc_hd__dfrtp_4)
                                  0.250000    0.540868   clock uncertainty
                                  0.000000    0.540868   clock reconvergence pessimism
                                 -0.035732    0.505136   library hold time
                                              0.505136   data required time
---------------------------------------------------------------------------------------------
                                              0.505136   data required time
                                             -1.000700   data arrival time
---------------------------------------------------------------------------------------------
                                              0.495564   slack (MET)


Startpoint: _25_ (rising edge-triggered flip-flop clocked by clk)
Endpoint: _25_ (rising edge-triggered flip-flop clocked by clk)
Path Group: clk
Path Type: min

Fanout         Cap        Slew       Delay        Time   Description
---------------------------------------------------------------------------------------------
                                  0.000000    0.000000   clock clk (rise edge)
                                  0.000000    0.000000   clock source latency
     1    0.012924    0.064056    0.043851    0.043851 ^ clk (in)
                                                         clk (net)
                      0.064076    0.000000    0.043851 ^ clkbuf_0_clk/A (sky130_fd_sc_hd__clkbuf_16)
     2    0.019090    0.041068    0.131161    0.175013 ^ clkbuf_0_clk/X (sky130_fd_sc_hd__clkbuf_16)
                                                         clknet_0_clk (net)
                      0.041086    0.001145    0.176158 ^ clkbuf_1_1__f_clk/A (sky130_fd_sc_hd__clkbuf_16)
     3    0.008598    0.032138    0.113031    0.289189 ^ clkbuf_1_1__f_clk/X (sky130_fd_sc_hd__clkbuf_16)
                                                         clknet_1_1__leaf_clk (net)
                      0.032140    0.000474    0.289662 ^ _25_/CLK (sky130_fd_sc_hd__dfrtp_4)
     5    0.045228    0.153117    0.484099    0.773761 ^ _25_/Q (sky130_fd_sc_hd__dfrtp_4)
                                                         uo_out[1] (net)
                      0.153166    0.002639    0.776400 ^ _14_/A (sky130_fd_sc_hd__or2_1)
     1    0.001829    0.033327    0.116071    0.892471 ^ _14_/X (sky130_fd_sc_hd__or2_1)
                                                         _07_ (net)
                      0.033327    0.000084    0.892554 ^ _15_/B (sky130_fd_sc_hd__and2_1)
     1    0.003853    0.054827    0.118776    1.011331 ^ _15_/X (sky130_fd_sc_hd__and2_1)
                                                         _01_ (net)
                      0.054828    0.000257    1.011587 ^ _25_/D (sky130_fd_sc_hd__dfrtp_4)
                                              1.011587   data arrival time

                                  0.000000    0.000000   clock clk (rise edge)
                                  0.000000    0.000000   clock source latency
     1    0.012924    0.064056    0.043851    0.043851 ^ clk (in)
                                                         clk (net)
                      0.064076    0.000000    0.043851 ^ clkbuf_0_clk/A (sky130_fd_sc_hd__clkbuf_16)
     2    0.019090    0.041068    0.131161    0.175013 ^ clkbuf_0_clk/X (sky130_fd_sc_hd__clkbuf_16)
                                                         clknet_0_clk (net)
                      0.041086    0.001145    0.176158 ^ clkbuf_1_1__f_clk/A (sky130_fd_sc_hd__clkbuf_16)
     3    0.008598    0.032138    0.113031    0.289189 ^ clkbuf_1_1__f_clk/X (sky130_fd_sc_hd__clkbuf_16)
                                                         clknet_1_1__leaf_clk (net)
                      0.032140    0.000474    0.289662 ^ _25_/CLK (sky130_fd_sc_hd__dfrtp_4)
                                  0.250000    0.539662   clock uncertainty
                                  0.000000    0.539662   clock reconvergence pessimism
                                 -0.038585    0.501078   library hold time
                                              0.501078   data required time
---------------------------------------------------------------------------------------------
                                              0.501078   data required time
                                             -1.011587   data arrival time
---------------------------------------------------------------------------------------------
                                              0.510510   slack (MET)


Startpoint: rst_n (input port clocked by clk)
Endpoint: _26_ (removal check against rising-edge clock clk)
Path Group: asynchronous
Path Type: min

Fanout         Cap        Slew       Delay        Time   Description
---------------------------------------------------------------------------------------------
                                  0.000000    0.000000   clock clk (rise edge)
                                  0.000000    0.000000   clock network delay (propagated)
                                  4.000000    4.000000 ^ input external delay
     1    0.002371    0.017909    0.008864    4.008863 ^ rst_n (in)
                                                         rst_n (net)
                      0.017910    0.000000    4.008863 ^ input1/A (sky130_fd_sc_hd__buf_2)
     6    0.034702    0.172593    0.186975    4.195838 ^ input1/X (sky130_fd_sc_hd__buf_2)
                                                         net1 (net)
                      0.172640    0.002372    4.198210 ^ _26_/RESET_B (sky130_fd_sc_hd__dfrtp_4)
                                              4.198210   data arrival time

                                  0.000000    0.000000   clock clk (rise edge)
                                  0.000000    0.000000   clock source latency
     1    0.012924    0.064056    0.043851    0.043851 ^ clk (in)
                                                         clk (net)
                      0.064076    0.000000    0.043851 ^ clkbuf_0_clk/A (sky130_fd_sc_hd__clkbuf_16)
     2    0.019090    0.041068    0.131161    0.175013 ^ clkbuf_0_clk/X (sky130_fd_sc_hd__clkbuf_16)
                                                         clknet_0_clk (net)
                      0.041086    0.001145    0.176158 ^ clkbuf_1_1__f_clk/A (sky130_fd_sc_hd__clkbuf_16)
     3    0.008598    0.032138    0.113031    0.289189 ^ clkbuf_1_1__f_clk/X (sky130_fd_sc_hd__clkbuf_16)
                                                         clknet_1_1__leaf_clk (net)
                      0.032140    0.000471    0.289660 ^ _26_/CLK (sky130_fd_sc_hd__dfrtp_4)
                                  0.250000    0.539660   clock uncertainty
                                  0.000000    0.539660   clock reconvergence pessimism
                                  0.351904    0.891564   library removal time
                                              0.891564   data required time
---------------------------------------------------------------------------------------------
                                              0.891564   data required time
                                             -4.198210   data arrival time
---------------------------------------------------------------------------------------------
                                              3.306646   slack (MET)


Startpoint: rst_n (input port clocked by clk)
Endpoint: _25_ (removal check against rising-edge clock clk)
Path Group: asynchronous
Path Type: min

Fanout         Cap        Slew       Delay        Time   Description
---------------------------------------------------------------------------------------------
                                  0.000000    0.000000   clock clk (rise edge)
                                  0.000000    0.000000   clock network delay (propagated)
                                  4.000000    4.000000 ^ input external delay
     1    0.002371    0.017909    0.008864    4.008863 ^ rst_n (in)
                                                         rst_n (net)
                      0.017910    0.000000    4.008863 ^ input1/A (sky130_fd_sc_hd__buf_2)
     6    0.034702    0.172593    0.186975    4.195838 ^ input1/X (sky130_fd_sc_hd__buf_2)
                                                         net1 (net)
                      0.172656    0.002735    4.198573 ^ _25_/RESET_B (sky130_fd_sc_hd__dfrtp_4)
                                              4.198573   data arrival time

                                  0.000000    0.000000   clock clk (rise edge)
                                  0.000000    0.000000   clock source latency
     1    0.012924    0.064056    0.043851    0.043851 ^ clk (in)
                                                         clk (net)
                      0.064076    0.000000    0.043851 ^ clkbuf_0_clk/A (sky130_fd_sc_hd__clkbuf_16)
     2    0.019090    0.041068    0.131161    0.175013 ^ clkbuf_0_clk/X (sky130_fd_sc_hd__clkbuf_16)
                                                         clknet_0_clk (net)
                      0.041086    0.001145    0.176158 ^ clkbuf_1_1__f_clk/A (sky130_fd_sc_hd__clkbuf_16)
     3    0.008598    0.032138    0.113031    0.289189 ^ clkbuf_1_1__f_clk/X (sky130_fd_sc_hd__clkbuf_16)
                                                         clknet_1_1__leaf_clk (net)
                      0.032140    0.000474    0.289662 ^ _25_/CLK (sky130_fd_sc_hd__dfrtp_4)
                                  0.250000    0.539662   clock uncertainty
                                  0.000000    0.539662   clock reconvergence pessimism
                                  0.351909    0.891571   library removal time
                                              0.891571   data required time
---------------------------------------------------------------------------------------------
                                              0.891571   data required time
                                             -4.198573   data arrival time
---------------------------------------------------------------------------------------------
                                              3.307002   slack (MET)


Startpoint: rst_n (input port clocked by clk)
Endpoint: _27_ (removal check against rising-edge clock clk)
Path Group: asynchronous
Path Type: min

Fanout         Cap        Slew       Delay        Time   Description
---------------------------------------------------------------------------------------------
                                  0.000000    0.000000   clock clk (rise edge)
                                  0.000000    0.000000   clock network delay (propagated)
                                  4.000000    4.000000 ^ input external delay
     1    0.002371    0.017909    0.008864    4.008863 ^ rst_n (in)
                                                         rst_n (net)
                      0.017910    0.000000    4.008863 ^ input1/A (sky130_fd_sc_hd__buf_2)
     6    0.034702    0.172593    0.186975    4.195838 ^ input1/X (sky130_fd_sc_hd__buf_2)
                                                         net1 (net)
                      0.172760    0.004415    4.200253 ^ _27_/RESET_B (sky130_fd_sc_hd__dfrtp_4)
                                              4.200253   data arrival time

                                  0.000000    0.000000   clock clk (rise edge)
                                  0.000000    0.000000   clock source latency
     1    0.012924    0.064056    0.043851    0.043851 ^ clk (in)
                                                         clk (net)
                      0.064076    0.000000    0.043851 ^ clkbuf_0_clk/A (sky130_fd_sc_hd__clkbuf_16)
     2    0.019090    0.041068    0.131161    0.175013 ^ clkbuf_0_clk/X (sky130_fd_sc_hd__clkbuf_16)
                                                         clknet_0_clk (net)
                      0.041086    0.001167    0.176180 ^ clkbuf_1_0__f_clk/A (sky130_fd_sc_hd__clkbuf_16)
     3    0.009645    0.033049    0.113989    0.290170 ^ clkbuf_1_0__f_clk/X (sky130_fd_sc_hd__clkbuf_16)
                                                         clknet_1_0__leaf_clk (net)
                      0.033052    0.000699    0.290868 ^ _27_/CLK (sky130_fd_sc_hd__dfrtp_4)
                                  0.250000    0.540868   clock uncertainty
                                  0.000000    0.540868   clock reconvergence pessimism
                                  0.352187    0.893055   library removal time
                                              0.893055   data required time
---------------------------------------------------------------------------------------------
                                              0.893055   data required time
                                             -4.200253   data arrival time
---------------------------------------------------------------------------------------------
                                              3.307198   slack (MET)


Startpoint: rst_n (input port clocked by clk)
Endpoint: _28_ (removal check against rising-edge clock clk)
Path Group: asynchronous
Path Type: min

Fanout         Cap        Slew       Delay        Time   Description
---------------------------------------------------------------------------------------------
                                  0.000000    0.000000   clock clk (rise edge)
                                  0.000000    0.000000   clock network delay (propagated)
                                  4.000000    4.000000 ^ input external delay
     1    0.002371    0.017909    0.008864    4.008863 ^ rst_n (in)
                                                         rst_n (net)
                      0.017910    0.000000    4.008863 ^ input1/A (sky130_fd_sc_hd__buf_2)
     6    0.034702    0.172593    0.186975    4.195838 ^ input1/X (sky130_fd_sc_hd__buf_2)
                                                         net1 (net)
                      0.172784    0.004719    4.200558 ^ _28_/RESET_B (sky130_fd_sc_hd__dfrtp_4)
                                              4.200558   data arrival time

                                  0.000000    0.000000   clock clk (rise edge)
                                  0.000000    0.000000   clock source latency
     1    0.012924    0.064056    0.043851    0.043851 ^ clk (in)
                                                         clk (net)
                      0.064076    0.000000    0.043851 ^ clkbuf_0_clk/A (sky130_fd_sc_hd__clkbuf_16)
     2    0.019090    0.041068    0.131161    0.175013 ^ clkbuf_0_clk/X (sky130_fd_sc_hd__clkbuf_16)
                                                         clknet_0_clk (net)
                      0.041086    0.001167    0.176180 ^ clkbuf_1_0__f_clk/A (sky130_fd_sc_hd__clkbuf_16)
     3    0.009645    0.033049    0.113989    0.290170 ^ clkbuf_1_0__f_clk/X (sky130_fd_sc_hd__clkbuf_16)
                                                         clknet_1_0__leaf_clk (net)
                      0.033053    0.000756    0.290926 ^ _28_/CLK (sky130_fd_sc_hd__dfrtp_4)
                                  0.250000    0.540926   clock uncertainty
                                  0.000000    0.540926   clock reconvergence pessimism
                                  0.352194    0.893120   library removal time
                                              0.893120   data required time
---------------------------------------------------------------------------------------------
                                              0.893120   data required time
                                             -4.200558   data arrival time
---------------------------------------------------------------------------------------------
                                              3.307438   slack (MET)


Startpoint: rst_n (input port clocked by clk)
Endpoint: _29_ (removal check against rising-edge clock clk)
Path Group: asynchronous
Path Type: min

Fanout         Cap        Slew       Delay        Time   Description
---------------------------------------------------------------------------------------------
                                  0.000000    0.000000   clock clk (rise edge)
                                  0.000000    0.000000   clock network delay (propagated)
                                  4.000000    4.000000 ^ input external delay
     1    0.002371    0.017909    0.008864    4.008863 ^ rst_n (in)
                                                         rst_n (net)
                      0.017910    0.000000    4.008863 ^ input1/A (sky130_fd_sc_hd__buf_2)
     6    0.034702    0.172593    0.186975    4.195838 ^ input1/X (sky130_fd_sc_hd__buf_2)
                                                         net1 (net)
                      0.172785    0.004726    4.200565 ^ _29_/RESET_B (sky130_fd_sc_hd__dfrtp_4)
                                              4.200565   data arrival time

                                  0.000000    0.000000   clock clk (rise edge)
                                  0.000000    0.000000   clock source latency
     1    0.012924    0.064056    0.043851    0.043851 ^ clk (in)
                                                         clk (net)
                      0.064076    0.000000    0.043851 ^ clkbuf_0_clk/A (sky130_fd_sc_hd__clkbuf_16)
     2    0.019090    0.041068    0.131161    0.175013 ^ clkbuf_0_clk/X (sky130_fd_sc_hd__clkbuf_16)
                                                         clknet_0_clk (net)
                      0.041086    0.001167    0.176180 ^ clkbuf_1_0__f_clk/A (sky130_fd_sc_hd__clkbuf_16)
     3    0.009645    0.033049    0.113989    0.290170 ^ clkbuf_1_0__f_clk/X (sky130_fd_sc_hd__clkbuf_16)
                                                         clknet_1_0__leaf_clk (net)
                      0.033050    0.000464    0.290633 ^ _29_/CLK (sky130_fd_sc_hd__dfrtp_4)
                                  0.250000    0.540633   clock uncertainty
                                  0.000000    0.540633   clock reconvergence pessimism
                                  0.352193    0.892827   library removal time
                                              0.892827   data required time
---------------------------------------------------------------------------------------------
                                              0.892827   data required time
                                             -4.200565   data arrival time
---------------------------------------------------------------------------------------------
                                              3.307738   slack (MET)


Startpoint: rst_n (input port clocked by clk)
Endpoint: _24_ (removal check against rising-edge clock clk)
Path Group: asynchronous
Path Type: min

Fanout         Cap        Slew       Delay        Time   Description
---------------------------------------------------------------------------------------------
                                  0.000000    0.000000   clock clk (rise edge)
                                  0.000000    0.000000   clock network delay (propagated)
                                  4.000000    4.000000 ^ input external delay
     1    0.002371    0.017909    0.008864    4.008863 ^ rst_n (in)
                                                         rst_n (net)
                      0.017910    0.000000    4.008863 ^ input1/A (sky130_fd_sc_hd__buf_2)
     6    0.034702    0.172593    0.186975    4.195838 ^ input1/X (sky130_fd_sc_hd__buf_2)
                                                         net1 (net)
                      0.172734    0.004070    4.199909 ^ _24_/RESET_B (sky130_fd_sc_hd__dfrtp_4)
                                              4.199909   data arrival time

                                  0.000000    0.000000   clock clk (rise edge)
                                  0.000000    0.000000   clock source latency
     1    0.012924    0.064056    0.043851    0.043851 ^ clk (in)
                                                         clk (net)
                      0.064076    0.000000    0.043851 ^ clkbuf_0_clk/A (sky130_fd_sc_hd__clkbuf_16)
     2    0.019090    0.041068    0.131161    0.175013 ^ clkbuf_0_clk/X (sky130_fd_sc_hd__clkbuf_16)
                                                         clknet_0_clk (net)
                      0.041086    0.001145    0.176158 ^ clkbuf_1_1__f_clk/A (sky130_fd_sc_hd__clkbuf_16)
     3    0.008598    0.032138    0.113031    0.289189 ^ clkbuf_1_1__f_clk/X (sky130_fd_sc_hd__clkbuf_16)
                                                         clknet_1_1__leaf_clk (net)
                      0.032140    0.000487    0.289676 ^ _24_/CLK (sky130_fd_sc_hd__dfrtp_4)
                                  0.250000    0.539676   clock uncertainty
                                  0.000000    0.539676   clock reconvergence pessimism
                                  0.351930    0.891607   library removal time
                                              0.891607   data required time
---------------------------------------------------------------------------------------------
                                              0.891607   data required time
                                             -4.199909   data arrival time
---------------------------------------------------------------------------------------------
                                              3.308302   slack (MET)


Startpoint: _29_ (rising edge-triggered flip-flop clocked by clk)
Endpoint: uo_out[5] (output port clocked by clk)
Path Group: clk
Path Type: min

Fanout         Cap        Slew       Delay        Time   Description
---------------------------------------------------------------------------------------------
                                  0.000000    0.000000   clock clk (rise edge)
                                  0.000000    0.000000   clock source latency
     1    0.012924    0.064056    0.043851    0.043851 ^ clk (in)
                                                         clk (net)
                      0.064076    0.000000    0.043851 ^ clkbuf_0_clk/A (sky130_fd_sc_hd__clkbuf_16)
     2    0.019090    0.041068    0.131161    0.175013 ^ clkbuf_0_clk/X (sky130_fd_sc_hd__clkbuf_16)
                                                         clknet_0_clk (net)
                      0.041086    0.001167    0.176180 ^ clkbuf_1_0__f_clk/A (sky130_fd_sc_hd__clkbuf_16)
     3    0.009645    0.033049    0.113989    0.290170 ^ clkbuf_1_0__f_clk/X (sky130_fd_sc_hd__clkbuf_16)
                                                         clknet_1_0__leaf_clk (net)
                      0.033050    0.000464    0.290633 ^ _29_/CLK (sky130_fd_sc_hd__dfrtp_4)
     2    0.039981    0.139723    0.473789    0.764423 ^ _29_/Q (sky130_fd_sc_hd__dfrtp_4)
                                                         uo_out[5] (net)
                      0.139756    0.002093    0.766515 ^ uo_out[5] (out)
                                              0.766515   data arrival time

                                  0.000000    0.000000   clock clk (rise edge)
                                  0.000000    0.000000   clock network delay (propagated)
                                  0.250000    0.250000   clock uncertainty
                                  0.000000    0.250000   clock reconvergence pessimism
                                 -4.000000   -3.750000   output external delay
                                             -3.750000   data required time
---------------------------------------------------------------------------------------------
                                             -3.750000   data required time
                                             -0.766515   data arrival time
---------------------------------------------------------------------------------------------
                                              4.516515   slack (MET)


Startpoint: _28_ (rising edge-triggered flip-flop clocked by clk)
Endpoint: uo_out[4] (output port clocked by clk)
Path Group: clk
Path Type: min

Fanout         Cap        Slew       Delay        Time   Description
---------------------------------------------------------------------------------------------
                                  0.000000    0.000000   clock clk (rise edge)
                                  0.000000    0.000000   clock source latency
     1    0.012924    0.064056    0.043851    0.043851 ^ clk (in)
                                                         clk (net)
                      0.064076    0.000000    0.043851 ^ clkbuf_0_clk/A (sky130_fd_sc_hd__clkbuf_16)
     2    0.019090    0.041068    0.131161    0.175013 ^ clkbuf_0_clk/X (sky130_fd_sc_hd__clkbuf_16)
                                                         clknet_0_clk (net)
                      0.041086    0.001167    0.176180 ^ clkbuf_1_0__f_clk/A (sky130_fd_sc_hd__clkbuf_16)
     3    0.009645    0.033049    0.113989    0.290170 ^ clkbuf_1_0__f_clk/X (sky130_fd_sc_hd__clkbuf_16)
                                                         clknet_1_0__leaf_clk (net)
                      0.033053    0.000756    0.290926 ^ _28_/CLK (sky130_fd_sc_hd__dfrtp_4)
     3    0.041163    0.142417    0.476211    0.767137 ^ _28_/Q (sky130_fd_sc_hd__dfrtp_4)
                                                         uo_out[4] (net)
                      0.142470    0.002581    0.769718 ^ uo_out[4] (out)
                                              0.769718   data arrival time

                                  0.000000    0.000000   clock clk (rise edge)
                                  0.000000    0.000000   clock network delay (propagated)
                                  0.250000    0.250000   clock uncertainty
                                  0.000000    0.250000   clock reconvergence pessimism
                                 -4.000000   -3.750000   output external delay
                                             -3.750000   data required time
---------------------------------------------------------------------------------------------
                                             -3.750000   data required time
                                             -0.769718   data arrival time
---------------------------------------------------------------------------------------------
                                              4.519718   slack (MET)


Startpoint: _27_ (rising edge-triggered flip-flop clocked by clk)
Endpoint: uo_out[3] (output port clocked by clk)
Path Group: clk
Path Type: min

Fanout         Cap        Slew       Delay        Time   Description
---------------------------------------------------------------------------------------------
                                  0.000000    0.000000   clock clk (rise edge)
                                  0.000000    0.000000   clock source latency
     1    0.012924    0.064056    0.043851    0.043851 ^ clk (in)
                                                         clk (net)
                      0.064076    0.000000    0.043851 ^ clkbuf_0_clk/A (sky130_fd_sc_hd__clkbuf_16)
     2    0.019090    0.041068    0.131161    0.175013 ^ clkbuf_0_clk/X (sky130_fd_sc_hd__clkbuf_16)
                                                         clknet_0_clk (net)
                      0.041086    0.001167    0.176180 ^ clkbuf_1_0__f_clk/A (sky130_fd_sc_hd__clkbuf_16)
     3    0.009645    0.033049    0.113989    0.290170 ^ clkbuf_1_0__f_clk/X (sky130_fd_sc_hd__clkbuf_16)
                                                         clknet_1_0__leaf_clk (net)
                      0.033052    0.000699    0.290868 ^ _27_/CLK (sky130_fd_sc_hd__dfrtp_4)
     3    0.041501    0.143287    0.476972    0.767841 ^ _27_/Q (sky130_fd_sc_hd__dfrtp_4)
                                                         uo_out[3] (net)
                      0.143339    0.002574    0.770415 ^ uo_out[3] (out)
                                              0.770415   data arrival time

                                  0.000000    0.000000   clock clk (rise edge)
                                  0.000000    0.000000   clock network delay (propagated)
                                  0.250000    0.250000   clock uncertainty
                                  0.000000    0.250000   clock reconvergence pessimism
                                 -4.000000   -3.750000   output external delay
                                             -3.750000   data required time
---------------------------------------------------------------------------------------------
                                             -3.750000   data required time
                                             -0.770415   data arrival time
---------------------------------------------------------------------------------------------
                                              4.520414   slack (MET)


Startpoint: _25_ (rising edge-triggered flip-flop clocked by clk)
Endpoint: uo_out[1] (output port clocked by clk)
Path Group: clk
Path Type: min

Fanout         Cap        Slew       Delay        Time   Description
---------------------------------------------------------------------------------------------
                                  0.000000    0.000000   clock clk (rise edge)
                                  0.000000    0.000000   clock source latency
     1    0.012924    0.064056    0.043851    0.043851 ^ clk (in)
                                                         clk (net)
                      0.064076    0.000000    0.043851 ^ clkbuf_0_clk/A (sky130_fd_sc_hd__clkbuf_16)
     2    0.019090    0.041068    0.131161    0.175013 ^ clkbuf_0_clk/X (sky130_fd_sc_hd__clkbuf_16)
                                                         clknet_0_clk (net)
                      0.041086    0.001145    0.176158 ^ clkbuf_1_1__f_clk/A (sky130_fd_sc_hd__clkbuf_16)
     3    0.008598    0.032138    0.113031    0.289189 ^ clkbuf_1_1__f_clk/X (sky130_fd_sc_hd__clkbuf_16)
                                                         clknet_1_1__leaf_clk (net)
                      0.032140    0.000474    0.289662 ^ _25_/CLK (sky130_fd_sc_hd__dfrtp_4)
     5    0.045228    0.153117    0.484099    0.773761 ^ _25_/Q (sky130_fd_sc_hd__dfrtp_4)
                                                         uo_out[1] (net)
                      0.153251    0.004085    0.777846 ^ uo_out[1] (out)
                                              0.777846   data arrival time

                                  0.000000    0.000000   clock clk (rise edge)
                                  0.000000    0.000000   clock network delay (propagated)
                                  0.250000    0.250000   clock uncertainty
                                  0.000000    0.250000   clock reconvergence pessimism
                                 -4.000000   -3.750000   output external delay
                                             -3.750000   data required time
---------------------------------------------------------------------------------------------
                                             -3.750000   data required time
                                             -0.777846   data arrival time
---------------------------------------------------------------------------------------------
                                              4.527846   slack (MET)


Startpoint: _26_ (rising edge-triggered flip-flop clocked by clk)
Endpoint: uo_out[2] (output port clocked by clk)
Path Group: clk
Path Type: min

Fanout         Cap        Slew       Delay        Time   Description
---------------------------------------------------------------------------------------------
                                  0.000000    0.000000   clock clk (rise edge)
                                  0.000000    0.000000   clock source latency
     1    0.012924    0.064056    0.043851    0.043851 ^ clk (in)
                                                         clk (net)
                      0.064076    0.000000    0.043851 ^ clkbuf_0_clk/A (sky130_fd_sc_hd__clkbuf_16)
     2    0.019090    0.041068    0.131161    0.175013 ^ clkbuf_0_clk/X (sky130_fd_sc_hd__clkbuf_16)
                                                         clknet_0_clk (net)
                      0.041086    0.001145    0.176158 ^ clkbuf_1_1__f_clk/A (sky130_fd_sc_hd__clkbuf_16)
     3    0.008598    0.032138    0.113031    0.289189 ^ clkbuf_1_1__f_clk/X (sky130_fd_sc_hd__clkbuf_16)
                                                         clknet_1_1__leaf_clk (net)
                      0.032140    0.000471    0.289660 ^ _26_/CLK (sky130_fd_sc_hd__dfrtp_4)
     4    0.049135    0.163533    0.491781    0.781441 ^ _26_/Q (sky130_fd_sc_hd__dfrtp_4)
                                                         uo_out[2] (net)
                      0.163771    0.005518    0.786960 ^ uo_out[2] (out)
                                              0.786960   data arrival time

                                  0.000000    0.000000   clock clk (rise edge)
                                  0.000000    0.000000   clock network delay (propagated)
                                  0.250000    0.250000   clock uncertainty
                                  0.000000    0.250000   clock reconvergence pessimism
                                 -4.000000   -3.750000   output external delay
                                             -3.750000   data required time
---------------------------------------------------------------------------------------------
                                             -3.750000   data required time
                                             -0.786960   data arrival time
---------------------------------------------------------------------------------------------
                                              4.536959   slack (MET)


Startpoint: _24_ (rising edge-triggered flip-flop clocked by clk)
Endpoint: uo_out[0] (output port clocked by clk)
Path Group: clk
Path Type: min

Fanout         Cap        Slew       Delay        Time   Description
---------------------------------------------------------------------------------------------
                                  0.000000    0.000000   clock clk (rise edge)
                                  0.000000    0.000000   clock source latency
     1    0.012924    0.064056    0.043851    0.043851 ^ clk (in)
                                                         clk (net)
                      0.064076    0.000000    0.043851 ^ clkbuf_0_clk/A (sky130_fd_sc_hd__clkbuf_16)
     2    0.019090    0.041068    0.131161    0.175013 ^ clkbuf_0_clk/X (sky130_fd_sc_hd__clkbuf_16)
                                                         clknet_0_clk (net)
                      0.041086    0.001145    0.176158 ^ clkbuf_1_1__f_clk/A (sky130_fd_sc_hd__clkbuf_16)
     3    0.008598    0.032138    0.113031    0.289189 ^ clkbuf_1_1__f_clk/X (sky130_fd_sc_hd__clkbuf_16)
                                                         clknet_1_1__leaf_clk (net)
                      0.032140    0.000487    0.289676 ^ _24_/CLK (sky130_fd_sc_hd__dfrtp_4)
     6    0.049858    0.165583    0.495075    0.784752 ^ _24_/Q (sky130_fd_sc_hd__dfrtp_4)
                                                         uo_out[0] (net)
                      0.165636    0.002798    0.787549 ^ uo_out[0] (out)
                                              0.787549   data arrival time

                                  0.000000    0.000000   clock clk (rise edge)
                                  0.000000    0.000000   clock network delay (propagated)
                                  0.250000    0.250000   clock uncertainty
                                  0.000000    0.250000   clock reconvergence pessimism
                                 -4.000000   -3.750000   output external delay
                                             -3.750000   data required time
---------------------------------------------------------------------------------------------
                                             -3.750000   data required time
                                             -0.787549   data arrival time
---------------------------------------------------------------------------------------------
                                              4.537549   slack (MET)



%OL_END_REPORT
%OL_CREATE_REPORT max.rpt

===========================================================================
report_checks -path_delay max (Setup)
============================================================================
======================= max_tt_025C_1v80 Corner ===================================

Startpoint: _26_ (rising edge-triggered flip-flop clocked by clk)
Endpoint: uo_out[2] (output port clocked by clk)
Path Group: clk
Path Type: max

Fanout         Cap        Slew       Delay        Time   Description
---------------------------------------------------------------------------------------------
                                  0.000000    0.000000   clock clk (rise edge)
                                  0.000000    0.000000   clock source latency
     1    0.012924    0.064056    0.043851    0.043851 ^ clk (in)
                                                         clk (net)
                      0.064076    0.000000    0.043851 ^ clkbuf_0_clk/A (sky130_fd_sc_hd__clkbuf_16)
     2    0.019090    0.041068    0.131161    0.175013 ^ clkbuf_0_clk/X (sky130_fd_sc_hd__clkbuf_16)
                                                         clknet_0_clk (net)
                      0.041086    0.001145    0.176158 ^ clkbuf_1_1__f_clk/A (sky130_fd_sc_hd__clkbuf_16)
     3    0.008598    0.032138    0.113031    0.289189 ^ clkbuf_1_1__f_clk/X (sky130_fd_sc_hd__clkbuf_16)
                                                         clknet_1_1__leaf_clk (net)
                      0.032140    0.000471    0.289660 ^ _26_/CLK (sky130_fd_sc_hd__dfrtp_4)
     4    0.048486    0.121429    0.539513    0.829173 v _26_/Q (sky130_fd_sc_hd__dfrtp_4)
                                                         uo_out[2] (net)
                      0.121754    0.005454    0.834628 v uo_out[2] (out)
                                              0.834628   data arrival time

                                 20.000000   20.000000   clock clk (rise edge)
                                  0.000000   20.000000   clock network delay (propagated)
                                 -0.250000   19.750002   clock uncertainty
                                  0.000000   19.750002   clock reconvergence pessimism
                                 -4.000000   15.750001   output external delay
                                             15.750001   data required time
---------------------------------------------------------------------------------------------
                                             15.750001   data required time
                                             -0.834628   data arrival time
---------------------------------------------------------------------------------------------
                                             14.915373   slack (MET)


Startpoint: _24_ (rising edge-triggered flip-flop clocked by clk)
Endpoint: uo_out[0] (output port clocked by clk)
Path Group: clk
Path Type: max

Fanout         Cap        Slew       Delay        Time   Description
---------------------------------------------------------------------------------------------
                                  0.000000    0.000000   clock clk (rise edge)
                                  0.000000    0.000000   clock source latency
     1    0.012924    0.064056    0.043851    0.043851 ^ clk (in)
                                                         clk (net)
                      0.064076    0.000000    0.043851 ^ clkbuf_0_clk/A (sky130_fd_sc_hd__clkbuf_16)
     2    0.019090    0.041068    0.131161    0.175013 ^ clkbuf_0_clk/X (sky130_fd_sc_hd__clkbuf_16)
                                                         clknet_0_clk (net)
                      0.041086    0.001145    0.176158 ^ clkbuf_1_1__f_clk/A (sky130_fd_sc_hd__clkbuf_16)
     3    0.008598    0.032138    0.113031    0.289189 ^ clkbuf_1_1__f_clk/X (sky130_fd_sc_hd__clkbuf_16)
                                                         clknet_1_1__leaf_clk (net)
                      0.032140    0.000487    0.289676 ^ _24_/CLK (sky130_fd_sc_hd__dfrtp_4)
     6    0.048868    0.120743    0.541947    0.831623 v _24_/Q (sky130_fd_sc_hd__dfrtp_4)
                                                         uo_out[0] (net)
                      0.120819    0.002752    0.834375 v uo_out[0] (out)
                                              0.834375   data arrival time

                                 20.000000   20.000000   clock clk (rise edge)
                                  0.000000   20.000000   clock network delay (propagated)
                                 -0.250000   19.750002   clock uncertainty
                                  0.000000   19.750002   clock reconvergence pessimism
                                 -4.000000   15.750001   output external delay
                                             15.750001   data required time
---------------------------------------------------------------------------------------------
                                             15.750001   data required time
                                             -0.834375   data arrival time
---------------------------------------------------------------------------------------------
                                             14.915625   slack (MET)


Startpoint: _25_ (rising edge-triggered flip-flop clocked by clk)
Endpoint: uo_out[1] (output port clocked by clk)
Path Group: clk
Path Type: max

Fanout         Cap        Slew       Delay        Time   Description
---------------------------------------------------------------------------------------------
                                  0.000000    0.000000   clock clk (rise edge)
                                  0.000000    0.000000   clock source latency
     1    0.012924    0.064056    0.043851    0.043851 ^ clk (in)
                                                         clk (net)
                      0.064076    0.000000    0.043851 ^ clkbuf_0_clk/A (sky130_fd_sc_hd__clkbuf_16)
     2    0.019090    0.041068    0.131161    0.175013 ^ clkbuf_0_clk/X (sky130_fd_sc_hd__clkbuf_16)
                                                         clknet_0_clk (net)
                      0.041086    0.001145    0.176158 ^ clkbuf_1_1__f_clk/A (sky130_fd_sc_hd__clkbuf_16)
     3    0.008598    0.032138    0.113031    0.289189 ^ clkbuf_1_1__f_clk/X (sky130_fd_sc_hd__clkbuf_16)
                                                         clknet_1_1__leaf_clk (net)
                      0.032140    0.000474    0.289662 ^ _25_/CLK (sky130_fd_sc_hd__dfrtp_4)
     5    0.044778    0.115000    0.534233    0.823895 v _25_/Q (sky130_fd_sc_hd__dfrtp_4)
                                                         uo_out[1] (net)
                      0.115183    0.004055    0.827950 v uo_out[1] (out)
                                              0.827950   data arrival time

                                 20.000000   20.000000   clock clk (rise edge)
                                  0.000000   20.000000   clock network delay (propagated)
                                 -0.250000   19.750002   clock uncertainty
                                  0.000000   19.750002   clock reconvergence pessimism
                                 -4.000000   15.750001   output external delay
                                             15.750001   data required time
---------------------------------------------------------------------------------------------
                                             15.750001   data required time
                                             -0.827950   data arrival time
---------------------------------------------------------------------------------------------
                                             14.922050   slack (MET)


Startpoint: _27_ (rising edge-triggered flip-flop clocked by clk)
Endpoint: uo_out[3] (output port clocked by clk)
Path Group: clk
Path Type: max

Fanout         Cap        Slew       Delay        Time   Description
---------------------------------------------------------------------------------------------
                                  0.000000    0.000000   clock clk (rise edge)
                                  0.000000    0.000000   clock source latency
     1    0.012924    0.064056    0.043851    0.043851 ^ clk (in)
                                                         clk (net)
                      0.064076    0.000000    0.043851 ^ clkbuf_0_clk/A (sky130_fd_sc_hd__clkbuf_16)
     2    0.019090    0.041068    0.131161    0.175013 ^ clkbuf_0_clk/X (sky130_fd_sc_hd__clkbuf_16)
                                                         clknet_0_clk (net)
                      0.041086    0.001167    0.176180 ^ clkbuf_1_0__f_clk/A (sky130_fd_sc_hd__clkbuf_16)
     3    0.009645    0.033049    0.113989    0.290170 ^ clkbuf_1_0__f_clk/X (sky130_fd_sc_hd__clkbuf_16)
                                                         clknet_1_0__leaf_clk (net)
                      0.033052    0.000699    0.290868 ^ _27_/CLK (sky130_fd_sc_hd__dfrtp_4)
     3    0.041048    0.108761    0.529082    0.819950 v _27_/Q (sky130_fd_sc_hd__dfrtp_4)
                                                         uo_out[3] (net)
                      0.108833    0.002551    0.822501 v uo_out[3] (out)
                                              0.822501   data arrival time

                                 20.000000   20.000000   clock clk (rise edge)
                                  0.000000   20.000000   clock network delay (propagated)
                                 -0.250000   19.750002   clock uncertainty
                                  0.000000   19.750002   clock reconvergence pessimism
                                 -4.000000   15.750001   output external delay
                                             15.750001   data required time
---------------------------------------------------------------------------------------------
                                             15.750001   data required time
                                             -0.822501   data arrival time
---------------------------------------------------------------------------------------------
                                             14.927500   slack (MET)


Startpoint: _28_ (rising edge-triggered flip-flop clocked by clk)
Endpoint: uo_out[4] (output port clocked by clk)
Path Group: clk
Path Type: max

Fanout         Cap        Slew       Delay        Time   Description
---------------------------------------------------------------------------------------------
                                  0.000000    0.000000   clock clk (rise edge)
                                  0.000000    0.000000   clock source latency
     1    0.012924    0.064056    0.043851    0.043851 ^ clk (in)
                                                         clk (net)
                      0.064076    0.000000    0.043851 ^ clkbuf_0_clk/A (sky130_fd_sc_hd__clkbuf_16)
     2    0.019090    0.041068    0.131161    0.175013 ^ clkbuf_0_clk/X (sky130_fd_sc_hd__clkbuf_16)
                                                         clknet_0_clk (net)
                      0.041086    0.001167    0.176180 ^ clkbuf_1_0__f_clk/A (sky130_fd_sc_hd__clkbuf_16)
     3    0.009645    0.033049    0.113989    0.290170 ^ clkbuf_1_0__f_clk/X (sky130_fd_sc_hd__clkbuf_16)
                                                         clknet_1_0__leaf_clk (net)
                      0.033053    0.000756    0.290926 ^ _28_/CLK (sky130_fd_sc_hd__dfrtp_4)
     3    0.040898    0.108546    0.528817    0.819742 v _28_/Q (sky130_fd_sc_hd__dfrtp_4)
                                                         uo_out[4] (net)
                      0.108619    0.002566    0.822309 v uo_out[4] (out)
                                              0.822309   data arrival time

                                 20.000000   20.000000   clock clk (rise edge)
                                  0.000000   20.000000   clock network delay (propagated)
                                 -0.250000   19.750002   clock uncertainty
                                  0.000000   19.750002   clock reconvergence pessimism
                                 -4.000000   15.750001   output external delay
                                             15.750001   data required time
---------------------------------------------------------------------------------------------
                                             15.750001   data required time
                                             -0.822309   data arrival time
---------------------------------------------------------------------------------------------
                                             14.927691   slack (MET)


Startpoint: _29_ (rising edge-triggered flip-flop clocked by clk)
Endpoint: uo_out[5] (output port clocked by clk)
Path Group: clk
Path Type: max

Fanout         Cap        Slew       Delay        Time   Description
---------------------------------------------------------------------------------------------
                                  0.000000    0.000000   clock clk (rise edge)
                                  0.000000    0.000000   clock source latency
     1    0.012924    0.064056    0.043851    0.043851 ^ clk (in)
                                                         clk (net)
                      0.064076    0.000000    0.043851 ^ clkbuf_0_clk/A (sky130_fd_sc_hd__clkbuf_16)
     2    0.019090    0.041068    0.131161    0.175013 ^ clkbuf_0_clk/X (sky130_fd_sc_hd__clkbuf_16)
                                                         clknet_0_clk (net)
                      0.041086    0.001167    0.176180 ^ clkbuf_1_0__f_clk/A (sky130_fd_sc_hd__clkbuf_16)
     3    0.009645    0.033049    0.113989    0.290170 ^ clkbuf_1_0__f_clk/X (sky130_fd_sc_hd__clkbuf_16)
                                                         clknet_1_0__leaf_clk (net)
                      0.033050    0.000464    0.290633 ^ _29_/CLK (sky130_fd_sc_hd__dfrtp_4)
     2    0.039643    0.106481    0.526967    0.817601 v _29_/Q (sky130_fd_sc_hd__dfrtp_4)
                                                         uo_out[5] (net)
                      0.106528    0.002079    0.819680 v uo_out[5] (out)
                                              0.819680   data arrival time

                                 20.000000   20.000000   clock clk (rise edge)
                                  0.000000   20.000000   clock network delay (propagated)
                                 -0.250000   19.750002   clock uncertainty
                                  0.000000   19.750002   clock reconvergence pessimism
                                 -4.000000   15.750001   output external delay
                                             15.750001   data required time
---------------------------------------------------------------------------------------------
                                             15.750001   data required time
                                             -0.819680   data arrival time
---------------------------------------------------------------------------------------------
                                             14.930321   slack (MET)


Startpoint: rst_n (input port clocked by clk)
Endpoint: _24_ (recovery check against rising-edge clock clk)
Path Group: asynchronous
Path Type: max

Fanout         Cap        Slew       Delay        Time   Description
---------------------------------------------------------------------------------------------
                                  0.000000    0.000000   clock clk (rise edge)
                                  0.000000    0.000000   clock network delay (propagated)
                                  4.000000    4.000000 ^ input external delay
     1    0.002371    0.017909    0.008864    4.008863 ^ rst_n (in)
                                                         rst_n (net)
                      0.017910    0.000000    4.008863 ^ input1/A (sky130_fd_sc_hd__buf_2)
     6    0.034702    0.172593    0.186975    4.195838 ^ input1/X (sky130_fd_sc_hd__buf_2)
                                                         net1 (net)
                      0.172734    0.004070    4.199909 ^ _24_/RESET_B (sky130_fd_sc_hd__dfrtp_4)
                                              4.199909   data arrival time

                                 20.000000   20.000000   clock clk (rise edge)
                                  0.000000   20.000000   clock source latency
     1    0.012924    0.064056    0.043851   20.043852 ^ clk (in)
                                                         clk (net)
                      0.064076    0.000000   20.043852 ^ clkbuf_0_clk/A (sky130_fd_sc_hd__clkbuf_16)
     2    0.019090    0.041068    0.131161   20.175013 ^ clkbuf_0_clk/X (sky130_fd_sc_hd__clkbuf_16)
                                                         clknet_0_clk (net)
                      0.041086    0.001146   20.176159 ^ clkbuf_1_1__f_clk/A (sky130_fd_sc_hd__clkbuf_16)
     3    0.008598    0.032138    0.113031   20.289190 ^ clkbuf_1_1__f_clk/X (sky130_fd_sc_hd__clkbuf_16)
                                                         clknet_1_1__leaf_clk (net)
                      0.032140    0.000487   20.289677 ^ _24_/CLK (sky130_fd_sc_hd__dfrtp_4)
                                 -0.250000   20.039677   clock uncertainty
                                  0.000000   20.039677   clock reconvergence pessimism
                                  0.171800   20.211477   library recovery time
                                             20.211477   data required time
---------------------------------------------------------------------------------------------
                                             20.211477   data required time
                                             -4.199909   data arrival time
---------------------------------------------------------------------------------------------
                                             16.011570   slack (MET)


Startpoint: rst_n (input port clocked by clk)
Endpoint: _29_ (recovery check against rising-edge clock clk)
Path Group: asynchronous
Path Type: max

Fanout         Cap        Slew       Delay        Time   Description
---------------------------------------------------------------------------------------------
                                  0.000000    0.000000   clock clk (rise edge)
                                  0.000000    0.000000   clock network delay (propagated)
                                  4.000000    4.000000 ^ input external delay
     1    0.002371    0.017909    0.008864    4.008863 ^ rst_n (in)
                                                         rst_n (net)
                      0.017910    0.000000    4.008863 ^ input1/A (sky130_fd_sc_hd__buf_2)
     6    0.034702    0.172593    0.186975    4.195838 ^ input1/X (sky130_fd_sc_hd__buf_2)
                                                         net1 (net)
                      0.172785    0.004726    4.200565 ^ _29_/RESET_B (sky130_fd_sc_hd__dfrtp_4)
                                              4.200565   data arrival time

                                 20.000000   20.000000   clock clk (rise edge)
                                  0.000000   20.000000   clock source latency
     1    0.012924    0.064056    0.043851   20.043852 ^ clk (in)
                                                         clk (net)
                      0.064076    0.000000   20.043852 ^ clkbuf_0_clk/A (sky130_fd_sc_hd__clkbuf_16)
     2    0.019090    0.041068    0.131161   20.175013 ^ clkbuf_0_clk/X (sky130_fd_sc_hd__clkbuf_16)
                                                         clknet_0_clk (net)
                      0.041086    0.001169   20.176182 ^ clkbuf_1_0__f_clk/A (sky130_fd_sc_hd__clkbuf_16)
     3    0.009645    0.033049    0.113989   20.290171 ^ clkbuf_1_0__f_clk/X (sky130_fd_sc_hd__clkbuf_16)
                                                         clknet_1_0__leaf_clk (net)
                      0.033050    0.000464   20.290634 ^ _29_/CLK (sky130_fd_sc_hd__dfrtp_4)
                                 -0.250000   20.040634   clock uncertainty
                                  0.000000   20.040634   clock reconvergence pessimism
                                  0.172070   20.212706   library recovery time
                                             20.212706   data required time
---------------------------------------------------------------------------------------------
                                             20.212706   data required time
                                             -4.200565   data arrival time
---------------------------------------------------------------------------------------------
                                             16.012140   slack (MET)


Startpoint: rst_n (input port clocked by clk)
Endpoint: _28_ (recovery check against rising-edge clock clk)
Path Group: asynchronous
Path Type: max

Fanout         Cap        Slew       Delay        Time   Description
---------------------------------------------------------------------------------------------
                                  0.000000    0.000000   clock clk (rise edge)
                                  0.000000    0.000000   clock network delay (propagated)
                                  4.000000    4.000000 ^ input external delay
     1    0.002371    0.017909    0.008864    4.008863 ^ rst_n (in)
                                                         rst_n (net)
                      0.017910    0.000000    4.008863 ^ input1/A (sky130_fd_sc_hd__buf_2)
     6    0.034702    0.172593    0.186975    4.195838 ^ input1/X (sky130_fd_sc_hd__buf_2)
                                                         net1 (net)
                      0.172784    0.004719    4.200558 ^ _28_/RESET_B (sky130_fd_sc_hd__dfrtp_4)
                                              4.200558   data arrival time

                                 20.000000   20.000000   clock clk (rise edge)
                                  0.000000   20.000000   clock source latency
     1    0.012924    0.064056    0.043851   20.043852 ^ clk (in)
                                                         clk (net)
                      0.064076    0.000000   20.043852 ^ clkbuf_0_clk/A (sky130_fd_sc_hd__clkbuf_16)
     2    0.019090    0.041068    0.131161   20.175013 ^ clkbuf_0_clk/X (sky130_fd_sc_hd__clkbuf_16)
                                                         clknet_0_clk (net)
                      0.041086    0.001169   20.176182 ^ clkbuf_1_0__f_clk/A (sky130_fd_sc_hd__clkbuf_16)
     3    0.009645    0.033049    0.113989   20.290171 ^ clkbuf_1_0__f_clk/X (sky130_fd_sc_hd__clkbuf_16)
                                                         clknet_1_0__leaf_clk (net)
                      0.033053    0.000757   20.290926 ^ _28_/CLK (sky130_fd_sc_hd__dfrtp_4)
                                 -0.250000   20.040928   clock uncertainty
                                  0.000000   20.040928   clock reconvergence pessimism
                                  0.172071   20.212997   library recovery time
                                             20.212997   data required time
---------------------------------------------------------------------------------------------
                                             20.212997   data required time
                                             -4.200558   data arrival time
---------------------------------------------------------------------------------------------
                                             16.012440   slack (MET)


Startpoint: rst_n (input port clocked by clk)
Endpoint: _27_ (recovery check against rising-edge clock clk)
Path Group: asynchronous
Path Type: max

Fanout         Cap        Slew       Delay        Time   Description
---------------------------------------------------------------------------------------------
                                  0.000000    0.000000   clock clk (rise edge)
                                  0.000000    0.000000   clock network delay (propagated)
                                  4.000000    4.000000 ^ input external delay
     1    0.002371    0.017909    0.008864    4.008863 ^ rst_n (in)
                                                         rst_n (net)
                      0.017910    0.000000    4.008863 ^ input1/A (sky130_fd_sc_hd__buf_2)
     6    0.034702    0.172593    0.186975    4.195838 ^ input1/X (sky130_fd_sc_hd__buf_2)
                                                         net1 (net)
                      0.172760    0.004415    4.200253 ^ _27_/RESET_B (sky130_fd_sc_hd__dfrtp_4)
                                              4.200253   data arrival time

                                 20.000000   20.000000   clock clk (rise edge)
                                  0.000000   20.000000   clock source latency
     1    0.012924    0.064056    0.043851   20.043852 ^ clk (in)
                                                         clk (net)
                      0.064076    0.000000   20.043852 ^ clkbuf_0_clk/A (sky130_fd_sc_hd__clkbuf_16)
     2    0.019090    0.041068    0.131161   20.175013 ^ clkbuf_0_clk/X (sky130_fd_sc_hd__clkbuf_16)
                                                         clknet_0_clk (net)
                      0.041086    0.001169   20.176182 ^ clkbuf_1_0__f_clk/A (sky130_fd_sc_hd__clkbuf_16)
     3    0.009645    0.033049    0.113989   20.290171 ^ clkbuf_1_0__f_clk/X (sky130_fd_sc_hd__clkbuf_16)
                                                         clknet_1_0__leaf_clk (net)
                      0.033052    0.000698   20.290869 ^ _27_/CLK (sky130_fd_sc_hd__dfrtp_4)
                                 -0.250000   20.040869   clock uncertainty
                                  0.000000   20.040869   clock reconvergence pessimism
                                  0.172079   20.212948   library recovery time
                                             20.212948   data required time
---------------------------------------------------------------------------------------------
                                             20.212948   data required time
                                             -4.200253   data arrival time
---------------------------------------------------------------------------------------------
                                             16.012695   slack (MET)


Startpoint: rst_n (input port clocked by clk)
Endpoint: _25_ (recovery check against rising-edge clock clk)
Path Group: asynchronous
Path Type: max

Fanout         Cap        Slew       Delay        Time   Description
---------------------------------------------------------------------------------------------
                                  0.000000    0.000000   clock clk (rise edge)
                                  0.000000    0.000000   clock network delay (propagated)
                                  4.000000    4.000000 ^ input external delay
     1    0.002371    0.017909    0.008864    4.008863 ^ rst_n (in)
                                                         rst_n (net)
                      0.017910    0.000000    4.008863 ^ input1/A (sky130_fd_sc_hd__buf_2)
     6    0.034702    0.172593    0.186975    4.195838 ^ input1/X (sky130_fd_sc_hd__buf_2)
                                                         net1 (net)
                      0.172656    0.002735    4.198573 ^ _25_/RESET_B (sky130_fd_sc_hd__dfrtp_4)
                                              4.198573   data arrival time

                                 20.000000   20.000000   clock clk (rise edge)
                                  0.000000   20.000000   clock source latency
     1    0.012924    0.064056    0.043851   20.043852 ^ clk (in)
                                                         clk (net)
                      0.064076    0.000000   20.043852 ^ clkbuf_0_clk/A (sky130_fd_sc_hd__clkbuf_16)
     2    0.019090    0.041068    0.131161   20.175013 ^ clkbuf_0_clk/X (sky130_fd_sc_hd__clkbuf_16)
                                                         clknet_0_clk (net)
                      0.041086    0.001146   20.176159 ^ clkbuf_1_1__f_clk/A (sky130_fd_sc_hd__clkbuf_16)
     3    0.008598    0.032138    0.113031   20.289190 ^ clkbuf_1_1__f_clk/X (sky130_fd_sc_hd__clkbuf_16)
                                                         clknet_1_1__leaf_clk (net)
                      0.032140    0.000473   20.289661 ^ _25_/CLK (sky130_fd_sc_hd__dfrtp_4)
                                 -0.250000   20.039663   clock uncertainty
                                  0.000000   20.039663   clock reconvergence pessimism
                                  0.171825   20.211489   library recovery time
                                             20.211489   data required time
---------------------------------------------------------------------------------------------
                                             20.211489   data required time
                                             -4.198573   data arrival time
---------------------------------------------------------------------------------------------
                                             16.012917   slack (MET)


Startpoint: rst_n (input port clocked by clk)
Endpoint: _26_ (recovery check against rising-edge clock clk)
Path Group: asynchronous
Path Type: max

Fanout         Cap        Slew       Delay        Time   Description
---------------------------------------------------------------------------------------------
                                  0.000000    0.000000   clock clk (rise edge)
                                  0.000000    0.000000   clock network delay (propagated)
                                  4.000000    4.000000 ^ input external delay
     1    0.002371    0.017909    0.008864    4.008863 ^ rst_n (in)
                                                         rst_n (net)
                      0.017910    0.000000    4.008863 ^ input1/A (sky130_fd_sc_hd__buf_2)
     6    0.034702    0.172593    0.186975    4.195838 ^ input1/X (sky130_fd_sc_hd__buf_2)
                                                         net1 (net)
                      0.172640    0.002372    4.198210 ^ _26_/RESET_B (sky130_fd_sc_hd__dfrtp_4)
                                              4.198210   data arrival time

                                 20.000000   20.000000   clock clk (rise edge)
                                  0.000000   20.000000   clock source latency
     1    0.012924    0.064056    0.043851   20.043852 ^ clk (in)
                                                         clk (net)
                      0.064076    0.000000   20.043852 ^ clkbuf_0_clk/A (sky130_fd_sc_hd__clkbuf_16)
     2    0.019090    0.041068    0.131161   20.175013 ^ clkbuf_0_clk/X (sky130_fd_sc_hd__clkbuf_16)
                                                         clknet_0_clk (net)
                      0.041086    0.001146   20.176159 ^ clkbuf_1_1__f_clk/A (sky130_fd_sc_hd__clkbuf_16)
     3    0.008598    0.032138    0.113031   20.289190 ^ clkbuf_1_1__f_clk/X (sky130_fd_sc_hd__clkbuf_16)
                                                         clknet_1_1__leaf_clk (net)
                      0.032140    0.000471   20.289660 ^ _26_/CLK (sky130_fd_sc_hd__dfrtp_4)
                                 -0.250000   20.039661   clock uncertainty
                                  0.000000   20.039661   clock reconvergence pessimism
                                  0.171830   20.211493   library recovery time
                                             20.211493   data required time
---------------------------------------------------------------------------------------------
                                             20.211493   data required time
                                             -4.198210   data arrival time
---------------------------------------------------------------------------------------------
                                             16.013281   slack (MET)


Startpoint: _26_ (rising edge-triggered flip-flop clocked by clk)
Endpoint: _28_ (rising edge-triggered flip-flop clocked by clk)
Path Group: clk
Path Type: max

Fanout         Cap        Slew       Delay        Time   Description
---------------------------------------------------------------------------------------------
                                  0.000000    0.000000   clock clk (rise edge)
                                  0.000000    0.000000   clock source latency
     1    0.012924    0.064056    0.043851    0.043851 ^ clk (in)
                                                         clk (net)
                      0.064076    0.000000    0.043851 ^ clkbuf_0_clk/A (sky130_fd_sc_hd__clkbuf_16)
     2    0.019090    0.041068    0.131161    0.175013 ^ clkbuf_0_clk/X (sky130_fd_sc_hd__clkbuf_16)
                                                         clknet_0_clk (net)
                      0.041086    0.001145    0.176158 ^ clkbuf_1_1__f_clk/A (sky130_fd_sc_hd__clkbuf_16)
     3    0.008598    0.032138    0.113031    0.289189 ^ clkbuf_1_1__f_clk/X (sky130_fd_sc_hd__clkbuf_16)
                                                         clknet_1_1__leaf_clk (net)
                      0.032140    0.000471    0.289660 ^ _26_/CLK (sky130_fd_sc_hd__dfrtp_4)
     4    0.048486    0.121429    0.539513    0.829173 v _26_/Q (sky130_fd_sc_hd__dfrtp_4)
                                                         uo_out[2] (net)
                      0.121608    0.004153    0.833326 v _17_/C (sky130_fd_sc_hd__and4_1)
     3    0.009451    0.065325    0.250231    1.083558 v _17_/X (sky130_fd_sc_hd__and4_1)
                                                         _08_ (net)
                      0.065337    0.000860    1.084418 v _21_/B (sky130_fd_sc_hd__or2_1)
     1    0.001752    0.042330    0.200273    1.284691 v _21_/X (sky130_fd_sc_hd__or2_1)
                                                         _11_ (net)
                      0.042330    0.000083    1.284773 v _22_/B (sky130_fd_sc_hd__and2_1)
     1    0.002657    0.034442    0.147944    1.432717 v _22_/X (sky130_fd_sc_hd__and2_1)
                                                         _04_ (net)
                      0.034442    0.000186    1.432903 v _28_/D (sky130_fd_sc_hd__dfrtp_4)
                                              1.432903   data arrival time

                                 20.000000   20.000000   clock clk (rise edge)
                                  0.000000   20.000000   clock source latency
     1    0.012924    0.064056    0.043851   20.043852 ^ clk (in)
                                                         clk (net)
                      0.064076    0.000000   20.043852 ^ clkbuf_0_clk/A (sky130_fd_sc_hd__clkbuf_16)
     2    0.019090    0.041068    0.131161   20.175013 ^ clkbuf_0_clk/X (sky130_fd_sc_hd__clkbuf_16)
                                                         clknet_0_clk (net)
                      0.041086    0.001169   20.176182 ^ clkbuf_1_0__f_clk/A (sky130_fd_sc_hd__clkbuf_16)
     3    0.009645    0.033049    0.113989   20.290171 ^ clkbuf_1_0__f_clk/X (sky130_fd_sc_hd__clkbuf_16)
                                                         clknet_1_0__leaf_clk (net)
                      0.033053    0.000757   20.290926 ^ _28_/CLK (sky130_fd_sc_hd__dfrtp_4)
                                 -0.250000   20.040928   clock uncertainty
                                  0.000000   20.040928   clock reconvergence pessimism
                                 -0.112398   19.928530   library setup time
                                             19.928530   data required time
---------------------------------------------------------------------------------------------
                                             19.928530   data required time
                                             -1.432903   data arrival time
---------------------------------------------------------------------------------------------
                                             18.495626   slack (MET)


Startpoint: _26_ (rising edge-triggered flip-flop clocked by clk)
Endpoint: _29_ (rising edge-triggered flip-flop clocked by clk)
Path Group: clk
Path Type: max

Fanout         Cap        Slew       Delay        Time   Description
---------------------------------------------------------------------------------------------
                                  0.000000    0.000000   clock clk (rise edge)
                                  0.000000    0.000000   clock source latency
     1    0.012924    0.064056    0.043851    0.043851 ^ clk (in)
                                                         clk (net)
                      0.064076    0.000000    0.043851 ^ clkbuf_0_clk/A (sky130_fd_sc_hd__clkbuf_16)
     2    0.019090    0.041068    0.131161    0.175013 ^ clkbuf_0_clk/X (sky130_fd_sc_hd__clkbuf_16)
                                                         clknet_0_clk (net)
                      0.041086    0.001145    0.176158 ^ clkbuf_1_1__f_clk/A (sky130_fd_sc_hd__clkbuf_16)
     3    0.008598    0.032138    0.113031    0.289189 ^ clkbuf_1_1__f_clk/X (sky130_fd_sc_hd__clkbuf_16)
                                                         clknet_1_1__leaf_clk (net)
                      0.032140    0.000471    0.289660 ^ _26_/CLK (sky130_fd_sc_hd__dfrtp_4)
     4    0.048486    0.121429    0.539513    0.829173 v _26_/Q (sky130_fd_sc_hd__dfrtp_4)
                                                         uo_out[2] (net)
                      0.121608    0.004153    0.833326 v _17_/C (sky130_fd_sc_hd__and4_1)
     3    0.009451    0.065325    0.250231    1.083558 v _17_/X (sky130_fd_sc_hd__and4_1)
                                                         _08_ (net)
                      0.065339    0.000911    1.084468 v _20_/B (sky130_fd_sc_hd__nand2_1)
     2    0.006637    0.075813    0.093995    1.178463 ^ _20_/Y (sky130_fd_sc_hd__nand2_1)
                                                         _10_ (net)
                      0.075814    0.000412    1.178875 ^ _23_/B (sky130_fd_sc_hd__xnor2_1)
     1    0.005260    0.162529    0.132468    1.311343 ^ _23_/Y (sky130_fd_sc_hd__xnor2_1)
                                                         _05_ (net)
                      0.162529    0.000282    1.311625 ^ _29_/D (sky130_fd_sc_hd__dfrtp_4)
                                              1.311625   data arrival time

                                 20.000000   20.000000   clock clk (rise edge)
                                  0.000000   20.000000   clock source latency
     1    0.012924    0.064056    0.043851   20.043852 ^ clk (in)
                                                         clk (net)
                      0.064076    0.000000   20.043852 ^ clkbuf_0_clk/A (sky130_fd_sc_hd__clkbuf_16)
     2    0.019090    0.041068    0.131161   20.175013 ^ clkbuf_0_clk/X (sky130_fd_sc_hd__clkbuf_16)
                                                         clknet_0_clk (net)
                      0.041086    0.001169   20.176182 ^ clkbuf_1_0__f_clk/A (sky130_fd_sc_hd__clkbuf_16)
     3    0.009645    0.033049    0.113989   20.290171 ^ clkbuf_1_0__f_clk/X (sky130_fd_sc_hd__clkbuf_16)
                                                         clknet_1_0__leaf_clk (net)
                      0.033050    0.000464   20.290634 ^ _29_/CLK (sky130_fd_sc_hd__dfrtp_4)
                                 -0.250000   20.040634   clock uncertainty
                                  0.000000   20.040634   clock reconvergence pessimism
                                 -0.092847   19.947788   library setup time
                                             19.947788   data required time
---------------------------------------------------------------------------------------------
                                             19.947788   data required time
                                             -1.311625   data arrival time
---------------------------------------------------------------------------------------------
                                             18.636164   slack (MET)


Startpoint: _24_ (rising edge-triggered flip-flop clocked by clk)
Endpoint: _27_ (rising edge-triggered flip-flop clocked by clk)
Path Group: clk
Path Type: max

Fanout         Cap        Slew       Delay        Time   Description
---------------------------------------------------------------------------------------------
                                  0.000000    0.000000   clock clk (rise edge)
                                  0.000000    0.000000   clock source latency
     1    0.012924    0.064056    0.043851    0.043851 ^ clk (in)
                                                         clk (net)
                      0.064076    0.000000    0.043851 ^ clkbuf_0_clk/A (sky130_fd_sc_hd__clkbuf_16)
     2    0.019090    0.041068    0.131161    0.175013 ^ clkbuf_0_clk/X (sky130_fd_sc_hd__clkbuf_16)
                                                         clknet_0_clk (net)
                      0.041086    0.001145    0.176158 ^ clkbuf_1_1__f_clk/A (sky130_fd_sc_hd__clkbuf_16)
     3    0.008598    0.032138    0.113031    0.289189 ^ clkbuf_1_1__f_clk/X (sky130_fd_sc_hd__clkbuf_16)
                                                         clknet_1_1__leaf_clk (net)
                      0.032140    0.000487    0.289676 ^ _24_/CLK (sky130_fd_sc_hd__dfrtp_4)
     6    0.049858    0.165583    0.495075    0.784752 ^ _24_/Q (sky130_fd_sc_hd__dfrtp_4)
                                                         uo_out[0] (net)
                      0.165622    0.002458    0.787210 ^ _17_/B (sky130_fd_sc_hd__and4_1)
     3    0.009958    0.114553    0.258678    1.045888 ^ _17_/X (sky130_fd_sc_hd__and4_1)
                                                         _08_ (net)
                      0.114554    0.000667    1.046555 ^ _19_/A_N (sky130_fd_sc_hd__and2b_1)
     1    0.002811    0.033699    0.188166    1.234721 v _19_/X (sky130_fd_sc_hd__and2b_1)
                                                         _03_ (net)
                      0.033716    0.000193    1.234913 v _27_/D (sky130_fd_sc_hd__dfrtp_4)
                                              1.234913   data arrival time

                                 20.000000   20.000000   clock clk (rise edge)
                                  0.000000   20.000000   clock source latency
     1    0.012924    0.064056    0.043851   20.043852 ^ clk (in)
                                                         clk (net)
                      0.064076    0.000000   20.043852 ^ clkbuf_0_clk/A (sky130_fd_sc_hd__clkbuf_16)
     2    0.019090    0.041068    0.131161   20.175013 ^ clkbuf_0_clk/X (sky130_fd_sc_hd__clkbuf_16)
                                                         clknet_0_clk (net)
                      0.041086    0.001169   20.176182 ^ clkbuf_1_0__f_clk/A (sky130_fd_sc_hd__clkbuf_16)
     3    0.009645    0.033049    0.113989   20.290171 ^ clkbuf_1_0__f_clk/X (sky130_fd_sc_hd__clkbuf_16)
                                                         clknet_1_0__leaf_clk (net)
                      0.033052    0.000698   20.290869 ^ _27_/CLK (sky130_fd_sc_hd__dfrtp_4)
                                 -0.250000   20.040869   clock uncertainty
                                  0.000000   20.040869   clock reconvergence pessimism
                                 -0.112081   19.928787   library setup time
                                             19.928787   data required time
---------------------------------------------------------------------------------------------
                                             19.928787   data required time
                                             -1.234913   data arrival time
---------------------------------------------------------------------------------------------
                                             18.693876   slack (MET)


Startpoint: _25_ (rising edge-triggered flip-flop clocked by clk)
Endpoint: _25_ (rising edge-triggered flip-flop clocked by clk)
Path Group: clk
Path Type: max

Fanout         Cap        Slew       Delay        Time   Description
---------------------------------------------------------------------------------------------
                                  0.000000    0.000000   clock clk (rise edge)
                                  0.000000    0.000000   clock source latency
     1    0.012924    0.064056    0.043851    0.043851 ^ clk (in)
                                                         clk (net)
                      0.064076    0.000000    0.043851 ^ clkbuf_0_clk/A (sky130_fd_sc_hd__clkbuf_16)
     2    0.019090    0.041068    0.131161    0.175013 ^ clkbuf_0_clk/X (sky130_fd_sc_hd__clkbuf_16)
                                                         clknet_0_clk (net)
                      0.041086    0.001145    0.176158 ^ clkbuf_1_1__f_clk/A (sky130_fd_sc_hd__clkbuf_16)
     3    0.008598    0.032138    0.113031    0.289189 ^ clkbuf_1_1__f_clk/X (sky130_fd_sc_hd__clkbuf_16)
                                                         clknet_1_1__leaf_clk (net)
                      0.032140    0.000474    0.289662 ^ _25_/CLK (sky130_fd_sc_hd__dfrtp_4)
     5    0.044778    0.115000    0.534233    0.823895 v _25_/Q (sky130_fd_sc_hd__dfrtp_4)
                                                         uo_out[1] (net)
                      0.115068    0.002611    0.826506 v _14_/A (sky130_fd_sc_hd__or2_1)
     1    0.001700    0.042071    0.237238    1.063744 v _14_/X (sky130_fd_sc_hd__or2_1)
                                                         _07_ (net)
                      0.042071    0.000077    1.063822 v _15_/B (sky130_fd_sc_hd__and2_1)
     1    0.003796    0.039258    0.154023    1.217845 v _15_/X (sky130_fd_sc_hd__and2_1)
                                                         _01_ (net)
                      0.039258    0.000252    1.218096 v _25_/D (sky130_fd_sc_hd__dfrtp_4)
                                              1.218096   data arrival time

                                 20.000000   20.000000   clock clk (rise edge)
                                  0.000000   20.000000   clock source latency
     1    0.012924    0.064056    0.043851   20.043852 ^ clk (in)
                                                         clk (net)
                      0.064076    0.000000   20.043852 ^ clkbuf_0_clk/A (sky130_fd_sc_hd__clkbuf_16)
     2    0.019090    0.041068    0.131161   20.175013 ^ clkbuf_0_clk/X (sky130_fd_sc_hd__clkbuf_16)
                                                         clknet_0_clk (net)
                      0.041086    0.001146   20.176159 ^ clkbuf_1_1__f_clk/A (sky130_fd_sc_hd__clkbuf_16)
     3    0.008598    0.032138    0.113031   20.289190 ^ clkbuf_1_1__f_clk/X (sky130_fd_sc_hd__clkbuf_16)
                                                         clknet_1_1__leaf_clk (net)
                      0.032140    0.000473   20.289661 ^ _25_/CLK (sky130_fd_sc_hd__dfrtp_4)
                                 -0.250000   20.039663   clock uncertainty
                                  0.000000   20.039663   clock reconvergence pessimism
                                 -0.114709   19.924953   library setup time
                                             19.924953   data required time
---------------------------------------------------------------------------------------------
                                             19.924953   data required time
                                             -1.218096   data arrival time
---------------------------------------------------------------------------------------------
                                             18.706858   slack (MET)


Startpoint: _24_ (rising edge-triggered flip-flop clocked by clk)
Endpoint: _26_ (rising edge-triggered flip-flop clocked by clk)
Path Group: clk
Path Type: max

Fanout         Cap        Slew       Delay        Time   Description
---------------------------------------------------------------------------------------------
                                  0.000000    0.000000   clock clk (rise edge)
                                  0.000000    0.000000   clock source latency
     1    0.012924    0.064056    0.043851    0.043851 ^ clk (in)
                                                         clk (net)
                      0.064076    0.000000    0.043851 ^ clkbuf_0_clk/A (sky130_fd_sc_hd__clkbuf_16)
     2    0.019090    0.041068    0.131161    0.175013 ^ clkbuf_0_clk/X (sky130_fd_sc_hd__clkbuf_16)
                                                         clknet_0_clk (net)
                      0.041086    0.001145    0.176158 ^ clkbuf_1_1__f_clk/A (sky130_fd_sc_hd__clkbuf_16)
     3    0.008598    0.032138    0.113031    0.289189 ^ clkbuf_1_1__f_clk/X (sky130_fd_sc_hd__clkbuf_16)
                                                         clknet_1_1__leaf_clk (net)
                      0.032140    0.000487    0.289676 ^ _24_/CLK (sky130_fd_sc_hd__dfrtp_4)
     6    0.048868    0.120743    0.541947    0.831623 v _24_/Q (sky130_fd_sc_hd__dfrtp_4)
                                                         uo_out[0] (net)
                      0.120796    0.002340    0.833963 v _13_/B (sky130_fd_sc_hd__nand2_1)
     2    0.008133    0.090638    0.128311    0.962273 ^ _13_/Y (sky130_fd_sc_hd__nand2_1)
                                                         _06_ (net)
                      0.090639    0.000511    0.962784 ^ _16_/B (sky130_fd_sc_hd__xnor2_1)
     1    0.003573    0.130369    0.123783    1.086567 ^ _16_/Y (sky130_fd_sc_hd__xnor2_1)
                                                         _02_ (net)
                      0.130369    0.000218    1.086785 ^ _26_/D (sky130_fd_sc_hd__dfrtp_4)
                                              1.086785   data arrival time

                                 20.000000   20.000000   clock clk (rise edge)
                                  0.000000   20.000000   clock source latency
     1    0.012924    0.064056    0.043851   20.043852 ^ clk (in)
                                                         clk (net)
                      0.064076    0.000000   20.043852 ^ clkbuf_0_clk/A (sky130_fd_sc_hd__clkbuf_16)
     2    0.019090    0.041068    0.131161   20.175013 ^ clkbuf_0_clk/X (sky130_fd_sc_hd__clkbuf_16)
                                                         clknet_0_clk (net)
                      0.041086    0.001146   20.176159 ^ clkbuf_1_1__f_clk/A (sky130_fd_sc_hd__clkbuf_16)
     3    0.008598    0.032138    0.113031   20.289190 ^ clkbuf_1_1__f_clk/X (sky130_fd_sc_hd__clkbuf_16)
                                                         clknet_1_1__leaf_clk (net)
                      0.032140    0.000471   20.289660 ^ _26_/CLK (sky130_fd_sc_hd__dfrtp_4)
                                 -0.250000   20.039661   clock uncertainty
                                  0.000000   20.039661   clock reconvergence pessimism
                                 -0.085457   19.954205   library setup time
                                             19.954205   data required time
---------------------------------------------------------------------------------------------
                                             19.954205   data required time
                                             -1.086785   data arrival time
---------------------------------------------------------------------------------------------
                                             18.867420   slack (MET)


Startpoint: _24_ (rising edge-triggered flip-flop clocked by clk)
Endpoint: _24_ (rising edge-triggered flip-flop clocked by clk)
Path Group: clk
Path Type: max

Fanout         Cap        Slew       Delay        Time   Description
---------------------------------------------------------------------------------------------
                                  0.000000    0.000000   clock clk (rise edge)
                                  0.000000    0.000000   clock source latency
     1    0.012924    0.064056    0.043851    0.043851 ^ clk (in)
                                                         clk (net)
                      0.064076    0.000000    0.043851 ^ clkbuf_0_clk/A (sky130_fd_sc_hd__clkbuf_16)
     2    0.019090    0.041068    0.131161    0.175013 ^ clkbuf_0_clk/X (sky130_fd_sc_hd__clkbuf_16)
                                                         clknet_0_clk (net)
                      0.041086    0.001145    0.176158 ^ clkbuf_1_1__f_clk/A (sky130_fd_sc_hd__clkbuf_16)
     3    0.008598    0.032138    0.113031    0.289189 ^ clkbuf_1_1__f_clk/X (sky130_fd_sc_hd__clkbuf_16)
                                                         clknet_1_1__leaf_clk (net)
                      0.032140    0.000487    0.289676 ^ _24_/CLK (sky130_fd_sc_hd__dfrtp_4)
     6    0.048868    0.120743    0.541947    0.831623 v _24_/Q (sky130_fd_sc_hd__dfrtp_4)
                                                         uo_out[0] (net)
                      0.120798    0.002373    0.833996 v _12_/A (sky130_fd_sc_hd__inv_2)
     1    0.002682    0.037181    0.064400    0.898395 ^ _12_/Y (sky130_fd_sc_hd__inv_2)
                                                         _00_ (net)
                      0.037182    0.000198    0.898593 ^ _24_/D (sky130_fd_sc_hd__dfrtp_4)
                                              0.898593   data arrival time

                                 20.000000   20.000000   clock clk (rise edge)
                                  0.000000   20.000000   clock source latency
     1    0.012924    0.064056    0.043851   20.043852 ^ clk (in)
                                                         clk (net)
                      0.064076    0.000000   20.043852 ^ clkbuf_0_clk/A (sky130_fd_sc_hd__clkbuf_16)
     2    0.019090    0.041068    0.131161   20.175013 ^ clkbuf_0_clk/X (sky130_fd_sc_hd__clkbuf_16)
                                                         clknet_0_clk (net)
                      0.041086    0.001146   20.176159 ^ clkbuf_1_1__f_clk/A (sky130_fd_sc_hd__clkbuf_16)
     3    0.008598    0.032138    0.113031   20.289190 ^ clkbuf_1_1__f_clk/X (sky130_fd_sc_hd__clkbuf_16)
                                                         clknet_1_1__leaf_clk (net)
                      0.032140    0.000487   20.289677 ^ _24_/CLK (sky130_fd_sc_hd__dfrtp_4)
                                 -0.250000   20.039677   clock uncertainty
                                  0.000000   20.039677   clock reconvergence pessimism
                                 -0.063625   19.976051   library setup time
                                             19.976051   data required time
---------------------------------------------------------------------------------------------
                                             19.976051   data required time
                                             -0.898593   data arrival time
---------------------------------------------------------------------------------------------
                                             19.077457   slack (MET)



%OL_END_REPORT
%OL_CREATE_REPORT checks.rpt

===========================================================================
report_checks -unconstrained
===========================================================================
======================= max_tt_025C_1v80 Corner ===================================

Startpoint: rst_n (input port clocked by clk)
Endpoint: _24_ (recovery check against rising-edge clock clk)
Path Group: asynchronous
Path Type: max

Fanout         Cap        Slew       Delay        Time   Description
---------------------------------------------------------------------------------------------
                                  0.000000    0.000000   clock clk (rise edge)
                                  0.000000    0.000000   clock network delay (propagated)
                                  4.000000    4.000000 ^ input external delay
     1    0.002371    0.017909    0.008864    4.008863 ^ rst_n (in)
                                                         rst_n (net)
                      0.017910    0.000000    4.008863 ^ input1/A (sky130_fd_sc_hd__buf_2)
     6    0.034702    0.172593    0.186975    4.195838 ^ input1/X (sky130_fd_sc_hd__buf_2)
                                                         net1 (net)
                      0.172734    0.004070    4.199909 ^ _24_/RESET_B (sky130_fd_sc_hd__dfrtp_4)
                                              4.199909   data arrival time

                                 20.000000   20.000000   clock clk (rise edge)
                                  0.000000   20.000000   clock source latency
     1    0.012924    0.064056    0.043851   20.043852 ^ clk (in)
                                                         clk (net)
                      0.064076    0.000000   20.043852 ^ clkbuf_0_clk/A (sky130_fd_sc_hd__clkbuf_16)
     2    0.019090    0.041068    0.131161   20.175013 ^ clkbuf_0_clk/X (sky130_fd_sc_hd__clkbuf_16)
                                                         clknet_0_clk (net)
                      0.041086    0.001146   20.176159 ^ clkbuf_1_1__f_clk/A (sky130_fd_sc_hd__clkbuf_16)
     3    0.008598    0.032138    0.113031   20.289190 ^ clkbuf_1_1__f_clk/X (sky130_fd_sc_hd__clkbuf_16)
                                                         clknet_1_1__leaf_clk (net)
                      0.032140    0.000487   20.289677 ^ _24_/CLK (sky130_fd_sc_hd__dfrtp_4)
                                 -0.250000   20.039677   clock uncertainty
                                  0.000000   20.039677   clock reconvergence pessimism
                                  0.171800   20.211477   library recovery time
                                             20.211477   data required time
---------------------------------------------------------------------------------------------
                                             20.211477   data required time
                                             -4.199909   data arrival time
---------------------------------------------------------------------------------------------
                                             16.011570   slack (MET)


Startpoint: _26_ (rising edge-triggered flip-flop clocked by clk)
Endpoint: uo_out[2] (output port clocked by clk)
Path Group: clk
Path Type: max

Fanout         Cap        Slew       Delay        Time   Description
---------------------------------------------------------------------------------------------
                                  0.000000    0.000000   clock clk (rise edge)
                                  0.000000    0.000000   clock source latency
     1    0.012924    0.064056    0.043851    0.043851 ^ clk (in)
                                                         clk (net)
                      0.064076    0.000000    0.043851 ^ clkbuf_0_clk/A (sky130_fd_sc_hd__clkbuf_16)
     2    0.019090    0.041068    0.131161    0.175013 ^ clkbuf_0_clk/X (sky130_fd_sc_hd__clkbuf_16)
                                                         clknet_0_clk (net)
                      0.041086    0.001145    0.176158 ^ clkbuf_1_1__f_clk/A (sky130_fd_sc_hd__clkbuf_16)
     3    0.008598    0.032138    0.113031    0.289189 ^ clkbuf_1_1__f_clk/X (sky130_fd_sc_hd__clkbuf_16)
                                                         clknet_1_1__leaf_clk (net)
                      0.032140    0.000471    0.289660 ^ _26_/CLK (sky130_fd_sc_hd__dfrtp_4)
     4    0.048486    0.121429    0.539513    0.829173 v _26_/Q (sky130_fd_sc_hd__dfrtp_4)
                                                         uo_out[2] (net)
                      0.121754    0.005454    0.834628 v uo_out[2] (out)
                                              0.834628   data arrival time

                                 20.000000   20.000000   clock clk (rise edge)
                                  0.000000   20.000000   clock network delay (propagated)
                                 -0.250000   19.750002   clock uncertainty
                                  0.000000   19.750002   clock reconvergence pessimism
                                 -4.000000   15.750001   output external delay
                                             15.750001   data required time
---------------------------------------------------------------------------------------------
                                             15.750001   data required time
                                             -0.834628   data arrival time
---------------------------------------------------------------------------------------------
                                             14.915373   slack (MET)




===========================================================================
report_checks --slack_max -0.01
============================================================================
======================= max_tt_025C_1v80 Corner ===================================

No paths found.


===========================================================================
 report_check_types -max_slew -max_cap -max_fanout -violators
============================================================================
======================= max_tt_025C_1v80 Corner ===================================



===========================================================================
report_parasitic_annotation -report_unannotated
============================================================================
Found 35 unannotated drivers.
 ena
 ui_in[0]
 ui_in[1]
 ui_in[2]
 ui_in[3]
 ui_in[4]
 ui_in[5]
 ui_in[6]
 ui_in[7]
 uio_in[0]
 uio_in[1]
 uio_in[2]
 uio_in[3]
 uio_in[4]
 uio_in[5]
 uio_in[6]
 uio_in[7]
 tt_um_josue_olivos_6bit_counter_10/HI
 tt_um_josue_olivos_6bit_counter_11/HI
 tt_um_josue_olivos_6bit_counter_12/HI
 tt_um_josue_olivos_6bit_counter_13/HI
 tt_um_josue_olivos_6bit_counter_14/HI
 tt_um_josue_olivos_6bit_counter_15/HI
 tt_um_josue_olivos_6bit_counter_16/HI
 tt_um_josue_olivos_6bit_counter_17/HI
 tt_um_josue_olivos_6bit_counter_18/HI
 tt_um_josue_olivos_6bit_counter_19/HI
 tt_um_josue_olivos_6bit_counter_2/HI
 tt_um_josue_olivos_6bit_counter_3/HI
 tt_um_josue_olivos_6bit_counter_4/HI
 tt_um_josue_olivos_6bit_counter_5/HI
 tt_um_josue_olivos_6bit_counter_6/HI
 tt_um_josue_olivos_6bit_counter_7/HI
 tt_um_josue_olivos_6bit_counter_8/HI
 tt_um_josue_olivos_6bit_counter_9/HI
Found 0 partially unannotated drivers.

===========================================================================
max slew violation count 0
%OL_METRIC_I design__max_slew_violation__count__corner:max_tt_025C_1v80 0
max fanout violation count 0
%OL_METRIC_I design__max_fanout_violation__count__corner:max_tt_025C_1v80 0
max cap violation count 0
%OL_METRIC_I design__max_cap_violation__count__corner:max_tt_025C_1v80 0
============================================================================

===========================================================================
check_setup -verbose -unconstrained_endpoints -multiple_clock -no_clock -no_input_delay -loops -generated_clocks
===========================================================================
Warning: There are 18 unconstrained endpoints.
  uio_oe[0]
  uio_oe[1]
  uio_oe[2]
  uio_oe[3]
  uio_oe[4]
  uio_oe[5]
  uio_oe[6]
  uio_oe[7]
  uio_out[0]
  uio_out[1]
  uio_out[2]
  uio_out[3]
  uio_out[4]
  uio_out[5]
  uio_out[6]
  uio_out[7]
  uo_out[6]
  uo_out[7]
%OL_END_REPORT
%OL_CREATE_REPORT power.rpt

===========================================================================
 report_power
============================================================================
======================= max_tt_025C_1v80 Corner ===================================

Group                    Internal    Switching      Leakage        Total
                            Power        Power        Power        Power (Watts)
------------------------------------------------------------------------
Sequential           1.221998e-05 0.000000e+00 6.641250e-11 1.222004e-05  27.7%
Combinational        7.186933e-08 2.810834e-07 9.164301e-11 3.530443e-07   0.8%
Clock                2.549349e-05 6.048087e-06 1.064065e-09 3.154264e-05  71.5%
Macro                0.000000e+00 0.000000e+00 0.000000e+00 0.000000e+00   0.0%
Pad                  0.000000e+00 0.000000e+00 0.000000e+00 0.000000e+00   0.0%
------------------------------------------------------------------------
Total                3.778533e-05 6.329170e-06 1.222121e-09 4.411572e-05 100.0%
                            85.7%        14.3%         0.0%
%OL_METRIC_F power__internal__total 3.7785332096973434e-5
%OL_METRIC_F power__switching__total 6.329170446406351e-6
%OL_METRIC_F power__leakage__total 1.222121404076404e-9
%OL_METRIC_F power__total 4.411572444951162e-5

%OL_END_REPORT
%OL_CREATE_REPORT skew.min.rpt

===========================================================================
Clock Skew (Hold)
============================================================================
%OL_METRIC_F clock__skew__worst_hold__corner:max_tt_025C_1v80 -0.251265876328479
======================= max_tt_025C_1v80 Corner ===================================

Clock clk
0.289660 source latency _26_/CLK ^
-0.290926 target latency _28_/CLK ^
-0.250000 clock uncertainty
0.000000 CRPR
--------------
-0.251266 hold skew

%OL_END_REPORT
%OL_CREATE_REPORT skew.max.rpt

===========================================================================
Clock Skew (Setup)
============================================================================
%OL_METRIC_F clock__skew__worst_setup__corner:max_tt_025C_1v80 0.25029248826410966
======================= max_tt_025C_1v80 Corner ===================================

Clock clk
0.290926 source latency _28_/CLK ^
-0.290633 target latency _29_/CLK ^
0.250000 clock uncertainty
0.000000 CRPR
--------------
0.250292 setup skew

%OL_END_REPORT
%OL_CREATE_REPORT ws.min.rpt

===========================================================================
Worst Slack (Hold)
============================================================================
%OL_METRIC_F timing__hold__ws__corner:max_tt_025C_1v80 0.3252487260467988
max_tt_025C_1v80: 0.3252487260467988
%OL_END_REPORT
%OL_CREATE_REPORT ws.max.rpt

===========================================================================
Worst Slack (Setup)
============================================================================
%OL_METRIC_F timing__setup__ws__corner:max_tt_025C_1v80 14.9153724703984
max_tt_025C_1v80: 14.9153724703984
%OL_END_REPORT
%OL_CREATE_REPORT tns.min.rpt

===========================================================================
Total Negative Slack (Hold)
============================================================================
%OL_METRIC_F timing__hold__tns__corner:max_tt_025C_1v80 0.0
max_tt_025C_1v80: 0.0
%OL_END_REPORT
%OL_CREATE_REPORT tns.max.rpt

===========================================================================
Total Negative Slack (Setup)
============================================================================
%OL_METRIC_F timing__setup__tns__corner:max_tt_025C_1v80 0.0
max_tt_025C_1v80: 0.0
%OL_END_REPORT
%OL_CREATE_REPORT wns.min.rpt

===========================================================================
Worst Negative Slack (Hold)
============================================================================
%OL_METRIC_F timing__hold__wns__corner:max_tt_025C_1v80 0
max_tt_025C_1v80: 0
%OL_END_REPORT
%OL_CREATE_REPORT wns.max.rpt

===========================================================================
Worst Negative Slack (Setup)
============================================================================
%OL_METRIC_F timing__setup__wns__corner:max_tt_025C_1v80 0.0
max_tt_025C_1v80: 0.0
%OL_END_REPORT
%OL_CREATE_REPORT violator_list.rpt

===========================================================================
Violator List
============================================================================
%OL_METRIC_I timing__hold_vio__count__corner:max_tt_025C_1v80 0
%OL_METRIC_F timing__hold_r2r__ws__corner:max_tt_025C_1v80 0.325249
%OL_METRIC_I timing__hold_r2r_vio__count__corner:max_tt_025C_1v80 0
%OL_METRIC_I timing__setup_vio__count__corner:max_tt_025C_1v80 0
%OL_METRIC_F timing__setup_r2r__ws__corner:max_tt_025C_1v80 18.495626
%OL_METRIC_I timing__setup_r2r_vio__count__corner:max_tt_025C_1v80 0
%OL_END_REPORT
%OL_CREATE_REPORT unpropagated.rpt
%OL_END_REPORT
%OL_CREATE_REPORT clock.rpt
Clock: clk
Sources: clk 
Generated: no
Virtual: yes
Propagated: no
Period: 20.000000

===========================================================================
report_clock_properties
============================================================================
Clock                   Period          Waveform
----------------------------------------------------
clk                  20.000000    0.000000 10.000000

===========================================================================
report_clock_latency
============================================================================
Clock clk
rise -> rise
    min     max
0.000000 0.000000 source latency
0.289660         network latency _26_/CLK
        0.290926 network latency _28_/CLK
---------------
0.289660 0.290926 latency
        0.001266 skew

fall -> fall
    min     max
0.000000 0.000000 source latency
0.290395         network latency _26_/CLK
        0.291502 network latency _28_/CLK
---------------
0.290395 0.291502 latency
        0.001107 skew



===========================================================================
report_clock_min_period
============================================================================
clk period_min = 1.50 fmax = 664.73
%OL_END_REPORT
Writing SDF files for all corners…
Removing Clock latencies before writing libs…
Writing timing models for all corners…
Writing timing models for the max_tt_025C_1v80 corner to /workspaces/tt-verilog-test-counter/runs/wokwi/54-openroad-stapostpnr/max_tt_025C_1v80/tt_um_josue_olivos_6bit_counter__max_tt_025C_1v80.lib…
