Reading timing models for corner min_ff_n40C_1v95…
Reading cell library for the 'min_ff_n40C_1v95' corner at '/home/vscode/ttsetup/pdk/ciel/sky130/versions/0fe599b2afb6708d281543108caf8310912f54af/sky130A/libs.ref/sky130_fd_sc_hd/lib/sky130_fd_sc_hd__ff_n40C_1v95.lib'…
Reading top-level netlist at '/workspaces/tt-verilog-test-counter/runs/wokwi/51-openroad-fillinsertion/tt_um_josue_olivos_6bit_counter.nl.v'…
Linking design 'tt_um_josue_olivos_6bit_counter' from netlist…
Warning: /workspaces/tt-verilog-test-counter/runs/wokwi/51-openroad-fillinsertion/tt_um_josue_olivos_6bit_counter.nl.v line 213, module sky130_fd_sc_hd__tapvpwrvgnd_1 not found. Creating black box for TAP_TAPCELL_ROW_0_78.
Warning: /workspaces/tt-verilog-test-counter/runs/wokwi/51-openroad-fillinsertion/tt_um_josue_olivos_6bit_counter.nl.v line 445, module sky130_ef_sc_hd__decap_12 not found. Creating black box for FILLER_0_3.
Warning: /workspaces/tt-verilog-test-counter/runs/wokwi/51-openroad-fillinsertion/tt_um_josue_olivos_6bit_counter.nl.v line 447, module sky130_fd_sc_hd__fill_1 not found. Creating black box for FILLER_0_27.
Warning: /workspaces/tt-verilog-test-counter/runs/wokwi/51-openroad-fillinsertion/tt_um_josue_olivos_6bit_counter.nl.v line 480, module sky130_fd_sc_hd__fill_2 not found. Creating black box for FILLER_0_333.
Reading design constraints file at '/nix/store/pqxyc4xmydcs5adig47yyc29r3svp5nx-python3-3.11.9-env/lib/python3.11/site-packages/librelane/scripts/base.sdc'…
[INFO] Using clock clk…
[INFO] Setting output delay to: 4
[INFO] Setting input delay to: 4
[INFO] Setting load to: 0.033442
[INFO] Setting clock uncertainty to: 0.25
[INFO] Setting clock transition to: 0.1499999999999999944488848768742172978818416595458984375
[INFO] Setting timing derate to: 5%
Reading top-level design parasitics for the 'min_ff_n40C_1v95' corner at '/workspaces/tt-verilog-test-counter/runs/wokwi/53-openroad-rcx/min/tt_um_josue_olivos_6bit_counter.min.spef'…
%OL_CREATE_REPORT min.rpt

===========================================================================
report_checks -path_delay min (Hold)
============================================================================
======================= min_ff_n40C_1v95 Corner ===================================

Startpoint: _24_ (rising edge-triggered flip-flop clocked by clk)
Endpoint: _24_ (rising edge-triggered flip-flop clocked by clk)
Path Group: clk
Path Type: min

Fanout         Cap        Slew       Delay        Time   Description
---------------------------------------------------------------------------------------------
                                  0.000000    0.000000   clock clk (rise edge)
                                  0.000000    0.000000   clock source latency
     1    0.012343    0.046464    0.030841    0.030841 ^ clk (in)
                                                         clk (net)
                      0.046467    0.000000    0.030841 ^ clkbuf_0_clk/A (sky130_fd_sc_hd__clkbuf_16)
     2    0.018725    0.030367    0.088107    0.118949 ^ clkbuf_0_clk/X (sky130_fd_sc_hd__clkbuf_16)
                                                         clknet_0_clk (net)
                      0.030367    0.000177    0.119125 ^ clkbuf_1_1__f_clk/A (sky130_fd_sc_hd__clkbuf_16)
     3    0.008403    0.023448    0.076380    0.195506 ^ clkbuf_1_1__f_clk/X (sky130_fd_sc_hd__clkbuf_16)
                                                         clknet_1_1__leaf_clk (net)
                      0.023449    0.000102    0.195608 ^ _24_/CLK (sky130_fd_sc_hd__dfrtp_4)
     6    0.049353    0.117755    0.316295    0.511903 ^ _24_/Q (sky130_fd_sc_hd__dfrtp_4)
                                                         uo_out[0] (net)
                      0.117755    0.000403    0.512306 ^ _12_/A (sky130_fd_sc_hd__inv_2)
     1    0.002627    0.023207    0.012630    0.524937 v _12_/Y (sky130_fd_sc_hd__inv_2)
                                                         _00_ (net)
                      0.023207    0.000027    0.524963 v _24_/D (sky130_fd_sc_hd__dfrtp_4)
                                              0.524963   data arrival time

                                  0.000000    0.000000   clock clk (rise edge)
                                  0.000000    0.000000   clock source latency
     1    0.012343    0.046464    0.030841    0.030841 ^ clk (in)
                                                         clk (net)
                      0.046467    0.000000    0.030841 ^ clkbuf_0_clk/A (sky130_fd_sc_hd__clkbuf_16)
     2    0.018725    0.030367    0.088107    0.118949 ^ clkbuf_0_clk/X (sky130_fd_sc_hd__clkbuf_16)
                                                         clknet_0_clk (net)
                      0.030367    0.000177    0.119125 ^ clkbuf_1_1__f_clk/A (sky130_fd_sc_hd__clkbuf_16)
     3    0.008403    0.023448    0.076380    0.195506 ^ clkbuf_1_1__f_clk/X (sky130_fd_sc_hd__clkbuf_16)
                                                         clknet_1_1__leaf_clk (net)
                      0.023449    0.000102    0.195608 ^ _24_/CLK (sky130_fd_sc_hd__dfrtp_4)
                                  0.250000    0.445608   clock uncertainty
                                  0.000000    0.445608   clock reconvergence pessimism
                                 -0.026572    0.419036   library hold time
                                              0.419036   data required time
---------------------------------------------------------------------------------------------
                                              0.419036   data required time
                                             -0.524963   data arrival time
---------------------------------------------------------------------------------------------
                                              0.105928   slack (MET)


Startpoint: _29_ (rising edge-triggered flip-flop clocked by clk)
Endpoint: _29_ (rising edge-triggered flip-flop clocked by clk)
Path Group: clk
Path Type: min

Fanout         Cap        Slew       Delay        Time   Description
---------------------------------------------------------------------------------------------
                                  0.000000    0.000000   clock clk (rise edge)
                                  0.000000    0.000000   clock source latency
     1    0.012343    0.046464    0.030841    0.030841 ^ clk (in)
                                                         clk (net)
                      0.046467    0.000000    0.030841 ^ clkbuf_0_clk/A (sky130_fd_sc_hd__clkbuf_16)
     2    0.018725    0.030367    0.088107    0.118949 ^ clkbuf_0_clk/X (sky130_fd_sc_hd__clkbuf_16)
                                                         clknet_0_clk (net)
                      0.030367    0.000166    0.119115 ^ clkbuf_1_0__f_clk/A (sky130_fd_sc_hd__clkbuf_16)
     3    0.009251    0.024018    0.076962    0.196076 ^ clkbuf_1_0__f_clk/X (sky130_fd_sc_hd__clkbuf_16)
                                                         clknet_1_0__leaf_clk (net)
                      0.024018    0.000049    0.196125 ^ _29_/CLK (sky130_fd_sc_hd__dfrtp_4)
     2    0.039656    0.099022    0.301690    0.497815 ^ _29_/Q (sky130_fd_sc_hd__dfrtp_4)
                                                         uo_out[5] (net)
                      0.099022    0.000202    0.498017 ^ _23_/A (sky130_fd_sc_hd__xnor2_1)
     1    0.004836    0.031078    0.056341    0.554358 v _23_/Y (sky130_fd_sc_hd__xnor2_1)
                                                         _05_ (net)
                      0.031078    0.000076    0.554434 v _29_/D (sky130_fd_sc_hd__dfrtp_4)
                                              0.554434   data arrival time

                                  0.000000    0.000000   clock clk (rise edge)
                                  0.000000    0.000000   clock source latency
     1    0.012343    0.046464    0.030841    0.030841 ^ clk (in)
                                                         clk (net)
                      0.046467    0.000000    0.030841 ^ clkbuf_0_clk/A (sky130_fd_sc_hd__clkbuf_16)
     2    0.018725    0.030367    0.088107    0.118949 ^ clkbuf_0_clk/X (sky130_fd_sc_hd__clkbuf_16)
                                                         clknet_0_clk (net)
                      0.030367    0.000166    0.119115 ^ clkbuf_1_0__f_clk/A (sky130_fd_sc_hd__clkbuf_16)
     3    0.009251    0.024018    0.076962    0.196076 ^ clkbuf_1_0__f_clk/X (sky130_fd_sc_hd__clkbuf_16)
                                                         clknet_1_0__leaf_clk (net)
                      0.024018    0.000049    0.196125 ^ _29_/CLK (sky130_fd_sc_hd__dfrtp_4)
                                  0.250000    0.446125   clock uncertainty
                                  0.000000    0.446125   clock reconvergence pessimism
                                 -0.029055    0.417070   library hold time
                                              0.417070   data required time
---------------------------------------------------------------------------------------------
                                              0.417070   data required time
                                             -0.554434   data arrival time
---------------------------------------------------------------------------------------------
                                              0.137365   slack (MET)


Startpoint: _26_ (rising edge-triggered flip-flop clocked by clk)
Endpoint: _26_ (rising edge-triggered flip-flop clocked by clk)
Path Group: clk
Path Type: min

Fanout         Cap        Slew       Delay        Time   Description
---------------------------------------------------------------------------------------------
                                  0.000000    0.000000   clock clk (rise edge)
                                  0.000000    0.000000   clock source latency
     1    0.012343    0.046464    0.030841    0.030841 ^ clk (in)
                                                         clk (net)
                      0.046467    0.000000    0.030841 ^ clkbuf_0_clk/A (sky130_fd_sc_hd__clkbuf_16)
     2    0.018725    0.030367    0.088107    0.118949 ^ clkbuf_0_clk/X (sky130_fd_sc_hd__clkbuf_16)
                                                         clknet_0_clk (net)
                      0.030367    0.000177    0.119125 ^ clkbuf_1_1__f_clk/A (sky130_fd_sc_hd__clkbuf_16)
     3    0.008403    0.023448    0.076380    0.195506 ^ clkbuf_1_1__f_clk/X (sky130_fd_sc_hd__clkbuf_16)
                                                         clknet_1_1__leaf_clk (net)
                      0.023448    0.000082    0.195587 ^ _26_/CLK (sky130_fd_sc_hd__dfrtp_4)
     4    0.048158    0.115351    0.313774    0.509361 ^ _26_/Q (sky130_fd_sc_hd__dfrtp_4)
                                                         uo_out[2] (net)
                      0.115357    0.000993    0.510354 ^ _16_/A (sky130_fd_sc_hd__xnor2_1)
     1    0.003404    0.026315    0.052221    0.562575 v _16_/Y (sky130_fd_sc_hd__xnor2_1)
                                                         _02_ (net)
                      0.026315    0.000041    0.562616 v _26_/D (sky130_fd_sc_hd__dfrtp_4)
                                              0.562616   data arrival time

                                  0.000000    0.000000   clock clk (rise edge)
                                  0.000000    0.000000   clock source latency
     1    0.012343    0.046464    0.030841    0.030841 ^ clk (in)
                                                         clk (net)
                      0.046467    0.000000    0.030841 ^ clkbuf_0_clk/A (sky130_fd_sc_hd__clkbuf_16)
     2    0.018725    0.030367    0.088107    0.118949 ^ clkbuf_0_clk/X (sky130_fd_sc_hd__clkbuf_16)
                                                         clknet_0_clk (net)
                      0.030367    0.000177    0.119125 ^ clkbuf_1_1__f_clk/A (sky130_fd_sc_hd__clkbuf_16)
     3    0.008403    0.023448    0.076380    0.195506 ^ clkbuf_1_1__f_clk/X (sky130_fd_sc_hd__clkbuf_16)
                                                         clknet_1_1__leaf_clk (net)
                      0.023448    0.000082    0.195587 ^ _26_/CLK (sky130_fd_sc_hd__dfrtp_4)
                                  0.250000    0.445587   clock uncertainty
                                  0.000000    0.445587   clock reconvergence pessimism
                                 -0.027575    0.418012   library hold time
                                              0.418012   data required time
---------------------------------------------------------------------------------------------
                                              0.418012   data required time
                                             -0.562616   data arrival time
---------------------------------------------------------------------------------------------
                                              0.144603   slack (MET)


Startpoint: _27_ (rising edge-triggered flip-flop clocked by clk)
Endpoint: _27_ (rising edge-triggered flip-flop clocked by clk)
Path Group: clk
Path Type: min

Fanout         Cap        Slew       Delay        Time   Description
---------------------------------------------------------------------------------------------
                                  0.000000    0.000000   clock clk (rise edge)
                                  0.000000    0.000000   clock source latency
     1    0.012343    0.046464    0.030841    0.030841 ^ clk (in)
                                                         clk (net)
                      0.046467    0.000000    0.030841 ^ clkbuf_0_clk/A (sky130_fd_sc_hd__clkbuf_16)
     2    0.018725    0.030367    0.088107    0.118949 ^ clkbuf_0_clk/X (sky130_fd_sc_hd__clkbuf_16)
                                                         clknet_0_clk (net)
                      0.030367    0.000166    0.119115 ^ clkbuf_1_0__f_clk/A (sky130_fd_sc_hd__clkbuf_16)
     3    0.009251    0.024018    0.076962    0.196076 ^ clkbuf_1_0__f_clk/X (sky130_fd_sc_hd__clkbuf_16)
                                                         clknet_1_0__leaf_clk (net)
                      0.024018    0.000112    0.196188 ^ _27_/CLK (sky130_fd_sc_hd__dfrtp_4)
     3    0.041028    0.101718    0.303622    0.499811 ^ _27_/Q (sky130_fd_sc_hd__dfrtp_4)
                                                         uo_out[3] (net)
                      0.101718    0.000425    0.500235 ^ _18_/B1 (sky130_fd_sc_hd__a31o_1)
     1    0.002994    0.029309    0.059913    0.560148 ^ _18_/X (sky130_fd_sc_hd__a31o_1)
                                                         _09_ (net)
                      0.029309    0.000034    0.560182 ^ _19_/B (sky130_fd_sc_hd__and2b_1)
     1    0.002792    0.029118    0.069644    0.629826 ^ _19_/X (sky130_fd_sc_hd__and2b_1)
                                                         _03_ (net)
                      0.029118    0.000030    0.629855 ^ _27_/D (sky130_fd_sc_hd__dfrtp_4)
                                              0.629855   data arrival time

                                  0.000000    0.000000   clock clk (rise edge)
                                  0.000000    0.000000   clock source latency
     1    0.012343    0.046464    0.030841    0.030841 ^ clk (in)
                                                         clk (net)
                      0.046467    0.000000    0.030841 ^ clkbuf_0_clk/A (sky130_fd_sc_hd__clkbuf_16)
     2    0.018725    0.030367    0.088107    0.118949 ^ clkbuf_0_clk/X (sky130_fd_sc_hd__clkbuf_16)
                                                         clknet_0_clk (net)
                      0.030367    0.000166    0.119115 ^ clkbuf_1_0__f_clk/A (sky130_fd_sc_hd__clkbuf_16)
     3    0.009251    0.024018    0.076962    0.196076 ^ clkbuf_1_0__f_clk/X (sky130_fd_sc_hd__clkbuf_16)
                                                         clknet_1_0__leaf_clk (net)
                      0.024018    0.000112    0.196188 ^ _27_/CLK (sky130_fd_sc_hd__dfrtp_4)
                                  0.250000    0.446188   clock uncertainty
                                  0.000000    0.446188   clock reconvergence pessimism
                                 -0.019834    0.426354   library hold time
                                              0.426354   data required time
---------------------------------------------------------------------------------------------
                                              0.426354   data required time
                                             -0.629855   data arrival time
---------------------------------------------------------------------------------------------
                                              0.203501   slack (MET)


Startpoint: _28_ (rising edge-triggered flip-flop clocked by clk)
Endpoint: _28_ (rising edge-triggered flip-flop clocked by clk)
Path Group: clk
Path Type: min

Fanout         Cap        Slew       Delay        Time   Description
---------------------------------------------------------------------------------------------
                                  0.000000    0.000000   clock clk (rise edge)
                                  0.000000    0.000000   clock source latency
     1    0.012343    0.046464    0.030841    0.030841 ^ clk (in)
                                                         clk (net)
                      0.046467    0.000000    0.030841 ^ clkbuf_0_clk/A (sky130_fd_sc_hd__clkbuf_16)
     2    0.018725    0.030367    0.088107    0.118949 ^ clkbuf_0_clk/X (sky130_fd_sc_hd__clkbuf_16)
                                                         clknet_0_clk (net)
                      0.030367    0.000166    0.119115 ^ clkbuf_1_0__f_clk/A (sky130_fd_sc_hd__clkbuf_16)
     3    0.009251    0.024018    0.076962    0.196076 ^ clkbuf_1_0__f_clk/X (sky130_fd_sc_hd__clkbuf_16)
                                                         clknet_1_0__leaf_clk (net)
                      0.024018    0.000145    0.196221 ^ _28_/CLK (sky130_fd_sc_hd__dfrtp_4)
     3    0.040779    0.101245    0.303222    0.499442 ^ _28_/Q (sky130_fd_sc_hd__dfrtp_4)
                                                         uo_out[4] (net)
                      0.101246    0.000477    0.499919 ^ _21_/A (sky130_fd_sc_hd__or2_1)
     1    0.001938    0.024325    0.069434    0.569353 ^ _21_/X (sky130_fd_sc_hd__or2_1)
                                                         _11_ (net)
                      0.024325    0.000008    0.569361 ^ _22_/B (sky130_fd_sc_hd__and2_1)
     1    0.002680    0.031739    0.069512    0.638873 ^ _22_/X (sky130_fd_sc_hd__and2_1)
                                                         _04_ (net)
                      0.031739    0.000029    0.638902 ^ _28_/D (sky130_fd_sc_hd__dfrtp_4)
                                              0.638902   data arrival time

                                  0.000000    0.000000   clock clk (rise edge)
                                  0.000000    0.000000   clock source latency
     1    0.012343    0.046464    0.030841    0.030841 ^ clk (in)
                                                         clk (net)
                      0.046467    0.000000    0.030841 ^ clkbuf_0_clk/A (sky130_fd_sc_hd__clkbuf_16)
     2    0.018725    0.030367    0.088107    0.118949 ^ clkbuf_0_clk/X (sky130_fd_sc_hd__clkbuf_16)
                                                         clknet_0_clk (net)
                      0.030367    0.000166    0.119115 ^ clkbuf_1_0__f_clk/A (sky130_fd_sc_hd__clkbuf_16)
     3    0.009251    0.024018    0.076962    0.196076 ^ clkbuf_1_0__f_clk/X (sky130_fd_sc_hd__clkbuf_16)
                                                         clknet_1_0__leaf_clk (net)
                      0.024018    0.000145    0.196221 ^ _28_/CLK (sky130_fd_sc_hd__dfrtp_4)
                                  0.250000    0.446221   clock uncertainty
                                  0.000000    0.446221   clock reconvergence pessimism
                                 -0.020032    0.426188   library hold time
                                              0.426188   data required time
---------------------------------------------------------------------------------------------
                                              0.426188   data required time
                                             -0.638902   data arrival time
---------------------------------------------------------------------------------------------
                                              0.212713   slack (MET)


Startpoint: _25_ (rising edge-triggered flip-flop clocked by clk)
Endpoint: _25_ (rising edge-triggered flip-flop clocked by clk)
Path Group: clk
Path Type: min

Fanout         Cap        Slew       Delay        Time   Description
---------------------------------------------------------------------------------------------
                                  0.000000    0.000000   clock clk (rise edge)
                                  0.000000    0.000000   clock source latency
     1    0.012343    0.046464    0.030841    0.030841 ^ clk (in)
                                                         clk (net)
                      0.046467    0.000000    0.030841 ^ clkbuf_0_clk/A (sky130_fd_sc_hd__clkbuf_16)
     2    0.018725    0.030367    0.088107    0.118949 ^ clkbuf_0_clk/X (sky130_fd_sc_hd__clkbuf_16)
                                                         clknet_0_clk (net)
                      0.030367    0.000177    0.119125 ^ clkbuf_1_1__f_clk/A (sky130_fd_sc_hd__clkbuf_16)
     3    0.008403    0.023448    0.076380    0.195506 ^ clkbuf_1_1__f_clk/X (sky130_fd_sc_hd__clkbuf_16)
                                                         clknet_1_1__leaf_clk (net)
                      0.023448    0.000083    0.195588 ^ _25_/CLK (sky130_fd_sc_hd__dfrtp_4)
     5    0.044789    0.109016    0.309058    0.504646 ^ _25_/Q (sky130_fd_sc_hd__dfrtp_4)
                                                         uo_out[1] (net)
                      0.109016    0.000467    0.505113 ^ _14_/A (sky130_fd_sc_hd__or2_1)
     1    0.001886    0.024783    0.070473    0.575586 ^ _14_/X (sky130_fd_sc_hd__or2_1)
                                                         _07_ (net)
                      0.024783    0.000008    0.575595 ^ _15_/B (sky130_fd_sc_hd__and2_1)
     1    0.003689    0.038104    0.075030    0.650625 ^ _15_/X (sky130_fd_sc_hd__and2_1)
                                                         _01_ (net)
                      0.038104    0.000054    0.650679 ^ _25_/D (sky130_fd_sc_hd__dfrtp_4)
                                              0.650679   data arrival time

                                  0.000000    0.000000   clock clk (rise edge)
                                  0.000000    0.000000   clock source latency
     1    0.012343    0.046464    0.030841    0.030841 ^ clk (in)
                                                         clk (net)
                      0.046467    0.000000    0.030841 ^ clkbuf_0_clk/A (sky130_fd_sc_hd__clkbuf_16)
     2    0.018725    0.030367    0.088107    0.118949 ^ clkbuf_0_clk/X (sky130_fd_sc_hd__clkbuf_16)
                                                         clknet_0_clk (net)
                      0.030367    0.000177    0.119125 ^ clkbuf_1_1__f_clk/A (sky130_fd_sc_hd__clkbuf_16)
     3    0.008403    0.023448    0.076380    0.195506 ^ clkbuf_1_1__f_clk/X (sky130_fd_sc_hd__clkbuf_16)
                                                         clknet_1_1__leaf_clk (net)
                      0.023448    0.000083    0.195588 ^ _25_/CLK (sky130_fd_sc_hd__dfrtp_4)
                                  0.250000    0.445588   clock uncertainty
                                  0.000000    0.445588   clock reconvergence pessimism
                                 -0.020530    0.425059   library hold time
                                              0.425059   data required time
---------------------------------------------------------------------------------------------
                                              0.425059   data required time
                                             -0.650679   data arrival time
---------------------------------------------------------------------------------------------
                                              0.225621   slack (MET)


Startpoint: rst_n (input port clocked by clk)
Endpoint: _26_ (removal check against rising-edge clock clk)
Path Group: asynchronous
Path Type: min

Fanout         Cap        Slew       Delay        Time   Description
---------------------------------------------------------------------------------------------
                                  0.000000    0.000000   clock clk (rise edge)
                                  0.000000    0.000000   clock network delay (propagated)
                                  4.000000    4.000000 ^ input external delay
     1    0.002337    0.012277    0.006008    4.006008 ^ rst_n (in)
                                                         rst_n (net)
                      0.012277    0.000000    4.006008 ^ input1/A (sky130_fd_sc_hd__buf_2)
     6    0.032617    0.122424    0.127344    4.133352 ^ input1/X (sky130_fd_sc_hd__buf_2)
                                                         net1 (net)
                      0.122429    0.000626    4.133978 ^ _26_/RESET_B (sky130_fd_sc_hd__dfrtp_4)
                                              4.133978   data arrival time

                                  0.000000    0.000000   clock clk (rise edge)
                                  0.000000    0.000000   clock source latency
     1    0.012343    0.046464    0.030841    0.030841 ^ clk (in)
                                                         clk (net)
                      0.046467    0.000000    0.030841 ^ clkbuf_0_clk/A (sky130_fd_sc_hd__clkbuf_16)
     2    0.018725    0.030367    0.088107    0.118949 ^ clkbuf_0_clk/X (sky130_fd_sc_hd__clkbuf_16)
                                                         clknet_0_clk (net)
                      0.030367    0.000177    0.119125 ^ clkbuf_1_1__f_clk/A (sky130_fd_sc_hd__clkbuf_16)
     3    0.008403    0.023448    0.076380    0.195506 ^ clkbuf_1_1__f_clk/X (sky130_fd_sc_hd__clkbuf_16)
                                                         clknet_1_1__leaf_clk (net)
                      0.023448    0.000082    0.195587 ^ _26_/CLK (sky130_fd_sc_hd__dfrtp_4)
                                  0.250000    0.445587   clock uncertainty
                                  0.000000    0.445587   clock reconvergence pessimism
                                  0.220789    0.666377   library removal time
                                              0.666377   data required time
---------------------------------------------------------------------------------------------
                                              0.666377   data required time
                                             -4.133978   data arrival time
---------------------------------------------------------------------------------------------
                                              3.467601   slack (MET)


Startpoint: rst_n (input port clocked by clk)
Endpoint: _27_ (removal check against rising-edge clock clk)
Path Group: asynchronous
Path Type: min

Fanout         Cap        Slew       Delay        Time   Description
---------------------------------------------------------------------------------------------
                                  0.000000    0.000000   clock clk (rise edge)
                                  0.000000    0.000000   clock network delay (propagated)
                                  4.000000    4.000000 ^ input external delay
     1    0.002337    0.012277    0.006008    4.006008 ^ rst_n (in)
                                                         rst_n (net)
                      0.012277    0.000000    4.006008 ^ input1/A (sky130_fd_sc_hd__buf_2)
     6    0.032617    0.122424    0.127344    4.133352 ^ input1/X (sky130_fd_sc_hd__buf_2)
                                                         net1 (net)
                      0.122446    0.001363    4.134716 ^ _27_/RESET_B (sky130_fd_sc_hd__dfrtp_4)
                                              4.134716   data arrival time

                                  0.000000    0.000000   clock clk (rise edge)
                                  0.000000    0.000000   clock source latency
     1    0.012343    0.046464    0.030841    0.030841 ^ clk (in)
                                                         clk (net)
                      0.046467    0.000000    0.030841 ^ clkbuf_0_clk/A (sky130_fd_sc_hd__clkbuf_16)
     2    0.018725    0.030367    0.088107    0.118949 ^ clkbuf_0_clk/X (sky130_fd_sc_hd__clkbuf_16)
                                                         clknet_0_clk (net)
                      0.030367    0.000166    0.119115 ^ clkbuf_1_0__f_clk/A (sky130_fd_sc_hd__clkbuf_16)
     3    0.009251    0.024018    0.076962    0.196076 ^ clkbuf_1_0__f_clk/X (sky130_fd_sc_hd__clkbuf_16)
                                                         clknet_1_0__leaf_clk (net)
                      0.024018    0.000112    0.196188 ^ _27_/CLK (sky130_fd_sc_hd__dfrtp_4)
                                  0.250000    0.446188   clock uncertainty
                                  0.000000    0.446188   clock reconvergence pessimism
                                  0.220871    0.667059   library removal time
                                              0.667059   data required time
---------------------------------------------------------------------------------------------
                                              0.667059   data required time
                                             -4.134716   data arrival time
---------------------------------------------------------------------------------------------
                                              3.467656   slack (MET)


Startpoint: rst_n (input port clocked by clk)
Endpoint: _28_ (removal check against rising-edge clock clk)
Path Group: asynchronous
Path Type: min

Fanout         Cap        Slew       Delay        Time   Description
---------------------------------------------------------------------------------------------
                                  0.000000    0.000000   clock clk (rise edge)
                                  0.000000    0.000000   clock network delay (propagated)
                                  4.000000    4.000000 ^ input external delay
     1    0.002337    0.012277    0.006008    4.006008 ^ rst_n (in)
                                                         rst_n (net)
                      0.012277    0.000000    4.006008 ^ input1/A (sky130_fd_sc_hd__buf_2)
     6    0.032617    0.122424    0.127344    4.133352 ^ input1/X (sky130_fd_sc_hd__buf_2)
                                                         net1 (net)
                      0.122449    0.001451    4.134803 ^ _28_/RESET_B (sky130_fd_sc_hd__dfrtp_4)
                                              4.134803   data arrival time

                                  0.000000    0.000000   clock clk (rise edge)
                                  0.000000    0.000000   clock source latency
     1    0.012343    0.046464    0.030841    0.030841 ^ clk (in)
                                                         clk (net)
                      0.046467    0.000000    0.030841 ^ clkbuf_0_clk/A (sky130_fd_sc_hd__clkbuf_16)
     2    0.018725    0.030367    0.088107    0.118949 ^ clkbuf_0_clk/X (sky130_fd_sc_hd__clkbuf_16)
                                                         clknet_0_clk (net)
                      0.030367    0.000166    0.119115 ^ clkbuf_1_0__f_clk/A (sky130_fd_sc_hd__clkbuf_16)
     3    0.009251    0.024018    0.076962    0.196076 ^ clkbuf_1_0__f_clk/X (sky130_fd_sc_hd__clkbuf_16)
                                                         clknet_1_0__leaf_clk (net)
                      0.024018    0.000145    0.196221 ^ _28_/CLK (sky130_fd_sc_hd__dfrtp_4)
                                  0.250000    0.446221   clock uncertainty
                                  0.000000    0.446221   clock reconvergence pessimism
                                  0.220871    0.667092   library removal time
                                              0.667092   data required time
---------------------------------------------------------------------------------------------
                                              0.667092   data required time
                                             -4.134803   data arrival time
---------------------------------------------------------------------------------------------
                                              3.467711   slack (MET)


Startpoint: rst_n (input port clocked by clk)
Endpoint: _29_ (removal check against rising-edge clock clk)
Path Group: asynchronous
Path Type: min

Fanout         Cap        Slew       Delay        Time   Description
---------------------------------------------------------------------------------------------
                                  0.000000    0.000000   clock clk (rise edge)
                                  0.000000    0.000000   clock network delay (propagated)
                                  4.000000    4.000000 ^ input external delay
     1    0.002337    0.012277    0.006008    4.006008 ^ rst_n (in)
                                                         rst_n (net)
                      0.012277    0.000000    4.006008 ^ input1/A (sky130_fd_sc_hd__buf_2)
     6    0.032617    0.122424    0.127344    4.133352 ^ input1/X (sky130_fd_sc_hd__buf_2)
                                                         net1 (net)
                      0.122449    0.001453    4.134805 ^ _29_/RESET_B (sky130_fd_sc_hd__dfrtp_4)
                                              4.134805   data arrival time

                                  0.000000    0.000000   clock clk (rise edge)
                                  0.000000    0.000000   clock source latency
     1    0.012343    0.046464    0.030841    0.030841 ^ clk (in)
                                                         clk (net)
                      0.046467    0.000000    0.030841 ^ clkbuf_0_clk/A (sky130_fd_sc_hd__clkbuf_16)
     2    0.018725    0.030367    0.088107    0.118949 ^ clkbuf_0_clk/X (sky130_fd_sc_hd__clkbuf_16)
                                                         clknet_0_clk (net)
                      0.030367    0.000166    0.119115 ^ clkbuf_1_0__f_clk/A (sky130_fd_sc_hd__clkbuf_16)
     3    0.009251    0.024018    0.076962    0.196076 ^ clkbuf_1_0__f_clk/X (sky130_fd_sc_hd__clkbuf_16)
                                                         clknet_1_0__leaf_clk (net)
                      0.024018    0.000049    0.196125 ^ _29_/CLK (sky130_fd_sc_hd__dfrtp_4)
                                  0.250000    0.446125   clock uncertainty
                                  0.000000    0.446125   clock reconvergence pessimism
                                  0.220871    0.666996   library removal time
                                              0.666996   data required time
---------------------------------------------------------------------------------------------
                                              0.666996   data required time
                                             -4.134805   data arrival time
---------------------------------------------------------------------------------------------
                                              3.467809   slack (MET)


Startpoint: rst_n (input port clocked by clk)
Endpoint: _25_ (removal check against rising-edge clock clk)
Path Group: asynchronous
Path Type: min

Fanout         Cap        Slew       Delay        Time   Description
---------------------------------------------------------------------------------------------
                                  0.000000    0.000000   clock clk (rise edge)
                                  0.000000    0.000000   clock network delay (propagated)
                                  4.000000    4.000000 ^ input external delay
     1    0.002337    0.012277    0.006008    4.006008 ^ rst_n (in)
                                                         rst_n (net)
                      0.012277    0.000000    4.006008 ^ input1/A (sky130_fd_sc_hd__buf_2)
     6    0.032617    0.122424    0.127344    4.133352 ^ input1/X (sky130_fd_sc_hd__buf_2)
                                                         net1 (net)
                      0.122433    0.000875    4.134227 ^ _25_/RESET_B (sky130_fd_sc_hd__dfrtp_4)
                                              4.134227   data arrival time

                                  0.000000    0.000000   clock clk (rise edge)
                                  0.000000    0.000000   clock source latency
     1    0.012343    0.046464    0.030841    0.030841 ^ clk (in)
                                                         clk (net)
                      0.046467    0.000000    0.030841 ^ clkbuf_0_clk/A (sky130_fd_sc_hd__clkbuf_16)
     2    0.018725    0.030367    0.088107    0.118949 ^ clkbuf_0_clk/X (sky130_fd_sc_hd__clkbuf_16)
                                                         clknet_0_clk (net)
                      0.030367    0.000177    0.119125 ^ clkbuf_1_1__f_clk/A (sky130_fd_sc_hd__clkbuf_16)
     3    0.008403    0.023448    0.076380    0.195506 ^ clkbuf_1_1__f_clk/X (sky130_fd_sc_hd__clkbuf_16)
                                                         clknet_1_1__leaf_clk (net)
                      0.023448    0.000083    0.195588 ^ _25_/CLK (sky130_fd_sc_hd__dfrtp_4)
                                  0.250000    0.445588   clock uncertainty
                                  0.000000    0.445588   clock reconvergence pessimism
                                  0.220791    0.666379   library removal time
                                              0.666379   data required time
---------------------------------------------------------------------------------------------
                                              0.666379   data required time
                                             -4.134227   data arrival time
---------------------------------------------------------------------------------------------
                                              3.467848   slack (MET)


Startpoint: rst_n (input port clocked by clk)
Endpoint: _24_ (removal check against rising-edge clock clk)
Path Group: asynchronous
Path Type: min

Fanout         Cap        Slew       Delay        Time   Description
---------------------------------------------------------------------------------------------
                                  0.000000    0.000000   clock clk (rise edge)
                                  0.000000    0.000000   clock network delay (propagated)
                                  4.000000    4.000000 ^ input external delay
     1    0.002337    0.012277    0.006008    4.006008 ^ rst_n (in)
                                                         rst_n (net)
                      0.012277    0.000000    4.006008 ^ input1/A (sky130_fd_sc_hd__buf_2)
     6    0.032617    0.122424    0.127344    4.133352 ^ input1/X (sky130_fd_sc_hd__buf_2)
                                                         net1 (net)
                      0.122442    0.001222    4.134573 ^ _24_/RESET_B (sky130_fd_sc_hd__dfrtp_4)
                                              4.134573   data arrival time

                                  0.000000    0.000000   clock clk (rise edge)
                                  0.000000    0.000000   clock source latency
     1    0.012343    0.046464    0.030841    0.030841 ^ clk (in)
                                                         clk (net)
                      0.046467    0.000000    0.030841 ^ clkbuf_0_clk/A (sky130_fd_sc_hd__clkbuf_16)
     2    0.018725    0.030367    0.088107    0.118949 ^ clkbuf_0_clk/X (sky130_fd_sc_hd__clkbuf_16)
                                                         clknet_0_clk (net)
                      0.030367    0.000177    0.119125 ^ clkbuf_1_1__f_clk/A (sky130_fd_sc_hd__clkbuf_16)
     3    0.008403    0.023448    0.076380    0.195506 ^ clkbuf_1_1__f_clk/X (sky130_fd_sc_hd__clkbuf_16)
                                                         clknet_1_1__leaf_clk (net)
                      0.023449    0.000102    0.195608 ^ _24_/CLK (sky130_fd_sc_hd__dfrtp_4)
                                  0.250000    0.445608   clock uncertainty
                                  0.000000    0.445608   clock reconvergence pessimism
                                  0.220793    0.666401   library removal time
                                              0.666401   data required time
---------------------------------------------------------------------------------------------
                                              0.666401   data required time
                                             -4.134573   data arrival time
---------------------------------------------------------------------------------------------
                                              3.468173   slack (MET)


Startpoint: _29_ (rising edge-triggered flip-flop clocked by clk)
Endpoint: uo_out[5] (output port clocked by clk)
Path Group: clk
Path Type: min

Fanout         Cap        Slew       Delay        Time   Description
---------------------------------------------------------------------------------------------
                                  0.000000    0.000000   clock clk (rise edge)
                                  0.000000    0.000000   clock source latency
     1    0.012343    0.046464    0.030841    0.030841 ^ clk (in)
                                                         clk (net)
                      0.046467    0.000000    0.030841 ^ clkbuf_0_clk/A (sky130_fd_sc_hd__clkbuf_16)
     2    0.018725    0.030367    0.088107    0.118949 ^ clkbuf_0_clk/X (sky130_fd_sc_hd__clkbuf_16)
                                                         clknet_0_clk (net)
                      0.030367    0.000166    0.119115 ^ clkbuf_1_0__f_clk/A (sky130_fd_sc_hd__clkbuf_16)
     3    0.009251    0.024018    0.076962    0.196076 ^ clkbuf_1_0__f_clk/X (sky130_fd_sc_hd__clkbuf_16)
                                                         clknet_1_0__leaf_clk (net)
                      0.024018    0.000049    0.196125 ^ _29_/CLK (sky130_fd_sc_hd__dfrtp_4)
     2    0.039656    0.099022    0.301690    0.497815 ^ _29_/Q (sky130_fd_sc_hd__dfrtp_4)
                                                         uo_out[5] (net)
                      0.099022    0.000201    0.498016 ^ uo_out[5] (out)
                                              0.498016   data arrival time

                                  0.000000    0.000000   clock clk (rise edge)
                                  0.000000    0.000000   clock network delay (propagated)
                                  0.250000    0.250000   clock uncertainty
                                  0.000000    0.250000   clock reconvergence pessimism
                                 -4.000000   -3.750000   output external delay
                                             -3.750000   data required time
---------------------------------------------------------------------------------------------
                                             -3.750000   data required time
                                             -0.498016   data arrival time
---------------------------------------------------------------------------------------------
                                              4.248016   slack (MET)


Startpoint: _28_ (rising edge-triggered flip-flop clocked by clk)
Endpoint: uo_out[4] (output port clocked by clk)
Path Group: clk
Path Type: min

Fanout         Cap        Slew       Delay        Time   Description
---------------------------------------------------------------------------------------------
                                  0.000000    0.000000   clock clk (rise edge)
                                  0.000000    0.000000   clock source latency
     1    0.012343    0.046464    0.030841    0.030841 ^ clk (in)
                                                         clk (net)
                      0.046467    0.000000    0.030841 ^ clkbuf_0_clk/A (sky130_fd_sc_hd__clkbuf_16)
     2    0.018725    0.030367    0.088107    0.118949 ^ clkbuf_0_clk/X (sky130_fd_sc_hd__clkbuf_16)
                                                         clknet_0_clk (net)
                      0.030367    0.000166    0.119115 ^ clkbuf_1_0__f_clk/A (sky130_fd_sc_hd__clkbuf_16)
     3    0.009251    0.024018    0.076962    0.196076 ^ clkbuf_1_0__f_clk/X (sky130_fd_sc_hd__clkbuf_16)
                                                         clknet_1_0__leaf_clk (net)
                      0.024018    0.000145    0.196221 ^ _28_/CLK (sky130_fd_sc_hd__dfrtp_4)
     3    0.040779    0.101245    0.303222    0.499442 ^ _28_/Q (sky130_fd_sc_hd__dfrtp_4)
                                                         uo_out[4] (net)
                      0.101246    0.000531    0.499974 ^ uo_out[4] (out)
                                              0.499974   data arrival time

                                  0.000000    0.000000   clock clk (rise edge)
                                  0.000000    0.000000   clock network delay (propagated)
                                  0.250000    0.250000   clock uncertainty
                                  0.000000    0.250000   clock reconvergence pessimism
                                 -4.000000   -3.750000   output external delay
                                             -3.750000   data required time
---------------------------------------------------------------------------------------------
                                             -3.750000   data required time
                                             -0.499974   data arrival time
---------------------------------------------------------------------------------------------
                                              4.249974   slack (MET)


Startpoint: _27_ (rising edge-triggered flip-flop clocked by clk)
Endpoint: uo_out[3] (output port clocked by clk)
Path Group: clk
Path Type: min

Fanout         Cap        Slew       Delay        Time   Description
---------------------------------------------------------------------------------------------
                                  0.000000    0.000000   clock clk (rise edge)
                                  0.000000    0.000000   clock source latency
     1    0.012343    0.046464    0.030841    0.030841 ^ clk (in)
                                                         clk (net)
                      0.046467    0.000000    0.030841 ^ clkbuf_0_clk/A (sky130_fd_sc_hd__clkbuf_16)
     2    0.018725    0.030367    0.088107    0.118949 ^ clkbuf_0_clk/X (sky130_fd_sc_hd__clkbuf_16)
                                                         clknet_0_clk (net)
                      0.030367    0.000166    0.119115 ^ clkbuf_1_0__f_clk/A (sky130_fd_sc_hd__clkbuf_16)
     3    0.009251    0.024018    0.076962    0.196076 ^ clkbuf_1_0__f_clk/X (sky130_fd_sc_hd__clkbuf_16)
                                                         clknet_1_0__leaf_clk (net)
                      0.024018    0.000112    0.196188 ^ _27_/CLK (sky130_fd_sc_hd__dfrtp_4)
     3    0.041028    0.101718    0.303622    0.499811 ^ _27_/Q (sky130_fd_sc_hd__dfrtp_4)
                                                         uo_out[3] (net)
                      0.101719    0.000508    0.500318 ^ uo_out[3] (out)
                                              0.500318   data arrival time

                                  0.000000    0.000000   clock clk (rise edge)
                                  0.000000    0.000000   clock network delay (propagated)
                                  0.250000    0.250000   clock uncertainty
                                  0.000000    0.250000   clock reconvergence pessimism
                                 -4.000000   -3.750000   output external delay
                                             -3.750000   data required time
---------------------------------------------------------------------------------------------
                                             -3.750000   data required time
                                             -0.500318   data arrival time
---------------------------------------------------------------------------------------------
                                              4.250319   slack (MET)


Startpoint: _25_ (rising edge-triggered flip-flop clocked by clk)
Endpoint: uo_out[1] (output port clocked by clk)
Path Group: clk
Path Type: min

Fanout         Cap        Slew       Delay        Time   Description
---------------------------------------------------------------------------------------------
                                  0.000000    0.000000   clock clk (rise edge)
                                  0.000000    0.000000   clock source latency
     1    0.012343    0.046464    0.030841    0.030841 ^ clk (in)
                                                         clk (net)
                      0.046467    0.000000    0.030841 ^ clkbuf_0_clk/A (sky130_fd_sc_hd__clkbuf_16)
     2    0.018725    0.030367    0.088107    0.118949 ^ clkbuf_0_clk/X (sky130_fd_sc_hd__clkbuf_16)
                                                         clknet_0_clk (net)
                      0.030367    0.000177    0.119125 ^ clkbuf_1_1__f_clk/A (sky130_fd_sc_hd__clkbuf_16)
     3    0.008403    0.023448    0.076380    0.195506 ^ clkbuf_1_1__f_clk/X (sky130_fd_sc_hd__clkbuf_16)
                                                         clknet_1_1__leaf_clk (net)
                      0.023448    0.000083    0.195588 ^ _25_/CLK (sky130_fd_sc_hd__dfrtp_4)
     5    0.044789    0.109016    0.309058    0.504646 ^ _25_/Q (sky130_fd_sc_hd__dfrtp_4)
                                                         uo_out[1] (net)
                      0.109021    0.000866    0.505513 ^ uo_out[1] (out)
                                              0.505513   data arrival time

                                  0.000000    0.000000   clock clk (rise edge)
                                  0.000000    0.000000   clock network delay (propagated)
                                  0.250000    0.250000   clock uncertainty
                                  0.000000    0.250000   clock reconvergence pessimism
                                 -4.000000   -3.750000   output external delay
                                             -3.750000   data required time
---------------------------------------------------------------------------------------------
                                             -3.750000   data required time
                                             -0.505513   data arrival time
---------------------------------------------------------------------------------------------
                                              4.255513   slack (MET)


Startpoint: _26_ (rising edge-triggered flip-flop clocked by clk)
Endpoint: uo_out[2] (output port clocked by clk)
Path Group: clk
Path Type: min

Fanout         Cap        Slew       Delay        Time   Description
---------------------------------------------------------------------------------------------
                                  0.000000    0.000000   clock clk (rise edge)
                                  0.000000    0.000000   clock source latency
     1    0.012343    0.046464    0.030841    0.030841 ^ clk (in)
                                                         clk (net)
                      0.046467    0.000000    0.030841 ^ clkbuf_0_clk/A (sky130_fd_sc_hd__clkbuf_16)
     2    0.018725    0.030367    0.088107    0.118949 ^ clkbuf_0_clk/X (sky130_fd_sc_hd__clkbuf_16)
                                                         clknet_0_clk (net)
                      0.030367    0.000177    0.119125 ^ clkbuf_1_1__f_clk/A (sky130_fd_sc_hd__clkbuf_16)
     3    0.008403    0.023448    0.076380    0.195506 ^ clkbuf_1_1__f_clk/X (sky130_fd_sc_hd__clkbuf_16)
                                                         clknet_1_1__leaf_clk (net)
                      0.023448    0.000082    0.195587 ^ _26_/CLK (sky130_fd_sc_hd__dfrtp_4)
     4    0.048158    0.115351    0.313774    0.509361 ^ _26_/Q (sky130_fd_sc_hd__dfrtp_4)
                                                         uo_out[2] (net)
                      0.115377    0.001710    0.511071 ^ uo_out[2] (out)
                                              0.511071   data arrival time

                                  0.000000    0.000000   clock clk (rise edge)
                                  0.000000    0.000000   clock network delay (propagated)
                                  0.250000    0.250000   clock uncertainty
                                  0.000000    0.250000   clock reconvergence pessimism
                                 -4.000000   -3.750000   output external delay
                                             -3.750000   data required time
---------------------------------------------------------------------------------------------
                                             -3.750000   data required time
                                             -0.511071   data arrival time
---------------------------------------------------------------------------------------------
                                              4.261071   slack (MET)


Startpoint: _24_ (rising edge-triggered flip-flop clocked by clk)
Endpoint: uo_out[0] (output port clocked by clk)
Path Group: clk
Path Type: min

Fanout         Cap        Slew       Delay        Time   Description
---------------------------------------------------------------------------------------------
                                  0.000000    0.000000   clock clk (rise edge)
                                  0.000000    0.000000   clock source latency
     1    0.012343    0.046464    0.030841    0.030841 ^ clk (in)
                                                         clk (net)
                      0.046467    0.000000    0.030841 ^ clkbuf_0_clk/A (sky130_fd_sc_hd__clkbuf_16)
     2    0.018725    0.030367    0.088107    0.118949 ^ clkbuf_0_clk/X (sky130_fd_sc_hd__clkbuf_16)
                                                         clknet_0_clk (net)
                      0.030367    0.000177    0.119125 ^ clkbuf_1_1__f_clk/A (sky130_fd_sc_hd__clkbuf_16)
     3    0.008403    0.023448    0.076380    0.195506 ^ clkbuf_1_1__f_clk/X (sky130_fd_sc_hd__clkbuf_16)
                                                         clknet_1_1__leaf_clk (net)
                      0.023449    0.000102    0.195608 ^ _24_/CLK (sky130_fd_sc_hd__dfrtp_4)
     6    0.049353    0.117755    0.316295    0.511903 ^ _24_/Q (sky130_fd_sc_hd__dfrtp_4)
                                                         uo_out[0] (net)
                      0.117756    0.000478    0.512381 ^ uo_out[0] (out)
                                              0.512381   data arrival time

                                  0.000000    0.000000   clock clk (rise edge)
                                  0.000000    0.000000   clock network delay (propagated)
                                  0.250000    0.250000   clock uncertainty
                                  0.000000    0.250000   clock reconvergence pessimism
                                 -4.000000   -3.750000   output external delay
                                             -3.750000   data required time
---------------------------------------------------------------------------------------------
                                             -3.750000   data required time
                                             -0.512381   data arrival time
---------------------------------------------------------------------------------------------
                                              4.262381   slack (MET)



%OL_END_REPORT
%OL_CREATE_REPORT max.rpt

===========================================================================
report_checks -path_delay max (Setup)
============================================================================
======================= min_ff_n40C_1v95 Corner ===================================

Startpoint: _24_ (rising edge-triggered flip-flop clocked by clk)
Endpoint: uo_out[0] (output port clocked by clk)
Path Group: clk
Path Type: max

Fanout         Cap        Slew       Delay        Time   Description
---------------------------------------------------------------------------------------------
                                  0.000000    0.000000   clock clk (rise edge)
                                  0.000000    0.000000   clock source latency
     1    0.012343    0.046464    0.030841    0.030841 ^ clk (in)
                                                         clk (net)
                      0.046467    0.000000    0.030841 ^ clkbuf_0_clk/A (sky130_fd_sc_hd__clkbuf_16)
     2    0.018725    0.030367    0.088107    0.118949 ^ clkbuf_0_clk/X (sky130_fd_sc_hd__clkbuf_16)
                                                         clknet_0_clk (net)
                      0.030367    0.000177    0.119125 ^ clkbuf_1_1__f_clk/A (sky130_fd_sc_hd__clkbuf_16)
     3    0.008403    0.023448    0.076380    0.195506 ^ clkbuf_1_1__f_clk/X (sky130_fd_sc_hd__clkbuf_16)
                                                         clknet_1_1__leaf_clk (net)
                      0.023449    0.000102    0.195608 ^ _24_/CLK (sky130_fd_sc_hd__dfrtp_4)
     6    0.048337    0.084221    0.342860    0.538468 v _24_/Q (sky130_fd_sc_hd__dfrtp_4)
                                                         uo_out[0] (net)
                      0.084222    0.000470    0.538938 v uo_out[0] (out)
                                              0.538938   data arrival time

                                 20.000000   20.000000   clock clk (rise edge)
                                  0.000000   20.000000   clock network delay (propagated)
                                 -0.250000   19.750002   clock uncertainty
                                  0.000000   19.750002   clock reconvergence pessimism
                                 -4.000000   15.750001   output external delay
                                             15.750001   data required time
---------------------------------------------------------------------------------------------
                                             15.750001   data required time
                                             -0.538938   data arrival time
---------------------------------------------------------------------------------------------
                                             15.211063   slack (MET)


Startpoint: _26_ (rising edge-triggered flip-flop clocked by clk)
Endpoint: uo_out[2] (output port clocked by clk)
Path Group: clk
Path Type: max

Fanout         Cap        Slew       Delay        Time   Description
---------------------------------------------------------------------------------------------
                                  0.000000    0.000000   clock clk (rise edge)
                                  0.000000    0.000000   clock source latency
     1    0.012343    0.046464    0.030841    0.030841 ^ clk (in)
                                                         clk (net)
                      0.046467    0.000000    0.030841 ^ clkbuf_0_clk/A (sky130_fd_sc_hd__clkbuf_16)
     2    0.018725    0.030367    0.088107    0.118949 ^ clkbuf_0_clk/X (sky130_fd_sc_hd__clkbuf_16)
                                                         clknet_0_clk (net)
                      0.030367    0.000177    0.119125 ^ clkbuf_1_1__f_clk/A (sky130_fd_sc_hd__clkbuf_16)
     3    0.008403    0.023448    0.076380    0.195506 ^ clkbuf_1_1__f_clk/X (sky130_fd_sc_hd__clkbuf_16)
                                                         clknet_1_1__leaf_clk (net)
                      0.023448    0.000082    0.195587 ^ _26_/CLK (sky130_fd_sc_hd__dfrtp_4)
     4    0.047513    0.083931    0.341162    0.536749 v _26_/Q (sky130_fd_sc_hd__dfrtp_4)
                                                         uo_out[2] (net)
                      0.083971    0.001692    0.538441 v uo_out[2] (out)
                                              0.538441   data arrival time

                                 20.000000   20.000000   clock clk (rise edge)
                                  0.000000   20.000000   clock network delay (propagated)
                                 -0.250000   19.750002   clock uncertainty
                                  0.000000   19.750002   clock reconvergence pessimism
                                 -4.000000   15.750001   output external delay
                                             15.750001   data required time
---------------------------------------------------------------------------------------------
                                             15.750001   data required time
                                             -0.538441   data arrival time
---------------------------------------------------------------------------------------------
                                             15.211560   slack (MET)


Startpoint: _25_ (rising edge-triggered flip-flop clocked by clk)
Endpoint: uo_out[1] (output port clocked by clk)
Path Group: clk
Path Type: max

Fanout         Cap        Slew       Delay        Time   Description
---------------------------------------------------------------------------------------------
                                  0.000000    0.000000   clock clk (rise edge)
                                  0.000000    0.000000   clock source latency
     1    0.012343    0.046464    0.030841    0.030841 ^ clk (in)
                                                         clk (net)
                      0.046467    0.000000    0.030841 ^ clkbuf_0_clk/A (sky130_fd_sc_hd__clkbuf_16)
     2    0.018725    0.030367    0.088107    0.118949 ^ clkbuf_0_clk/X (sky130_fd_sc_hd__clkbuf_16)
                                                         clknet_0_clk (net)
                      0.030367    0.000177    0.119125 ^ clkbuf_1_1__f_clk/A (sky130_fd_sc_hd__clkbuf_16)
     3    0.008403    0.023448    0.076380    0.195506 ^ clkbuf_1_1__f_clk/X (sky130_fd_sc_hd__clkbuf_16)
                                                         clknet_1_1__leaf_clk (net)
                      0.023448    0.000083    0.195588 ^ _25_/CLK (sky130_fd_sc_hd__dfrtp_4)
     5    0.044298    0.080313    0.338005    0.533593 v _25_/Q (sky130_fd_sc_hd__dfrtp_4)
                                                         uo_out[1] (net)
                      0.080321    0.000861    0.534454 v uo_out[1] (out)
                                              0.534454   data arrival time

                                 20.000000   20.000000   clock clk (rise edge)
                                  0.000000   20.000000   clock network delay (propagated)
                                 -0.250000   19.750002   clock uncertainty
                                  0.000000   19.750002   clock reconvergence pessimism
                                 -4.000000   15.750001   output external delay
                                             15.750001   data required time
---------------------------------------------------------------------------------------------
                                             15.750001   data required time
                                             -0.534454   data arrival time
---------------------------------------------------------------------------------------------
                                             15.215547   slack (MET)


Startpoint: _27_ (rising edge-triggered flip-flop clocked by clk)
Endpoint: uo_out[3] (output port clocked by clk)
Path Group: clk
Path Type: max

Fanout         Cap        Slew       Delay        Time   Description
---------------------------------------------------------------------------------------------
                                  0.000000    0.000000   clock clk (rise edge)
                                  0.000000    0.000000   clock source latency
     1    0.012343    0.046464    0.030841    0.030841 ^ clk (in)
                                                         clk (net)
                      0.046467    0.000000    0.030841 ^ clkbuf_0_clk/A (sky130_fd_sc_hd__clkbuf_16)
     2    0.018725    0.030367    0.088107    0.118949 ^ clkbuf_0_clk/X (sky130_fd_sc_hd__clkbuf_16)
                                                         clknet_0_clk (net)
                      0.030367    0.000166    0.119115 ^ clkbuf_1_0__f_clk/A (sky130_fd_sc_hd__clkbuf_16)
     3    0.009251    0.024018    0.076962    0.196076 ^ clkbuf_1_0__f_clk/X (sky130_fd_sc_hd__clkbuf_16)
                                                         clknet_1_0__leaf_clk (net)
                      0.024018    0.000112    0.196188 ^ _27_/CLK (sky130_fd_sc_hd__dfrtp_4)
     3    0.040646    0.076592    0.334164    0.530352 v _27_/Q (sky130_fd_sc_hd__dfrtp_4)
                                                         uo_out[3] (net)
                      0.076594    0.000504    0.530856 v uo_out[3] (out)
                                              0.530856   data arrival time

                                 20.000000   20.000000   clock clk (rise edge)
                                  0.000000   20.000000   clock network delay (propagated)
                                 -0.250000   19.750002   clock uncertainty
                                  0.000000   19.750002   clock reconvergence pessimism
                                 -4.000000   15.750001   output external delay
                                             15.750001   data required time
---------------------------------------------------------------------------------------------
                                             15.750001   data required time
                                             -0.530856   data arrival time
---------------------------------------------------------------------------------------------
                                             15.219146   slack (MET)


Startpoint: _28_ (rising edge-triggered flip-flop clocked by clk)
Endpoint: uo_out[4] (output port clocked by clk)
Path Group: clk
Path Type: max

Fanout         Cap        Slew       Delay        Time   Description
---------------------------------------------------------------------------------------------
                                  0.000000    0.000000   clock clk (rise edge)
                                  0.000000    0.000000   clock source latency
     1    0.012343    0.046464    0.030841    0.030841 ^ clk (in)
                                                         clk (net)
                      0.046467    0.000000    0.030841 ^ clkbuf_0_clk/A (sky130_fd_sc_hd__clkbuf_16)
     2    0.018725    0.030367    0.088107    0.118949 ^ clkbuf_0_clk/X (sky130_fd_sc_hd__clkbuf_16)
                                                         clknet_0_clk (net)
                      0.030367    0.000166    0.119115 ^ clkbuf_1_0__f_clk/A (sky130_fd_sc_hd__clkbuf_16)
     3    0.009251    0.024018    0.076962    0.196076 ^ clkbuf_1_0__f_clk/X (sky130_fd_sc_hd__clkbuf_16)
                                                         clknet_1_0__leaf_clk (net)
                      0.024018    0.000145    0.196221 ^ _28_/CLK (sky130_fd_sc_hd__dfrtp_4)
     3    0.040502    0.076464    0.333982    0.530202 v _28_/Q (sky130_fd_sc_hd__dfrtp_4)
                                                         uo_out[4] (net)
                      0.076466    0.000528    0.530731 v uo_out[4] (out)
                                              0.530731   data arrival time

                                 20.000000   20.000000   clock clk (rise edge)
                                  0.000000   20.000000   clock network delay (propagated)
                                 -0.250000   19.750002   clock uncertainty
                                  0.000000   19.750002   clock reconvergence pessimism
                                 -4.000000   15.750001   output external delay
                                             15.750001   data required time
---------------------------------------------------------------------------------------------
                                             15.750001   data required time
                                             -0.530731   data arrival time
---------------------------------------------------------------------------------------------
                                             15.219270   slack (MET)


Startpoint: _29_ (rising edge-triggered flip-flop clocked by clk)
Endpoint: uo_out[5] (output port clocked by clk)
Path Group: clk
Path Type: max

Fanout         Cap        Slew       Delay        Time   Description
---------------------------------------------------------------------------------------------
                                  0.000000    0.000000   clock clk (rise edge)
                                  0.000000    0.000000   clock source latency
     1    0.012343    0.046464    0.030841    0.030841 ^ clk (in)
                                                         clk (net)
                      0.046467    0.000000    0.030841 ^ clkbuf_0_clk/A (sky130_fd_sc_hd__clkbuf_16)
     2    0.018725    0.030367    0.088107    0.118949 ^ clkbuf_0_clk/X (sky130_fd_sc_hd__clkbuf_16)
                                                         clknet_0_clk (net)
                      0.030367    0.000166    0.119115 ^ clkbuf_1_0__f_clk/A (sky130_fd_sc_hd__clkbuf_16)
     3    0.009251    0.024018    0.076962    0.196076 ^ clkbuf_1_0__f_clk/X (sky130_fd_sc_hd__clkbuf_16)
                                                         clknet_1_0__leaf_clk (net)
                      0.024018    0.000049    0.196125 ^ _29_/CLK (sky130_fd_sc_hd__dfrtp_4)
     2    0.039330    0.075201    0.332825    0.528950 v _29_/Q (sky130_fd_sc_hd__dfrtp_4)
                                                         uo_out[5] (net)
                      0.075201    0.000200    0.529150 v uo_out[5] (out)
                                              0.529150   data arrival time

                                 20.000000   20.000000   clock clk (rise edge)
                                  0.000000   20.000000   clock network delay (propagated)
                                 -0.250000   19.750002   clock uncertainty
                                  0.000000   19.750002   clock reconvergence pessimism
                                 -4.000000   15.750001   output external delay
                                             15.750001   data required time
---------------------------------------------------------------------------------------------
                                             15.750001   data required time
                                             -0.529150   data arrival time
---------------------------------------------------------------------------------------------
                                             15.220851   slack (MET)


Startpoint: rst_n (input port clocked by clk)
Endpoint: _24_ (recovery check against rising-edge clock clk)
Path Group: asynchronous
Path Type: max

Fanout         Cap        Slew       Delay        Time   Description
---------------------------------------------------------------------------------------------
                                  0.000000    0.000000   clock clk (rise edge)
                                  0.000000    0.000000   clock network delay (propagated)
                                  4.000000    4.000000 ^ input external delay
     1    0.002337    0.012277    0.006008    4.006008 ^ rst_n (in)
                                                         rst_n (net)
                      0.012277    0.000000    4.006008 ^ input1/A (sky130_fd_sc_hd__buf_2)
     6    0.032617    0.122424    0.127344    4.133352 ^ input1/X (sky130_fd_sc_hd__buf_2)
                                                         net1 (net)
                      0.122442    0.001222    4.134573 ^ _24_/RESET_B (sky130_fd_sc_hd__dfrtp_4)
                                              4.134573   data arrival time

                                 20.000000   20.000000   clock clk (rise edge)
                                  0.000000   20.000000   clock source latency
     1    0.012343    0.046464    0.030841   20.030842 ^ clk (in)
                                                         clk (net)
                      0.046467    0.000000   20.030842 ^ clkbuf_0_clk/A (sky130_fd_sc_hd__clkbuf_16)
     2    0.018725    0.030367    0.088107   20.118948 ^ clkbuf_0_clk/X (sky130_fd_sc_hd__clkbuf_16)
                                                         clknet_0_clk (net)
                      0.030367    0.000178   20.119127 ^ clkbuf_1_1__f_clk/A (sky130_fd_sc_hd__clkbuf_16)
     3    0.008403    0.023448    0.076380   20.195507 ^ clkbuf_1_1__f_clk/X (sky130_fd_sc_hd__clkbuf_16)
                                                         clknet_1_1__leaf_clk (net)
                      0.023449    0.000103   20.195610 ^ _24_/CLK (sky130_fd_sc_hd__dfrtp_4)
                                 -0.250000   19.945610   clock uncertainty
                                  0.000000   19.945610   clock reconvergence pessimism
                                  0.101117   20.046728   library recovery time
                                             20.046728   data required time
---------------------------------------------------------------------------------------------
                                             20.046728   data required time
                                             -4.134573   data arrival time
---------------------------------------------------------------------------------------------
                                             15.912154   slack (MET)


Startpoint: rst_n (input port clocked by clk)
Endpoint: _25_ (recovery check against rising-edge clock clk)
Path Group: asynchronous
Path Type: max

Fanout         Cap        Slew       Delay        Time   Description
---------------------------------------------------------------------------------------------
                                  0.000000    0.000000   clock clk (rise edge)
                                  0.000000    0.000000   clock network delay (propagated)
                                  4.000000    4.000000 ^ input external delay
     1    0.002337    0.012277    0.006008    4.006008 ^ rst_n (in)
                                                         rst_n (net)
                      0.012277    0.000000    4.006008 ^ input1/A (sky130_fd_sc_hd__buf_2)
     6    0.032617    0.122424    0.127344    4.133352 ^ input1/X (sky130_fd_sc_hd__buf_2)
                                                         net1 (net)
                      0.122433    0.000875    4.134227 ^ _25_/RESET_B (sky130_fd_sc_hd__dfrtp_4)
                                              4.134227   data arrival time

                                 20.000000   20.000000   clock clk (rise edge)
                                  0.000000   20.000000   clock source latency
     1    0.012343    0.046464    0.030841   20.030842 ^ clk (in)
                                                         clk (net)
                      0.046467    0.000000   20.030842 ^ clkbuf_0_clk/A (sky130_fd_sc_hd__clkbuf_16)
     2    0.018725    0.030367    0.088107   20.118948 ^ clkbuf_0_clk/X (sky130_fd_sc_hd__clkbuf_16)
                                                         clknet_0_clk (net)
                      0.030367    0.000178   20.119127 ^ clkbuf_1_1__f_clk/A (sky130_fd_sc_hd__clkbuf_16)
     3    0.008403    0.023448    0.076380   20.195507 ^ clkbuf_1_1__f_clk/X (sky130_fd_sc_hd__clkbuf_16)
                                                         clknet_1_1__leaf_clk (net)
                      0.023448    0.000082   20.195587 ^ _25_/CLK (sky130_fd_sc_hd__dfrtp_4)
                                 -0.250000   19.945589   clock uncertainty
                                  0.000000   19.945589   clock reconvergence pessimism
                                  0.101120   20.046707   library recovery time
                                             20.046707   data required time
---------------------------------------------------------------------------------------------
                                             20.046707   data required time
                                             -4.134227   data arrival time
---------------------------------------------------------------------------------------------
                                             15.912480   slack (MET)


Startpoint: rst_n (input port clocked by clk)
Endpoint: _29_ (recovery check against rising-edge clock clk)
Path Group: asynchronous
Path Type: max

Fanout         Cap        Slew       Delay        Time   Description
---------------------------------------------------------------------------------------------
                                  0.000000    0.000000   clock clk (rise edge)
                                  0.000000    0.000000   clock network delay (propagated)
                                  4.000000    4.000000 ^ input external delay
     1    0.002337    0.012277    0.006008    4.006008 ^ rst_n (in)
                                                         rst_n (net)
                      0.012277    0.000000    4.006008 ^ input1/A (sky130_fd_sc_hd__buf_2)
     6    0.032617    0.122424    0.127344    4.133352 ^ input1/X (sky130_fd_sc_hd__buf_2)
                                                         net1 (net)
                      0.122449    0.001453    4.134805 ^ _29_/RESET_B (sky130_fd_sc_hd__dfrtp_4)
                                              4.134805   data arrival time

                                 20.000000   20.000000   clock clk (rise edge)
                                  0.000000   20.000000   clock source latency
     1    0.012343    0.046464    0.030841   20.030842 ^ clk (in)
                                                         clk (net)
                      0.046467    0.000000   20.030842 ^ clkbuf_0_clk/A (sky130_fd_sc_hd__clkbuf_16)
     2    0.018725    0.030367    0.088107   20.118948 ^ clkbuf_0_clk/X (sky130_fd_sc_hd__clkbuf_16)
                                                         clknet_0_clk (net)
                      0.030367    0.000167   20.119116 ^ clkbuf_1_0__f_clk/A (sky130_fd_sc_hd__clkbuf_16)
     3    0.009251    0.024018    0.076961   20.196077 ^ clkbuf_1_0__f_clk/X (sky130_fd_sc_hd__clkbuf_16)
                                                         clknet_1_0__leaf_clk (net)
                      0.024018    0.000048   20.196125 ^ _29_/CLK (sky130_fd_sc_hd__dfrtp_4)
                                 -0.250000   19.946125   clock uncertainty
                                  0.000000   19.946125   clock reconvergence pessimism
                                  0.101204   20.047329   library recovery time
                                             20.047329   data required time
---------------------------------------------------------------------------------------------
                                             20.047329   data required time
                                             -4.134805   data arrival time
---------------------------------------------------------------------------------------------
                                             15.912525   slack (MET)


Startpoint: rst_n (input port clocked by clk)
Endpoint: _28_ (recovery check against rising-edge clock clk)
Path Group: asynchronous
Path Type: max

Fanout         Cap        Slew       Delay        Time   Description
---------------------------------------------------------------------------------------------
                                  0.000000    0.000000   clock clk (rise edge)
                                  0.000000    0.000000   clock network delay (propagated)
                                  4.000000    4.000000 ^ input external delay
     1    0.002337    0.012277    0.006008    4.006008 ^ rst_n (in)
                                                         rst_n (net)
                      0.012277    0.000000    4.006008 ^ input1/A (sky130_fd_sc_hd__buf_2)
     6    0.032617    0.122424    0.127344    4.133352 ^ input1/X (sky130_fd_sc_hd__buf_2)
                                                         net1 (net)
                      0.122449    0.001451    4.134803 ^ _28_/RESET_B (sky130_fd_sc_hd__dfrtp_4)
                                              4.134803   data arrival time

                                 20.000000   20.000000   clock clk (rise edge)
                                  0.000000   20.000000   clock source latency
     1    0.012343    0.046464    0.030841   20.030842 ^ clk (in)
                                                         clk (net)
                      0.046467    0.000000   20.030842 ^ clkbuf_0_clk/A (sky130_fd_sc_hd__clkbuf_16)
     2    0.018725    0.030367    0.088107   20.118948 ^ clkbuf_0_clk/X (sky130_fd_sc_hd__clkbuf_16)
                                                         clknet_0_clk (net)
                      0.030367    0.000167   20.119116 ^ clkbuf_1_0__f_clk/A (sky130_fd_sc_hd__clkbuf_16)
     3    0.009251    0.024018    0.076961   20.196077 ^ clkbuf_1_0__f_clk/X (sky130_fd_sc_hd__clkbuf_16)
                                                         clknet_1_0__leaf_clk (net)
                      0.024018    0.000144   20.196220 ^ _28_/CLK (sky130_fd_sc_hd__dfrtp_4)
                                 -0.250000   19.946220   clock uncertainty
                                  0.000000   19.946220   clock reconvergence pessimism
                                  0.101204   20.047426   library recovery time
                                             20.047426   data required time
---------------------------------------------------------------------------------------------
                                             20.047426   data required time
                                             -4.134803   data arrival time
---------------------------------------------------------------------------------------------
                                             15.912622   slack (MET)


Startpoint: rst_n (input port clocked by clk)
Endpoint: _27_ (recovery check against rising-edge clock clk)
Path Group: asynchronous
Path Type: max

Fanout         Cap        Slew       Delay        Time   Description
---------------------------------------------------------------------------------------------
                                  0.000000    0.000000   clock clk (rise edge)
                                  0.000000    0.000000   clock network delay (propagated)
                                  4.000000    4.000000 ^ input external delay
     1    0.002337    0.012277    0.006008    4.006008 ^ rst_n (in)
                                                         rst_n (net)
                      0.012277    0.000000    4.006008 ^ input1/A (sky130_fd_sc_hd__buf_2)
     6    0.032617    0.122424    0.127344    4.133352 ^ input1/X (sky130_fd_sc_hd__buf_2)
                                                         net1 (net)
                      0.122446    0.001363    4.134716 ^ _27_/RESET_B (sky130_fd_sc_hd__dfrtp_4)
                                              4.134716   data arrival time

                                 20.000000   20.000000   clock clk (rise edge)
                                  0.000000   20.000000   clock source latency
     1    0.012343    0.046464    0.030841   20.030842 ^ clk (in)
                                                         clk (net)
                      0.046467    0.000000   20.030842 ^ clkbuf_0_clk/A (sky130_fd_sc_hd__clkbuf_16)
     2    0.018725    0.030367    0.088107   20.118948 ^ clkbuf_0_clk/X (sky130_fd_sc_hd__clkbuf_16)
                                                         clknet_0_clk (net)
                      0.030367    0.000167   20.119116 ^ clkbuf_1_0__f_clk/A (sky130_fd_sc_hd__clkbuf_16)
     3    0.009251    0.024018    0.076961   20.196077 ^ clkbuf_1_0__f_clk/X (sky130_fd_sc_hd__clkbuf_16)
                                                         clknet_1_0__leaf_clk (net)
                      0.024018    0.000112   20.196188 ^ _27_/CLK (sky130_fd_sc_hd__dfrtp_4)
                                 -0.250000   19.946190   clock uncertainty
                                  0.000000   19.946190   clock reconvergence pessimism
                                  0.101205   20.047394   library recovery time
                                             20.047394   data required time
---------------------------------------------------------------------------------------------
                                             20.047394   data required time
                                             -4.134716   data arrival time
---------------------------------------------------------------------------------------------
                                             15.912678   slack (MET)


Startpoint: rst_n (input port clocked by clk)
Endpoint: _26_ (recovery check against rising-edge clock clk)
Path Group: asynchronous
Path Type: max

Fanout         Cap        Slew       Delay        Time   Description
---------------------------------------------------------------------------------------------
                                  0.000000    0.000000   clock clk (rise edge)
                                  0.000000    0.000000   clock network delay (propagated)
                                  4.000000    4.000000 ^ input external delay
     1    0.002337    0.012277    0.006008    4.006008 ^ rst_n (in)
                                                         rst_n (net)
                      0.012277    0.000000    4.006008 ^ input1/A (sky130_fd_sc_hd__buf_2)
     6    0.032617    0.122424    0.127344    4.133352 ^ input1/X (sky130_fd_sc_hd__buf_2)
                                                         net1 (net)
                      0.122429    0.000626    4.133978 ^ _26_/RESET_B (sky130_fd_sc_hd__dfrtp_4)
                                              4.133978   data arrival time

                                 20.000000   20.000000   clock clk (rise edge)
                                  0.000000   20.000000   clock source latency
     1    0.012343    0.046464    0.030841   20.030842 ^ clk (in)
                                                         clk (net)
                      0.046467    0.000000   20.030842 ^ clkbuf_0_clk/A (sky130_fd_sc_hd__clkbuf_16)
     2    0.018725    0.030367    0.088107   20.118948 ^ clkbuf_0_clk/X (sky130_fd_sc_hd__clkbuf_16)
                                                         clknet_0_clk (net)
                      0.030367    0.000178   20.119127 ^ clkbuf_1_1__f_clk/A (sky130_fd_sc_hd__clkbuf_16)
     3    0.008403    0.023448    0.076380   20.195507 ^ clkbuf_1_1__f_clk/X (sky130_fd_sc_hd__clkbuf_16)
                                                         clknet_1_1__leaf_clk (net)
                      0.023448    0.000082   20.195587 ^ _26_/CLK (sky130_fd_sc_hd__dfrtp_4)
                                 -0.250000   19.945589   clock uncertainty
                                  0.000000   19.945589   clock reconvergence pessimism
                                  0.101121   20.046709   library recovery time
                                             20.046709   data required time
---------------------------------------------------------------------------------------------
                                             20.046709   data required time
                                             -4.133978   data arrival time
---------------------------------------------------------------------------------------------
                                             15.912733   slack (MET)


Startpoint: _26_ (rising edge-triggered flip-flop clocked by clk)
Endpoint: _28_ (rising edge-triggered flip-flop clocked by clk)
Path Group: clk
Path Type: max

Fanout         Cap        Slew       Delay        Time   Description
---------------------------------------------------------------------------------------------
                                  0.000000    0.000000   clock clk (rise edge)
                                  0.000000    0.000000   clock source latency
     1    0.012343    0.046464    0.030841    0.030841 ^ clk (in)
                                                         clk (net)
                      0.046467    0.000000    0.030841 ^ clkbuf_0_clk/A (sky130_fd_sc_hd__clkbuf_16)
     2    0.018725    0.030367    0.088107    0.118949 ^ clkbuf_0_clk/X (sky130_fd_sc_hd__clkbuf_16)
                                                         clknet_0_clk (net)
                      0.030367    0.000177    0.119125 ^ clkbuf_1_1__f_clk/A (sky130_fd_sc_hd__clkbuf_16)
     3    0.008403    0.023448    0.076380    0.195506 ^ clkbuf_1_1__f_clk/X (sky130_fd_sc_hd__clkbuf_16)
                                                         clknet_1_1__leaf_clk (net)
                      0.023448    0.000082    0.195587 ^ _26_/CLK (sky130_fd_sc_hd__dfrtp_4)
     4    0.047513    0.083931    0.341162    0.536749 v _26_/Q (sky130_fd_sc_hd__dfrtp_4)
                                                         uo_out[2] (net)
                      0.083956    0.001394    0.538144 v _17_/C (sky130_fd_sc_hd__and4_1)
     3    0.008967    0.046634    0.158873    0.697017 v _17_/X (sky130_fd_sc_hd__and4_1)
                                                         _08_ (net)
                      0.046635    0.000192    0.697208 v _21_/B (sky130_fd_sc_hd__or2_1)
     1    0.001805    0.028781    0.118257    0.815465 v _21_/X (sky130_fd_sc_hd__or2_1)
                                                         _11_ (net)
                      0.028781    0.000008    0.815473 v _22_/B (sky130_fd_sc_hd__and2_1)
     1    0.002652    0.024792    0.093217    0.908689 v _22_/X (sky130_fd_sc_hd__and2_1)
                                                         _04_ (net)
                      0.024800    0.000028    0.908718 v _28_/D (sky130_fd_sc_hd__dfrtp_4)
                                              0.908718   data arrival time

                                 20.000000   20.000000   clock clk (rise edge)
                                  0.000000   20.000000   clock source latency
     1    0.012343    0.046464    0.030841   20.030842 ^ clk (in)
                                                         clk (net)
                      0.046467    0.000000   20.030842 ^ clkbuf_0_clk/A (sky130_fd_sc_hd__clkbuf_16)
     2    0.018725    0.030367    0.088107   20.118948 ^ clkbuf_0_clk/X (sky130_fd_sc_hd__clkbuf_16)
                                                         clknet_0_clk (net)
                      0.030367    0.000167   20.119116 ^ clkbuf_1_0__f_clk/A (sky130_fd_sc_hd__clkbuf_16)
     3    0.009251    0.024018    0.076961   20.196077 ^ clkbuf_1_0__f_clk/X (sky130_fd_sc_hd__clkbuf_16)
                                                         clknet_1_0__leaf_clk (net)
                      0.024018    0.000144   20.196220 ^ _28_/CLK (sky130_fd_sc_hd__dfrtp_4)
                                 -0.250000   19.946220   clock uncertainty
                                  0.000000   19.946220   clock reconvergence pessimism
                                 -0.070674   19.875547   library setup time
                                             19.875547   data required time
---------------------------------------------------------------------------------------------
                                             19.875547   data required time
                                             -0.908718   data arrival time
---------------------------------------------------------------------------------------------
                                             18.966829   slack (MET)


Startpoint: _26_ (rising edge-triggered flip-flop clocked by clk)
Endpoint: _29_ (rising edge-triggered flip-flop clocked by clk)
Path Group: clk
Path Type: max

Fanout         Cap        Slew       Delay        Time   Description
---------------------------------------------------------------------------------------------
                                  0.000000    0.000000   clock clk (rise edge)
                                  0.000000    0.000000   clock source latency
     1    0.012343    0.046464    0.030841    0.030841 ^ clk (in)
                                                         clk (net)
                      0.046467    0.000000    0.030841 ^ clkbuf_0_clk/A (sky130_fd_sc_hd__clkbuf_16)
     2    0.018725    0.030367    0.088107    0.118949 ^ clkbuf_0_clk/X (sky130_fd_sc_hd__clkbuf_16)
                                                         clknet_0_clk (net)
                      0.030367    0.000177    0.119125 ^ clkbuf_1_1__f_clk/A (sky130_fd_sc_hd__clkbuf_16)
     3    0.008403    0.023448    0.076380    0.195506 ^ clkbuf_1_1__f_clk/X (sky130_fd_sc_hd__clkbuf_16)
                                                         clknet_1_1__leaf_clk (net)
                      0.023448    0.000082    0.195587 ^ _26_/CLK (sky130_fd_sc_hd__dfrtp_4)
     4    0.047513    0.083931    0.341162    0.536749 v _26_/Q (sky130_fd_sc_hd__dfrtp_4)
                                                         uo_out[2] (net)
                      0.083956    0.001394    0.538144 v _17_/C (sky130_fd_sc_hd__and4_1)
     3    0.008967    0.046634    0.158873    0.697017 v _17_/X (sky130_fd_sc_hd__and4_1)
                                                         _08_ (net)
                      0.046635    0.000206    0.697223 v _20_/B (sky130_fd_sc_hd__nand2_1)
     2    0.006645    0.056944    0.067121    0.764344 ^ _20_/Y (sky130_fd_sc_hd__nand2_1)
                                                         _10_ (net)
                      0.056944    0.000044    0.764387 ^ _23_/B (sky130_fd_sc_hd__xnor2_1)
     1    0.004864    0.110231    0.082231    0.846618 ^ _23_/Y (sky130_fd_sc_hd__xnor2_1)
                                                         _05_ (net)
                      0.110231    0.000077    0.846695 ^ _29_/D (sky130_fd_sc_hd__dfrtp_4)
                                              0.846695   data arrival time

                                 20.000000   20.000000   clock clk (rise edge)
                                  0.000000   20.000000   clock source latency
     1    0.012343    0.046464    0.030841   20.030842 ^ clk (in)
                                                         clk (net)
                      0.046467    0.000000   20.030842 ^ clkbuf_0_clk/A (sky130_fd_sc_hd__clkbuf_16)
     2    0.018725    0.030367    0.088107   20.118948 ^ clkbuf_0_clk/X (sky130_fd_sc_hd__clkbuf_16)
                                                         clknet_0_clk (net)
                      0.030367    0.000167   20.119116 ^ clkbuf_1_0__f_clk/A (sky130_fd_sc_hd__clkbuf_16)
     3    0.009251    0.024018    0.076961   20.196077 ^ clkbuf_1_0__f_clk/X (sky130_fd_sc_hd__clkbuf_16)
                                                         clknet_1_0__leaf_clk (net)
                      0.024018    0.000048   20.196125 ^ _29_/CLK (sky130_fd_sc_hd__dfrtp_4)
                                 -0.250000   19.946125   clock uncertainty
                                  0.000000   19.946125   clock reconvergence pessimism
                                 -0.045713   19.900412   library setup time
                                             19.900412   data required time
---------------------------------------------------------------------------------------------
                                             19.900412   data required time
                                             -0.846695   data arrival time
---------------------------------------------------------------------------------------------
                                             19.053717   slack (MET)


Startpoint: _26_ (rising edge-triggered flip-flop clocked by clk)
Endpoint: _27_ (rising edge-triggered flip-flop clocked by clk)
Path Group: clk
Path Type: max

Fanout         Cap        Slew       Delay        Time   Description
---------------------------------------------------------------------------------------------
                                  0.000000    0.000000   clock clk (rise edge)
                                  0.000000    0.000000   clock source latency
     1    0.012343    0.046464    0.030841    0.030841 ^ clk (in)
                                                         clk (net)
                      0.046467    0.000000    0.030841 ^ clkbuf_0_clk/A (sky130_fd_sc_hd__clkbuf_16)
     2    0.018725    0.030367    0.088107    0.118949 ^ clkbuf_0_clk/X (sky130_fd_sc_hd__clkbuf_16)
                                                         clknet_0_clk (net)
                      0.030367    0.000177    0.119125 ^ clkbuf_1_1__f_clk/A (sky130_fd_sc_hd__clkbuf_16)
     3    0.008403    0.023448    0.076380    0.195506 ^ clkbuf_1_1__f_clk/X (sky130_fd_sc_hd__clkbuf_16)
                                                         clknet_1_1__leaf_clk (net)
                      0.023448    0.000082    0.195587 ^ _26_/CLK (sky130_fd_sc_hd__dfrtp_4)
     4    0.047513    0.083931    0.341162    0.536749 v _26_/Q (sky130_fd_sc_hd__dfrtp_4)
                                                         uo_out[2] (net)
                      0.083956    0.001394    0.538144 v _17_/C (sky130_fd_sc_hd__and4_1)
     3    0.008967    0.046634    0.158873    0.697017 v _17_/X (sky130_fd_sc_hd__and4_1)
                                                         _08_ (net)
                      0.046634    0.000127    0.697143 v _19_/A_N (sky130_fd_sc_hd__and2b_1)
     1    0.002792    0.029428    0.121506    0.818649 ^ _19_/X (sky130_fd_sc_hd__and2b_1)
                                                         _03_ (net)
                      0.029428    0.000030    0.818679 ^ _27_/D (sky130_fd_sc_hd__dfrtp_4)
                                              0.818679   data arrival time

                                 20.000000   20.000000   clock clk (rise edge)
                                  0.000000   20.000000   clock source latency
     1    0.012343    0.046464    0.030841   20.030842 ^ clk (in)
                                                         clk (net)
                      0.046467    0.000000   20.030842 ^ clkbuf_0_clk/A (sky130_fd_sc_hd__clkbuf_16)
     2    0.018725    0.030367    0.088107   20.118948 ^ clkbuf_0_clk/X (sky130_fd_sc_hd__clkbuf_16)
                                                         clknet_0_clk (net)
                      0.030367    0.000167   20.119116 ^ clkbuf_1_0__f_clk/A (sky130_fd_sc_hd__clkbuf_16)
     3    0.009251    0.024018    0.076961   20.196077 ^ clkbuf_1_0__f_clk/X (sky130_fd_sc_hd__clkbuf_16)
                                                         clknet_1_0__leaf_clk (net)
                      0.024018    0.000112   20.196188 ^ _27_/CLK (sky130_fd_sc_hd__dfrtp_4)
                                 -0.250000   19.946190   clock uncertainty
                                  0.000000   19.946190   clock reconvergence pessimism
                                 -0.037620   19.908569   library setup time
                                             19.908569   data required time
---------------------------------------------------------------------------------------------
                                             19.908569   data required time
                                             -0.818679   data arrival time
---------------------------------------------------------------------------------------------
                                             19.089891   slack (MET)


Startpoint: _25_ (rising edge-triggered flip-flop clocked by clk)
Endpoint: _25_ (rising edge-triggered flip-flop clocked by clk)
Path Group: clk
Path Type: max

Fanout         Cap        Slew       Delay        Time   Description
---------------------------------------------------------------------------------------------
                                  0.000000    0.000000   clock clk (rise edge)
                                  0.000000    0.000000   clock source latency
     1    0.012343    0.046464    0.030841    0.030841 ^ clk (in)
                                                         clk (net)
                      0.046467    0.000000    0.030841 ^ clkbuf_0_clk/A (sky130_fd_sc_hd__clkbuf_16)
     2    0.018725    0.030367    0.088107    0.118949 ^ clkbuf_0_clk/X (sky130_fd_sc_hd__clkbuf_16)
                                                         clknet_0_clk (net)
                      0.030367    0.000177    0.119125 ^ clkbuf_1_1__f_clk/A (sky130_fd_sc_hd__clkbuf_16)
     3    0.008403    0.023448    0.076380    0.195506 ^ clkbuf_1_1__f_clk/X (sky130_fd_sc_hd__clkbuf_16)
                                                         clknet_1_1__leaf_clk (net)
                      0.023448    0.000083    0.195588 ^ _25_/CLK (sky130_fd_sc_hd__dfrtp_4)
     5    0.044298    0.080313    0.338005    0.533593 v _25_/Q (sky130_fd_sc_hd__dfrtp_4)
                                                         uo_out[1] (net)
                      0.080314    0.000462    0.534055 v _14_/A (sky130_fd_sc_hd__or2_1)
     1    0.001753    0.028664    0.140837    0.674892 v _14_/X (sky130_fd_sc_hd__or2_1)
                                                         _07_ (net)
                      0.028664    0.000008    0.674900 v _15_/B (sky130_fd_sc_hd__and2_1)
     1    0.003661    0.028007    0.097376    0.772275 v _15_/X (sky130_fd_sc_hd__and2_1)
                                                         _01_ (net)
                      0.028007    0.000054    0.772329 v _25_/D (sky130_fd_sc_hd__dfrtp_4)
                                              0.772329   data arrival time

                                 20.000000   20.000000   clock clk (rise edge)
                                  0.000000   20.000000   clock source latency
     1    0.012343    0.046464    0.030841   20.030842 ^ clk (in)
                                                         clk (net)
                      0.046467    0.000000   20.030842 ^ clkbuf_0_clk/A (sky130_fd_sc_hd__clkbuf_16)
     2    0.018725    0.030367    0.088107   20.118948 ^ clkbuf_0_clk/X (sky130_fd_sc_hd__clkbuf_16)
                                                         clknet_0_clk (net)
                      0.030367    0.000178   20.119127 ^ clkbuf_1_1__f_clk/A (sky130_fd_sc_hd__clkbuf_16)
     3    0.008403    0.023448    0.076380   20.195507 ^ clkbuf_1_1__f_clk/X (sky130_fd_sc_hd__clkbuf_16)
                                                         clknet_1_1__leaf_clk (net)
                      0.023448    0.000082   20.195587 ^ _25_/CLK (sky130_fd_sc_hd__dfrtp_4)
                                 -0.250000   19.945589   clock uncertainty
                                  0.000000   19.945589   clock reconvergence pessimism
                                 -0.071873   19.873716   library setup time
                                             19.873716   data required time
---------------------------------------------------------------------------------------------
                                             19.873716   data required time
                                             -0.772329   data arrival time
---------------------------------------------------------------------------------------------
                                             19.101385   slack (MET)


Startpoint: _24_ (rising edge-triggered flip-flop clocked by clk)
Endpoint: _26_ (rising edge-triggered flip-flop clocked by clk)
Path Group: clk
Path Type: max

Fanout         Cap        Slew       Delay        Time   Description
---------------------------------------------------------------------------------------------
                                  0.000000    0.000000   clock clk (rise edge)
                                  0.000000    0.000000   clock source latency
     1    0.012343    0.046464    0.030841    0.030841 ^ clk (in)
                                                         clk (net)
                      0.046467    0.000000    0.030841 ^ clkbuf_0_clk/A (sky130_fd_sc_hd__clkbuf_16)
     2    0.018725    0.030367    0.088107    0.118949 ^ clkbuf_0_clk/X (sky130_fd_sc_hd__clkbuf_16)
                                                         clknet_0_clk (net)
                      0.030367    0.000177    0.119125 ^ clkbuf_1_1__f_clk/A (sky130_fd_sc_hd__clkbuf_16)
     3    0.008403    0.023448    0.076380    0.195506 ^ clkbuf_1_1__f_clk/X (sky130_fd_sc_hd__clkbuf_16)
                                                         clknet_1_1__leaf_clk (net)
                      0.023449    0.000102    0.195608 ^ _24_/CLK (sky130_fd_sc_hd__dfrtp_4)
     6    0.048337    0.084221    0.342860    0.538468 v _24_/Q (sky130_fd_sc_hd__dfrtp_4)
                                                         uo_out[0] (net)
                      0.084221    0.000393    0.538861 v _13_/B (sky130_fd_sc_hd__nand2_1)
     2    0.007889    0.068422    0.088453    0.627314 ^ _13_/Y (sky130_fd_sc_hd__nand2_1)
                                                         _06_ (net)
                      0.068422    0.000083    0.627397 ^ _16_/B (sky130_fd_sc_hd__xnor2_1)
     1    0.003432    0.091338    0.075170    0.702567 ^ _16_/Y (sky130_fd_sc_hd__xnor2_1)
                                                         _02_ (net)
                      0.091338    0.000041    0.702608 ^ _26_/D (sky130_fd_sc_hd__dfrtp_4)
                                              0.702608   data arrival time

                                 20.000000   20.000000   clock clk (rise edge)
                                  0.000000   20.000000   clock source latency
     1    0.012343    0.046464    0.030841   20.030842 ^ clk (in)
                                                         clk (net)
                      0.046467    0.000000   20.030842 ^ clkbuf_0_clk/A (sky130_fd_sc_hd__clkbuf_16)
     2    0.018725    0.030367    0.088107   20.118948 ^ clkbuf_0_clk/X (sky130_fd_sc_hd__clkbuf_16)
                                                         clknet_0_clk (net)
                      0.030367    0.000178   20.119127 ^ clkbuf_1_1__f_clk/A (sky130_fd_sc_hd__clkbuf_16)
     3    0.008403    0.023448    0.076380   20.195507 ^ clkbuf_1_1__f_clk/X (sky130_fd_sc_hd__clkbuf_16)
                                                         clknet_1_1__leaf_clk (net)
                      0.023448    0.000082   20.195587 ^ _26_/CLK (sky130_fd_sc_hd__dfrtp_4)
                                 -0.250000   19.945589   clock uncertainty
                                  0.000000   19.945589   clock reconvergence pessimism
                                 -0.043844   19.901745   library setup time
                                             19.901745   data required time
---------------------------------------------------------------------------------------------
                                             19.901745   data required time
                                             -0.702608   data arrival time
---------------------------------------------------------------------------------------------
                                             19.199137   slack (MET)


Startpoint: _24_ (rising edge-triggered flip-flop clocked by clk)
Endpoint: _24_ (rising edge-triggered flip-flop clocked by clk)
Path Group: clk
Path Type: max

Fanout         Cap        Slew       Delay        Time   Description
---------------------------------------------------------------------------------------------
                                  0.000000    0.000000   clock clk (rise edge)
                                  0.000000    0.000000   clock source latency
     1    0.012343    0.046464    0.030841    0.030841 ^ clk (in)
                                                         clk (net)
                      0.046467    0.000000    0.030841 ^ clkbuf_0_clk/A (sky130_fd_sc_hd__clkbuf_16)
     2    0.018725    0.030367    0.088107    0.118949 ^ clkbuf_0_clk/X (sky130_fd_sc_hd__clkbuf_16)
                                                         clknet_0_clk (net)
                      0.030367    0.000177    0.119125 ^ clkbuf_1_1__f_clk/A (sky130_fd_sc_hd__clkbuf_16)
     3    0.008403    0.023448    0.076380    0.195506 ^ clkbuf_1_1__f_clk/X (sky130_fd_sc_hd__clkbuf_16)
                                                         clknet_1_1__leaf_clk (net)
                      0.023449    0.000102    0.195608 ^ _24_/CLK (sky130_fd_sc_hd__dfrtp_4)
     6    0.048337    0.084221    0.342860    0.538468 v _24_/Q (sky130_fd_sc_hd__dfrtp_4)
                                                         uo_out[0] (net)
                      0.084221    0.000392    0.538860 v _12_/A (sky130_fd_sc_hd__inv_2)
     1    0.002655    0.026071    0.042394    0.581254 ^ _12_/Y (sky130_fd_sc_hd__inv_2)
                                                         _00_ (net)
                      0.026071    0.000027    0.581281 ^ _24_/D (sky130_fd_sc_hd__dfrtp_4)
                                              0.581281   data arrival time

                                 20.000000   20.000000   clock clk (rise edge)
                                  0.000000   20.000000   clock source latency
     1    0.012343    0.046464    0.030841   20.030842 ^ clk (in)
                                                         clk (net)
                      0.046467    0.000000   20.030842 ^ clkbuf_0_clk/A (sky130_fd_sc_hd__clkbuf_16)
     2    0.018725    0.030367    0.088107   20.118948 ^ clkbuf_0_clk/X (sky130_fd_sc_hd__clkbuf_16)
                                                         clknet_0_clk (net)
                      0.030367    0.000178   20.119127 ^ clkbuf_1_1__f_clk/A (sky130_fd_sc_hd__clkbuf_16)
     3    0.008403    0.023448    0.076380   20.195507 ^ clkbuf_1_1__f_clk/X (sky130_fd_sc_hd__clkbuf_16)
                                                         clknet_1_1__leaf_clk (net)
                      0.023449    0.000103   20.195610 ^ _24_/CLK (sky130_fd_sc_hd__dfrtp_4)
                                 -0.250000   19.945610   clock uncertainty
                                  0.000000   19.945610   clock reconvergence pessimism
                                 -0.037304   19.908306   library setup time
                                             19.908306   data required time
---------------------------------------------------------------------------------------------
                                             19.908306   data required time
                                             -0.581281   data arrival time
---------------------------------------------------------------------------------------------
                                             19.327026   slack (MET)



%OL_END_REPORT
%OL_CREATE_REPORT checks.rpt

===========================================================================
report_checks -unconstrained
===========================================================================
======================= min_ff_n40C_1v95 Corner ===================================

Startpoint: rst_n (input port clocked by clk)
Endpoint: _24_ (recovery check against rising-edge clock clk)
Path Group: asynchronous
Path Type: max

Fanout         Cap        Slew       Delay        Time   Description
---------------------------------------------------------------------------------------------
                                  0.000000    0.000000   clock clk (rise edge)
                                  0.000000    0.000000   clock network delay (propagated)
                                  4.000000    4.000000 ^ input external delay
     1    0.002337    0.012277    0.006008    4.006008 ^ rst_n (in)
                                                         rst_n (net)
                      0.012277    0.000000    4.006008 ^ input1/A (sky130_fd_sc_hd__buf_2)
     6    0.032617    0.122424    0.127344    4.133352 ^ input1/X (sky130_fd_sc_hd__buf_2)
                                                         net1 (net)
                      0.122442    0.001222    4.134573 ^ _24_/RESET_B (sky130_fd_sc_hd__dfrtp_4)
                                              4.134573   data arrival time

                                 20.000000   20.000000   clock clk (rise edge)
                                  0.000000   20.000000   clock source latency
     1    0.012343    0.046464    0.030841   20.030842 ^ clk (in)
                                                         clk (net)
                      0.046467    0.000000   20.030842 ^ clkbuf_0_clk/A (sky130_fd_sc_hd__clkbuf_16)
     2    0.018725    0.030367    0.088107   20.118948 ^ clkbuf_0_clk/X (sky130_fd_sc_hd__clkbuf_16)
                                                         clknet_0_clk (net)
                      0.030367    0.000178   20.119127 ^ clkbuf_1_1__f_clk/A (sky130_fd_sc_hd__clkbuf_16)
     3    0.008403    0.023448    0.076380   20.195507 ^ clkbuf_1_1__f_clk/X (sky130_fd_sc_hd__clkbuf_16)
                                                         clknet_1_1__leaf_clk (net)
                      0.023449    0.000103   20.195610 ^ _24_/CLK (sky130_fd_sc_hd__dfrtp_4)
                                 -0.250000   19.945610   clock uncertainty
                                  0.000000   19.945610   clock reconvergence pessimism
                                  0.101117   20.046728   library recovery time
                                             20.046728   data required time
---------------------------------------------------------------------------------------------
                                             20.046728   data required time
                                             -4.134573   data arrival time
---------------------------------------------------------------------------------------------
                                             15.912154   slack (MET)


Startpoint: _24_ (rising edge-triggered flip-flop clocked by clk)
Endpoint: uo_out[0] (output port clocked by clk)
Path Group: clk
Path Type: max

Fanout         Cap        Slew       Delay        Time   Description
---------------------------------------------------------------------------------------------
                                  0.000000    0.000000   clock clk (rise edge)
                                  0.000000    0.000000   clock source latency
     1    0.012343    0.046464    0.030841    0.030841 ^ clk (in)
                                                         clk (net)
                      0.046467    0.000000    0.030841 ^ clkbuf_0_clk/A (sky130_fd_sc_hd__clkbuf_16)
     2    0.018725    0.030367    0.088107    0.118949 ^ clkbuf_0_clk/X (sky130_fd_sc_hd__clkbuf_16)
                                                         clknet_0_clk (net)
                      0.030367    0.000177    0.119125 ^ clkbuf_1_1__f_clk/A (sky130_fd_sc_hd__clkbuf_16)
     3    0.008403    0.023448    0.076380    0.195506 ^ clkbuf_1_1__f_clk/X (sky130_fd_sc_hd__clkbuf_16)
                                                         clknet_1_1__leaf_clk (net)
                      0.023449    0.000102    0.195608 ^ _24_/CLK (sky130_fd_sc_hd__dfrtp_4)
     6    0.048337    0.084221    0.342860    0.538468 v _24_/Q (sky130_fd_sc_hd__dfrtp_4)
                                                         uo_out[0] (net)
                      0.084222    0.000470    0.538938 v uo_out[0] (out)
                                              0.538938   data arrival time

                                 20.000000   20.000000   clock clk (rise edge)
                                  0.000000   20.000000   clock network delay (propagated)
                                 -0.250000   19.750002   clock uncertainty
                                  0.000000   19.750002   clock reconvergence pessimism
                                 -4.000000   15.750001   output external delay
                                             15.750001   data required time
---------------------------------------------------------------------------------------------
                                             15.750001   data required time
                                             -0.538938   data arrival time
---------------------------------------------------------------------------------------------
                                             15.211063   slack (MET)




===========================================================================
report_checks --slack_max -0.01
============================================================================
======================= min_ff_n40C_1v95 Corner ===================================

No paths found.


===========================================================================
 report_check_types -max_slew -max_cap -max_fanout -violators
============================================================================
======================= min_ff_n40C_1v95 Corner ===================================



===========================================================================
report_parasitic_annotation -report_unannotated
============================================================================
Found 35 unannotated drivers.
 ena
 ui_in[0]
 ui_in[1]
 ui_in[2]
 ui_in[3]
 ui_in[4]
 ui_in[5]
 ui_in[6]
 ui_in[7]
 uio_in[0]
 uio_in[1]
 uio_in[2]
 uio_in[3]
 uio_in[4]
 uio_in[5]
 uio_in[6]
 uio_in[7]
 tt_um_josue_olivos_6bit_counter_10/HI
 tt_um_josue_olivos_6bit_counter_11/HI
 tt_um_josue_olivos_6bit_counter_12/HI
 tt_um_josue_olivos_6bit_counter_13/HI
 tt_um_josue_olivos_6bit_counter_14/HI
 tt_um_josue_olivos_6bit_counter_15/HI
 tt_um_josue_olivos_6bit_counter_16/HI
 tt_um_josue_olivos_6bit_counter_17/HI
 tt_um_josue_olivos_6bit_counter_18/HI
 tt_um_josue_olivos_6bit_counter_19/HI
 tt_um_josue_olivos_6bit_counter_2/HI
 tt_um_josue_olivos_6bit_counter_3/HI
 tt_um_josue_olivos_6bit_counter_4/HI
 tt_um_josue_olivos_6bit_counter_5/HI
 tt_um_josue_olivos_6bit_counter_6/HI
 tt_um_josue_olivos_6bit_counter_7/HI
 tt_um_josue_olivos_6bit_counter_8/HI
 tt_um_josue_olivos_6bit_counter_9/HI
Found 0 partially unannotated drivers.

===========================================================================
max slew violation count 0
%OL_METRIC_I design__max_slew_violation__count__corner:min_ff_n40C_1v95 0
max fanout violation count 0
%OL_METRIC_I design__max_fanout_violation__count__corner:min_ff_n40C_1v95 0
max cap violation count 0
%OL_METRIC_I design__max_cap_violation__count__corner:min_ff_n40C_1v95 0
============================================================================

===========================================================================
check_setup -verbose -unconstrained_endpoints -multiple_clock -no_clock -no_input_delay -loops -generated_clocks
===========================================================================
Warning: There are 18 unconstrained endpoints.
  uio_oe[0]
  uio_oe[1]
  uio_oe[2]
  uio_oe[3]
  uio_oe[4]
  uio_oe[5]
  uio_oe[6]
  uio_oe[7]
  uio_out[0]
  uio_out[1]
  uio_out[2]
  uio_out[3]
  uio_out[4]
  uio_out[5]
  uio_out[6]
  uio_out[7]
  uo_out[6]
  uo_out[7]
%OL_END_REPORT
%OL_CREATE_REPORT power.rpt

===========================================================================
 report_power
============================================================================
======================= min_ff_n40C_1v95 Corner ===================================

Group                    Internal    Switching      Leakage        Total
                            Power        Power        Power        Power (Watts)
------------------------------------------------------------------------
Sequential           1.421028e-05 0.000000e+00 1.757095e-10 1.421046e-05  28.0%
Combinational        7.952010e-08 3.100622e-07 1.352699e-10 3.897176e-07   0.8%
Clock                2.929766e-05 6.916686e-06 1.396827e-09 3.621574e-05  71.3%
Macro                0.000000e+00 0.000000e+00 0.000000e+00 0.000000e+00   0.0%
Pad                  0.000000e+00 0.000000e+00 0.000000e+00 0.000000e+00   0.0%
------------------------------------------------------------------------
Total                4.358746e-05 7.226748e-06 1.707806e-09 5.081592e-05 100.0%
                            85.8%        14.2%         0.0%
%OL_METRIC_F power__internal__total 4.3587460822891444e-5
%OL_METRIC_F power__switching__total 7.2267484938493e-6
%OL_METRIC_F power__leakage__total 1.7078062297670726e-9
%OL_METRIC_F power__total 5.081591734779067e-5

%OL_END_REPORT
%OL_CREATE_REPORT skew.min.rpt

===========================================================================
Clock Skew (Hold)
============================================================================
%OL_METRIC_F clock__skew__worst_hold__corner:min_ff_n40C_1v95 -0.2506334932757675
======================= min_ff_n40C_1v95 Corner ===================================

Clock clk
0.195587 source latency _26_/CLK ^
-0.196221 target latency _28_/CLK ^
-0.250000 clock uncertainty
0.000000 CRPR
--------------
-0.250634 hold skew

%OL_END_REPORT
%OL_CREATE_REPORT skew.max.rpt

===========================================================================
Clock Skew (Setup)
============================================================================
%OL_METRIC_F clock__skew__worst_setup__corner:min_ff_n40C_1v95 0.2500959510276169
======================= min_ff_n40C_1v95 Corner ===================================

Clock clk
0.196221 source latency _28_/CLK ^
-0.196125 target latency _29_/CLK ^
0.250000 clock uncertainty
0.000000 CRPR
--------------
0.250096 setup skew

%OL_END_REPORT
%OL_CREATE_REPORT ws.min.rpt

===========================================================================
Worst Slack (Hold)
============================================================================
%OL_METRIC_F timing__hold__ws__corner:min_ff_n40C_1v95 0.10592751975392128
min_ff_n40C_1v95: 0.10592751975392128
%OL_END_REPORT
%OL_CREATE_REPORT ws.max.rpt

===========================================================================
Worst Slack (Setup)
============================================================================
%OL_METRIC_F timing__setup__ws__corner:min_ff_n40C_1v95 15.211063061890828
min_ff_n40C_1v95: 15.211063061890828
%OL_END_REPORT
%OL_CREATE_REPORT tns.min.rpt

===========================================================================
Total Negative Slack (Hold)
============================================================================
%OL_METRIC_F timing__hold__tns__corner:min_ff_n40C_1v95 0.0
min_ff_n40C_1v95: 0.0
%OL_END_REPORT
%OL_CREATE_REPORT tns.max.rpt

===========================================================================
Total Negative Slack (Setup)
============================================================================
%OL_METRIC_F timing__setup__tns__corner:min_ff_n40C_1v95 0.0
min_ff_n40C_1v95: 0.0
%OL_END_REPORT
%OL_CREATE_REPORT wns.min.rpt

===========================================================================
Worst Negative Slack (Hold)
============================================================================
%OL_METRIC_F timing__hold__wns__corner:min_ff_n40C_1v95 0
min_ff_n40C_1v95: 0
%OL_END_REPORT
%OL_CREATE_REPORT wns.max.rpt

===========================================================================
Worst Negative Slack (Setup)
============================================================================
%OL_METRIC_F timing__setup__wns__corner:min_ff_n40C_1v95 0.0
min_ff_n40C_1v95: 0.0
%OL_END_REPORT
%OL_CREATE_REPORT violator_list.rpt

===========================================================================
Violator List
============================================================================
%OL_METRIC_I timing__hold_vio__count__corner:min_ff_n40C_1v95 0
%OL_METRIC_F timing__hold_r2r__ws__corner:min_ff_n40C_1v95 0.105928
%OL_METRIC_I timing__hold_r2r_vio__count__corner:min_ff_n40C_1v95 0
%OL_METRIC_I timing__setup_vio__count__corner:min_ff_n40C_1v95 0
%OL_METRIC_F timing__setup_r2r__ws__corner:min_ff_n40C_1v95 18.966829
%OL_METRIC_I timing__setup_r2r_vio__count__corner:min_ff_n40C_1v95 0
%OL_END_REPORT
%OL_CREATE_REPORT unpropagated.rpt
%OL_END_REPORT
%OL_CREATE_REPORT clock.rpt
Clock: clk
Sources: clk 
Generated: no
Virtual: yes
Propagated: no
Period: 20.000000

===========================================================================
report_clock_properties
============================================================================
Clock                   Period          Waveform
----------------------------------------------------
clk                  20.000000    0.000000 10.000000

===========================================================================
report_clock_latency
============================================================================
Clock clk
rise -> rise
    min     max
0.000000 0.000000 source latency
0.195587         network latency _26_/CLK
        0.196221 network latency _28_/CLK
---------------
0.195587 0.196221 latency
        0.000633 skew

fall -> fall
    min     max
0.000000 0.000000 source latency
0.192974         network latency _26_/CLK
        0.193523 network latency _28_/CLK
---------------
0.192974 0.193523 latency
        0.000549 skew



===========================================================================
report_clock_min_period
============================================================================
clk period_min = 1.03 fmax = 967.89
%OL_END_REPORT
Writing SDF files for all corners…
Removing Clock latencies before writing libs…
Writing timing models for all corners…
Writing timing models for the min_ff_n40C_1v95 corner to /workspaces/tt-verilog-test-counter/runs/wokwi/54-openroad-stapostpnr/min_ff_n40C_1v95/tt_um_josue_olivos_6bit_counter__min_ff_n40C_1v95.lib…
