Reading timing models for corner nom_ss_100C_1v60…
Reading cell library for the 'nom_ss_100C_1v60' corner at '/home/vscode/ttsetup/pdk/ciel/sky130/versions/0fe599b2afb6708d281543108caf8310912f54af/sky130A/libs.ref/sky130_fd_sc_hd/lib/sky130_fd_sc_hd__ss_100C_1v60.lib'…
Reading top-level netlist at '/workspaces/tt-verilog-test-counter/runs/wokwi/51-openroad-fillinsertion/tt_um_josue_olivos_6bit_counter.nl.v'…
Linking design 'tt_um_josue_olivos_6bit_counter' from netlist…
Warning: /workspaces/tt-verilog-test-counter/runs/wokwi/51-openroad-fillinsertion/tt_um_josue_olivos_6bit_counter.nl.v line 213, module sky130_fd_sc_hd__tapvpwrvgnd_1 not found. Creating black box for TAP_TAPCELL_ROW_0_78.
Warning: /workspaces/tt-verilog-test-counter/runs/wokwi/51-openroad-fillinsertion/tt_um_josue_olivos_6bit_counter.nl.v line 445, module sky130_ef_sc_hd__decap_12 not found. Creating black box for FILLER_0_3.
Warning: /workspaces/tt-verilog-test-counter/runs/wokwi/51-openroad-fillinsertion/tt_um_josue_olivos_6bit_counter.nl.v line 447, module sky130_fd_sc_hd__fill_1 not found. Creating black box for FILLER_0_27.
Warning: /workspaces/tt-verilog-test-counter/runs/wokwi/51-openroad-fillinsertion/tt_um_josue_olivos_6bit_counter.nl.v line 480, module sky130_fd_sc_hd__fill_2 not found. Creating black box for FILLER_0_333.
Reading design constraints file at '/nix/store/pqxyc4xmydcs5adig47yyc29r3svp5nx-python3-3.11.9-env/lib/python3.11/site-packages/librelane/scripts/base.sdc'…
[INFO] Using clock clk…
[INFO] Setting output delay to: 4
[INFO] Setting input delay to: 4
[INFO] Setting load to: 0.033442
[INFO] Setting clock uncertainty to: 0.25
[INFO] Setting clock transition to: 0.1499999999999999944488848768742172978818416595458984375
[INFO] Setting timing derate to: 5%
Reading top-level design parasitics for the 'nom_ss_100C_1v60' corner at '/workspaces/tt-verilog-test-counter/runs/wokwi/53-openroad-rcx/nom/tt_um_josue_olivos_6bit_counter.nom.spef'…
%OL_CREATE_REPORT min.rpt

===========================================================================
report_checks -path_delay min (Hold)
============================================================================
======================= nom_ss_100C_1v60 Corner ===================================

Startpoint: _24_ (rising edge-triggered flip-flop clocked by clk)
Endpoint: _24_ (rising edge-triggered flip-flop clocked by clk)
Path Group: clk
Path Type: min

Fanout         Cap        Slew       Delay        Time   Description
---------------------------------------------------------------------------------------------
                                  0.000000    0.000000   clock clk (rise edge)
                                  0.000000    0.000000   clock source latency
     1    0.012622    0.099124    0.065588    0.065588 ^ clk (in)
                                                         clk (net)
                      0.099127    0.000000    0.065588 ^ clkbuf_0_clk/A (sky130_fd_sc_hd__clkbuf_16)
     2    0.018876    0.066027    0.233221    0.298809 ^ clkbuf_0_clk/X (sky130_fd_sc_hd__clkbuf_16)
                                                         clknet_0_clk (net)
                      0.066027    0.000473    0.299282 ^ clkbuf_1_1__f_clk/A (sky130_fd_sc_hd__clkbuf_16)
     3    0.008208    0.052108    0.202383    0.501666 ^ clkbuf_1_1__f_clk/X (sky130_fd_sc_hd__clkbuf_16)
                                                         clknet_1_1__leaf_clk (net)
                      0.052108    0.000221    0.501886 ^ _24_/CLK (sky130_fd_sc_hd__dfrtp_4)
     6    0.049302    0.270370    0.973128    1.475014 ^ _24_/Q (sky130_fd_sc_hd__dfrtp_4)
                                                         uo_out[0] (net)
                      0.270370    0.001004    1.476018 ^ _12_/A (sky130_fd_sc_hd__inv_2)
     1    0.002457    0.052662    0.104410    1.580428 v _12_/Y (sky130_fd_sc_hd__inv_2)
                                                         _00_ (net)
                      0.052662    0.000071    1.580499 v _24_/D (sky130_fd_sc_hd__dfrtp_4)
                                              1.580499   data arrival time

                                  0.000000    0.000000   clock clk (rise edge)
                                  0.000000    0.000000   clock source latency
     1    0.012622    0.099124    0.065588    0.065588 ^ clk (in)
                                                         clk (net)
                      0.099127    0.000000    0.065588 ^ clkbuf_0_clk/A (sky130_fd_sc_hd__clkbuf_16)
     2    0.018876    0.066027    0.233221    0.298809 ^ clkbuf_0_clk/X (sky130_fd_sc_hd__clkbuf_16)
                                                         clknet_0_clk (net)
                      0.066027    0.000473    0.299282 ^ clkbuf_1_1__f_clk/A (sky130_fd_sc_hd__clkbuf_16)
     3    0.008208    0.052108    0.202383    0.501666 ^ clkbuf_1_1__f_clk/X (sky130_fd_sc_hd__clkbuf_16)
                                                         clknet_1_1__leaf_clk (net)
                      0.052108    0.000221    0.501886 ^ _24_/CLK (sky130_fd_sc_hd__dfrtp_4)
                                  0.250000    0.751886   clock uncertainty
                                  0.000000    0.751886   clock reconvergence pessimism
                                 -0.089499    0.662387   library hold time
                                              0.662387   data required time
---------------------------------------------------------------------------------------------
                                              0.662387   data required time
                                             -1.580499   data arrival time
---------------------------------------------------------------------------------------------
                                              0.918113   slack (MET)


Startpoint: _29_ (rising edge-triggered flip-flop clocked by clk)
Endpoint: _29_ (rising edge-triggered flip-flop clocked by clk)
Path Group: clk
Path Type: min

Fanout         Cap        Slew       Delay        Time   Description
---------------------------------------------------------------------------------------------
                                  0.000000    0.000000   clock clk (rise edge)
                                  0.000000    0.000000   clock source latency
     1    0.012622    0.099124    0.065588    0.065588 ^ clk (in)
                                                         clk (net)
                      0.099127    0.000000    0.065588 ^ clkbuf_0_clk/A (sky130_fd_sc_hd__clkbuf_16)
     2    0.018876    0.066027    0.233221    0.298809 ^ clkbuf_0_clk/X (sky130_fd_sc_hd__clkbuf_16)
                                                         clknet_0_clk (net)
                      0.066027    0.000466    0.299275 ^ clkbuf_1_0__f_clk/A (sky130_fd_sc_hd__clkbuf_16)
     3    0.009190    0.053717    0.204233    0.503508 ^ clkbuf_1_0__f_clk/X (sky130_fd_sc_hd__clkbuf_16)
                                                         clknet_1_0__leaf_clk (net)
                      0.053717    0.000165    0.503673 ^ _29_/CLK (sky130_fd_sc_hd__dfrtp_4)
     2    0.039713    0.232631    0.941148    1.444821 ^ _29_/Q (sky130_fd_sc_hd__dfrtp_4)
                                                         uo_out[5] (net)
                      0.232631    0.000669    1.445490 ^ _23_/A (sky130_fd_sc_hd__xnor2_1)
     1    0.004990    0.104401    0.223253    1.668743 v _23_/Y (sky130_fd_sc_hd__xnor2_1)
                                                         _05_ (net)
                      0.104401    0.000170    1.668913 v _29_/D (sky130_fd_sc_hd__dfrtp_4)
                                              1.668913   data arrival time

                                  0.000000    0.000000   clock clk (rise edge)
                                  0.000000    0.000000   clock source latency
     1    0.012622    0.099124    0.065588    0.065588 ^ clk (in)
                                                         clk (net)
                      0.099127    0.000000    0.065588 ^ clkbuf_0_clk/A (sky130_fd_sc_hd__clkbuf_16)
     2    0.018876    0.066027    0.233221    0.298809 ^ clkbuf_0_clk/X (sky130_fd_sc_hd__clkbuf_16)
                                                         clknet_0_clk (net)
                      0.066027    0.000466    0.299275 ^ clkbuf_1_0__f_clk/A (sky130_fd_sc_hd__clkbuf_16)
     3    0.009190    0.053717    0.204233    0.503508 ^ clkbuf_1_0__f_clk/X (sky130_fd_sc_hd__clkbuf_16)
                                                         clknet_1_0__leaf_clk (net)
                      0.053717    0.000165    0.503673 ^ _29_/CLK (sky130_fd_sc_hd__dfrtp_4)
                                  0.250000    0.753673   clock uncertainty
                                  0.000000    0.753673   clock reconvergence pessimism
                                 -0.108091    0.645582   library hold time
                                              0.645582   data required time
---------------------------------------------------------------------------------------------
                                              0.645582   data required time
                                             -1.668913   data arrival time
---------------------------------------------------------------------------------------------
                                              1.023331   slack (MET)


Startpoint: _26_ (rising edge-triggered flip-flop clocked by clk)
Endpoint: _26_ (rising edge-triggered flip-flop clocked by clk)
Path Group: clk
Path Type: min

Fanout         Cap        Slew       Delay        Time   Description
---------------------------------------------------------------------------------------------
                                  0.000000    0.000000   clock clk (rise edge)
                                  0.000000    0.000000   clock source latency
     1    0.012622    0.099124    0.065588    0.065588 ^ clk (in)
                                                         clk (net)
                      0.099127    0.000000    0.065588 ^ clkbuf_0_clk/A (sky130_fd_sc_hd__clkbuf_16)
     2    0.018876    0.066027    0.233221    0.298809 ^ clkbuf_0_clk/X (sky130_fd_sc_hd__clkbuf_16)
                                                         clknet_0_clk (net)
                      0.066027    0.000473    0.299282 ^ clkbuf_1_1__f_clk/A (sky130_fd_sc_hd__clkbuf_16)
     3    0.008208    0.052108    0.202383    0.501666 ^ clkbuf_1_1__f_clk/X (sky130_fd_sc_hd__clkbuf_16)
                                                         clknet_1_1__leaf_clk (net)
                      0.052108    0.000189    0.501855 ^ _26_/CLK (sky130_fd_sc_hd__dfrtp_4)
     4    0.048461    0.267424    0.969320    1.471175 ^ _26_/Q (sky130_fd_sc_hd__dfrtp_4)
                                                         uo_out[2] (net)
                      0.267430    0.001776    1.472951 ^ _16_/A (sky130_fd_sc_hd__xnor2_1)
     1    0.003339    0.081328    0.214250    1.687201 v _16_/Y (sky130_fd_sc_hd__xnor2_1)
                                                         _02_ (net)
                      0.081328    0.000099    1.687300 v _26_/D (sky130_fd_sc_hd__dfrtp_4)
                                              1.687300   data arrival time

                                  0.000000    0.000000   clock clk (rise edge)
                                  0.000000    0.000000   clock source latency
     1    0.012622    0.099124    0.065588    0.065588 ^ clk (in)
                                                         clk (net)
                      0.099127    0.000000    0.065588 ^ clkbuf_0_clk/A (sky130_fd_sc_hd__clkbuf_16)
     2    0.018876    0.066027    0.233221    0.298809 ^ clkbuf_0_clk/X (sky130_fd_sc_hd__clkbuf_16)
                                                         clknet_0_clk (net)
                      0.066027    0.000473    0.299282 ^ clkbuf_1_1__f_clk/A (sky130_fd_sc_hd__clkbuf_16)
     3    0.008208    0.052108    0.202383    0.501666 ^ clkbuf_1_1__f_clk/X (sky130_fd_sc_hd__clkbuf_16)
                                                         clknet_1_1__leaf_clk (net)
                      0.052108    0.000189    0.501855 ^ _26_/CLK (sky130_fd_sc_hd__dfrtp_4)
                                  0.250000    0.751855   clock uncertainty
                                  0.000000    0.751855   clock reconvergence pessimism
                                 -0.100016    0.651838   library hold time
                                              0.651838   data required time
---------------------------------------------------------------------------------------------
                                              0.651838   data required time
                                             -1.687300   data arrival time
---------------------------------------------------------------------------------------------
                                              1.035461   slack (MET)


Startpoint: _28_ (rising edge-triggered flip-flop clocked by clk)
Endpoint: _28_ (rising edge-triggered flip-flop clocked by clk)
Path Group: clk
Path Type: min

Fanout         Cap        Slew       Delay        Time   Description
---------------------------------------------------------------------------------------------
                                  0.000000    0.000000   clock clk (rise edge)
                                  0.000000    0.000000   clock source latency
     1    0.012622    0.099124    0.065588    0.065588 ^ clk (in)
                                                         clk (net)
                      0.099127    0.000000    0.065588 ^ clkbuf_0_clk/A (sky130_fd_sc_hd__clkbuf_16)
     2    0.018876    0.066027    0.233221    0.298809 ^ clkbuf_0_clk/X (sky130_fd_sc_hd__clkbuf_16)
                                                         clknet_0_clk (net)
                      0.066027    0.000466    0.299275 ^ clkbuf_1_0__f_clk/A (sky130_fd_sc_hd__clkbuf_16)
     3    0.009190    0.053717    0.204233    0.503508 ^ clkbuf_1_0__f_clk/X (sky130_fd_sc_hd__clkbuf_16)
                                                         clknet_1_0__leaf_clk (net)
                      0.053717    0.000312    0.503820 ^ _28_/CLK (sky130_fd_sc_hd__dfrtp_4)
     3    0.040829    0.237055    0.944766    1.448586 ^ _28_/Q (sky130_fd_sc_hd__dfrtp_4)
                                                         uo_out[4] (net)
                      0.237055    0.000972    1.449558 ^ _21_/A (sky130_fd_sc_hd__or2_1)
     1    0.001793    0.053293    0.225509    1.675067 ^ _21_/X (sky130_fd_sc_hd__or2_1)
                                                         _11_ (net)
                      0.053293    0.000036    1.675102 ^ _22_/B (sky130_fd_sc_hd__and2_1)
     1    0.002500    0.075591    0.215536    1.890638 ^ _22_/X (sky130_fd_sc_hd__and2_1)
                                                         _04_ (net)
                      0.075591    0.000073    1.890711 ^ _28_/D (sky130_fd_sc_hd__dfrtp_4)
                                              1.890711   data arrival time

                                  0.000000    0.000000   clock clk (rise edge)
                                  0.000000    0.000000   clock source latency
     1    0.012622    0.099124    0.065588    0.065588 ^ clk (in)
                                                         clk (net)
                      0.099127    0.000000    0.065588 ^ clkbuf_0_clk/A (sky130_fd_sc_hd__clkbuf_16)
     2    0.018876    0.066027    0.233221    0.298809 ^ clkbuf_0_clk/X (sky130_fd_sc_hd__clkbuf_16)
                                                         clknet_0_clk (net)
                      0.066027    0.000466    0.299275 ^ clkbuf_1_0__f_clk/A (sky130_fd_sc_hd__clkbuf_16)
     3    0.009190    0.053717    0.204233    0.503508 ^ clkbuf_1_0__f_clk/X (sky130_fd_sc_hd__clkbuf_16)
                                                         clknet_1_0__leaf_clk (net)
                      0.053717    0.000312    0.503820 ^ _28_/CLK (sky130_fd_sc_hd__dfrtp_4)
                                  0.250000    0.753820   clock uncertainty
                                  0.000000    0.753820   clock reconvergence pessimism
                                 -0.082687    0.671132   library hold time
                                              0.671132   data required time
---------------------------------------------------------------------------------------------
                                              0.671132   data required time
                                             -1.890711   data arrival time
---------------------------------------------------------------------------------------------
                                              1.219579   slack (MET)


Startpoint: _27_ (rising edge-triggered flip-flop clocked by clk)
Endpoint: _27_ (rising edge-triggered flip-flop clocked by clk)
Path Group: clk
Path Type: min

Fanout         Cap        Slew       Delay        Time   Description
---------------------------------------------------------------------------------------------
                                  0.000000    0.000000   clock clk (rise edge)
                                  0.000000    0.000000   clock source latency
     1    0.012622    0.099124    0.065588    0.065588 ^ clk (in)
                                                         clk (net)
                      0.099127    0.000000    0.065588 ^ clkbuf_0_clk/A (sky130_fd_sc_hd__clkbuf_16)
     2    0.018876    0.066027    0.233221    0.298809 ^ clkbuf_0_clk/X (sky130_fd_sc_hd__clkbuf_16)
                                                         clknet_0_clk (net)
                      0.066027    0.000466    0.299275 ^ clkbuf_1_0__f_clk/A (sky130_fd_sc_hd__clkbuf_16)
     3    0.009190    0.053717    0.204233    0.503508 ^ clkbuf_1_0__f_clk/X (sky130_fd_sc_hd__clkbuf_16)
                                                         clknet_1_0__leaf_clk (net)
                      0.053717    0.000263    0.503771 ^ _27_/CLK (sky130_fd_sc_hd__dfrtp_4)
     3    0.041098    0.238096    0.945701    1.449472 ^ _27_/Q (sky130_fd_sc_hd__dfrtp_4)
                                                         uo_out[3] (net)
                      0.238096    0.000920    1.450392 ^ _18_/B1 (sky130_fd_sc_hd__a31o_1)
     1    0.002955    0.074536    0.232474    1.682867 ^ _18_/X (sky130_fd_sc_hd__a31o_1)
                                                         _09_ (net)
                      0.074536    0.000085    1.682952 ^ _19_/B (sky130_fd_sc_hd__and2b_1)
     1    0.002625    0.069185    0.224631    1.907583 ^ _19_/X (sky130_fd_sc_hd__and2b_1)
                                                         _03_ (net)
                      0.069185    0.000078    1.907661 ^ _27_/D (sky130_fd_sc_hd__dfrtp_4)
                                              1.907661   data arrival time

                                  0.000000    0.000000   clock clk (rise edge)
                                  0.000000    0.000000   clock source latency
     1    0.012622    0.099124    0.065588    0.065588 ^ clk (in)
                                                         clk (net)
                      0.099127    0.000000    0.065588 ^ clkbuf_0_clk/A (sky130_fd_sc_hd__clkbuf_16)
     2    0.018876    0.066027    0.233221    0.298809 ^ clkbuf_0_clk/X (sky130_fd_sc_hd__clkbuf_16)
                                                         clknet_0_clk (net)
                      0.066027    0.000466    0.299275 ^ clkbuf_1_0__f_clk/A (sky130_fd_sc_hd__clkbuf_16)
     3    0.009190    0.053717    0.204233    0.503508 ^ clkbuf_1_0__f_clk/X (sky130_fd_sc_hd__clkbuf_16)
                                                         clknet_1_0__leaf_clk (net)
                      0.053717    0.000263    0.503771 ^ _27_/CLK (sky130_fd_sc_hd__dfrtp_4)
                                  0.250000    0.753771   clock uncertainty
                                  0.000000    0.753771   clock reconvergence pessimism
                                 -0.081225    0.672546   library hold time
                                              0.672546   data required time
---------------------------------------------------------------------------------------------
                                              0.672546   data required time
                                             -1.907661   data arrival time
---------------------------------------------------------------------------------------------
                                              1.235114   slack (MET)


Startpoint: _25_ (rising edge-triggered flip-flop clocked by clk)
Endpoint: _25_ (rising edge-triggered flip-flop clocked by clk)
Path Group: clk
Path Type: min

Fanout         Cap        Slew       Delay        Time   Description
---------------------------------------------------------------------------------------------
                                  0.000000    0.000000   clock clk (rise edge)
                                  0.000000    0.000000   clock source latency
     1    0.012622    0.099124    0.065588    0.065588 ^ clk (in)
                                                         clk (net)
                      0.099127    0.000000    0.065588 ^ clkbuf_0_clk/A (sky130_fd_sc_hd__clkbuf_16)
     2    0.018876    0.066027    0.233221    0.298809 ^ clkbuf_0_clk/X (sky130_fd_sc_hd__clkbuf_16)
                                                         clknet_0_clk (net)
                      0.066027    0.000473    0.299282 ^ clkbuf_1_1__f_clk/A (sky130_fd_sc_hd__clkbuf_16)
     3    0.008208    0.052108    0.202383    0.501666 ^ clkbuf_1_1__f_clk/X (sky130_fd_sc_hd__clkbuf_16)
                                                         clknet_1_1__leaf_clk (net)
                      0.052108    0.000191    0.501856 ^ _25_/CLK (sky130_fd_sc_hd__dfrtp_4)
     5    0.044782    0.252646    0.957310    1.459166 ^ _25_/Q (sky130_fd_sc_hd__dfrtp_4)
                                                         uo_out[1] (net)
                      0.252646    0.001071    1.460237 ^ _14_/A (sky130_fd_sc_hd__or2_1)
     1    0.001727    0.053277    0.229860    1.690097 ^ _14_/X (sky130_fd_sc_hd__or2_1)
                                                         _07_ (net)
                      0.053277    0.000034    1.690131 ^ _15_/B (sky130_fd_sc_hd__and2_1)
     1    0.003582    0.089390    0.229246    1.919377 ^ _15_/X (sky130_fd_sc_hd__and2_1)
                                                         _01_ (net)
                      0.089390    0.000117    1.919494 ^ _25_/D (sky130_fd_sc_hd__dfrtp_4)
                                              1.919494   data arrival time

                                  0.000000    0.000000   clock clk (rise edge)
                                  0.000000    0.000000   clock source latency
     1    0.012622    0.099124    0.065588    0.065588 ^ clk (in)
                                                         clk (net)
                      0.099127    0.000000    0.065588 ^ clkbuf_0_clk/A (sky130_fd_sc_hd__clkbuf_16)
     2    0.018876    0.066027    0.233221    0.298809 ^ clkbuf_0_clk/X (sky130_fd_sc_hd__clkbuf_16)
                                                         clknet_0_clk (net)
                      0.066027    0.000473    0.299282 ^ clkbuf_1_1__f_clk/A (sky130_fd_sc_hd__clkbuf_16)
     3    0.008208    0.052108    0.202383    0.501666 ^ clkbuf_1_1__f_clk/X (sky130_fd_sc_hd__clkbuf_16)
                                                         clknet_1_1__leaf_clk (net)
                      0.052108    0.000191    0.501856 ^ _25_/CLK (sky130_fd_sc_hd__dfrtp_4)
                                  0.250000    0.751856   clock uncertainty
                                  0.000000    0.751856   clock reconvergence pessimism
                                 -0.086104    0.665753   library hold time
                                              0.665753   data required time
---------------------------------------------------------------------------------------------
                                              0.665753   data required time
                                             -1.919494   data arrival time
---------------------------------------------------------------------------------------------
                                              1.253742   slack (MET)


Startpoint: rst_n (input port clocked by clk)
Endpoint: _27_ (removal check against rising-edge clock clk)
Path Group: asynchronous
Path Type: min

Fanout         Cap        Slew       Delay        Time   Description
---------------------------------------------------------------------------------------------
                                  0.000000    0.000000   clock clk (rise edge)
                                  0.000000    0.000000   clock network delay (propagated)
                                  4.000000    4.000000 ^ input external delay
     1    0.002255    0.028657    0.012921    4.012921 ^ rst_n (in)
                                                         rst_n (net)
                      0.028657    0.000000    4.012921 ^ input1/A (sky130_fd_sc_hd__buf_2)
     6    0.031722    0.253388    0.310317    4.323238 ^ input1/X (sky130_fd_sc_hd__buf_2)
                                                         net1 (net)
                      0.253489    0.002070    4.325308 ^ _27_/RESET_B (sky130_fd_sc_hd__dfrtp_4)
                                              4.325308   data arrival time

                                  0.000000    0.000000   clock clk (rise edge)
                                  0.000000    0.000000   clock source latency
     1    0.012622    0.099124    0.065588    0.065588 ^ clk (in)
                                                         clk (net)
                      0.099127    0.000000    0.065588 ^ clkbuf_0_clk/A (sky130_fd_sc_hd__clkbuf_16)
     2    0.018876    0.066027    0.233221    0.298809 ^ clkbuf_0_clk/X (sky130_fd_sc_hd__clkbuf_16)
                                                         clknet_0_clk (net)
                      0.066027    0.000466    0.299275 ^ clkbuf_1_0__f_clk/A (sky130_fd_sc_hd__clkbuf_16)
     3    0.009190    0.053717    0.204233    0.503508 ^ clkbuf_1_0__f_clk/X (sky130_fd_sc_hd__clkbuf_16)
                                                         clknet_1_0__leaf_clk (net)
                      0.053717    0.000263    0.503771 ^ _27_/CLK (sky130_fd_sc_hd__dfrtp_4)
                                  0.250000    0.753771   clock uncertainty
                                  0.000000    0.753771   clock reconvergence pessimism
                                  0.710560    1.464330   library removal time
                                              1.464330   data required time
---------------------------------------------------------------------------------------------
                                              1.464330   data required time
                                             -4.325308   data arrival time
---------------------------------------------------------------------------------------------
                                              2.860978   slack (MET)


Startpoint: rst_n (input port clocked by clk)
Endpoint: _28_ (removal check against rising-edge clock clk)
Path Group: asynchronous
Path Type: min

Fanout         Cap        Slew       Delay        Time   Description
---------------------------------------------------------------------------------------------
                                  0.000000    0.000000   clock clk (rise edge)
                                  0.000000    0.000000   clock network delay (propagated)
                                  4.000000    4.000000 ^ input external delay
     1    0.002255    0.028657    0.012921    4.012921 ^ rst_n (in)
                                                         rst_n (net)
                      0.028657    0.000000    4.012921 ^ input1/A (sky130_fd_sc_hd__buf_2)
     6    0.031722    0.253388    0.310317    4.323238 ^ input1/X (sky130_fd_sc_hd__buf_2)
                                                         net1 (net)
                      0.253493    0.002197    4.325435 ^ _28_/RESET_B (sky130_fd_sc_hd__dfrtp_4)
                                              4.325435   data arrival time

                                  0.000000    0.000000   clock clk (rise edge)
                                  0.000000    0.000000   clock source latency
     1    0.012622    0.099124    0.065588    0.065588 ^ clk (in)
                                                         clk (net)
                      0.099127    0.000000    0.065588 ^ clkbuf_0_clk/A (sky130_fd_sc_hd__clkbuf_16)
     2    0.018876    0.066027    0.233221    0.298809 ^ clkbuf_0_clk/X (sky130_fd_sc_hd__clkbuf_16)
                                                         clknet_0_clk (net)
                      0.066027    0.000466    0.299275 ^ clkbuf_1_0__f_clk/A (sky130_fd_sc_hd__clkbuf_16)
     3    0.009190    0.053717    0.204233    0.503508 ^ clkbuf_1_0__f_clk/X (sky130_fd_sc_hd__clkbuf_16)
                                                         clknet_1_0__leaf_clk (net)
                      0.053717    0.000312    0.503820 ^ _28_/CLK (sky130_fd_sc_hd__dfrtp_4)
                                  0.250000    0.753820   clock uncertainty
                                  0.000000    0.753820   clock reconvergence pessimism
                                  0.710560    1.464380   library removal time
                                              1.464380   data required time
---------------------------------------------------------------------------------------------
                                              1.464380   data required time
                                             -4.325435   data arrival time
---------------------------------------------------------------------------------------------
                                              2.861055   slack (MET)


Startpoint: rst_n (input port clocked by clk)
Endpoint: _29_ (removal check against rising-edge clock clk)
Path Group: asynchronous
Path Type: min

Fanout         Cap        Slew       Delay        Time   Description
---------------------------------------------------------------------------------------------
                                  0.000000    0.000000   clock clk (rise edge)
                                  0.000000    0.000000   clock network delay (propagated)
                                  4.000000    4.000000 ^ input external delay
     1    0.002255    0.028657    0.012921    4.012921 ^ rst_n (in)
                                                         rst_n (net)
                      0.028657    0.000000    4.012921 ^ input1/A (sky130_fd_sc_hd__buf_2)
     6    0.031722    0.253388    0.310317    4.323238 ^ input1/X (sky130_fd_sc_hd__buf_2)
                                                         net1 (net)
                      0.253493    0.002200    4.325438 ^ _29_/RESET_B (sky130_fd_sc_hd__dfrtp_4)
                                              4.325438   data arrival time

                                  0.000000    0.000000   clock clk (rise edge)
                                  0.000000    0.000000   clock source latency
     1    0.012622    0.099124    0.065588    0.065588 ^ clk (in)
                                                         clk (net)
                      0.099127    0.000000    0.065588 ^ clkbuf_0_clk/A (sky130_fd_sc_hd__clkbuf_16)
     2    0.018876    0.066027    0.233221    0.298809 ^ clkbuf_0_clk/X (sky130_fd_sc_hd__clkbuf_16)
                                                         clknet_0_clk (net)
                      0.066027    0.000466    0.299275 ^ clkbuf_1_0__f_clk/A (sky130_fd_sc_hd__clkbuf_16)
     3    0.009190    0.053717    0.204233    0.503508 ^ clkbuf_1_0__f_clk/X (sky130_fd_sc_hd__clkbuf_16)
                                                         clknet_1_0__leaf_clk (net)
                      0.053717    0.000165    0.503673 ^ _29_/CLK (sky130_fd_sc_hd__dfrtp_4)
                                  0.250000    0.753673   clock uncertainty
                                  0.000000    0.753673   clock reconvergence pessimism
                                  0.710560    1.464233   library removal time
                                              1.464233   data required time
---------------------------------------------------------------------------------------------
                                              1.464233   data required time
                                             -4.325438   data arrival time
---------------------------------------------------------------------------------------------
                                              2.861205   slack (MET)


Startpoint: rst_n (input port clocked by clk)
Endpoint: _26_ (removal check against rising-edge clock clk)
Path Group: asynchronous
Path Type: min

Fanout         Cap        Slew       Delay        Time   Description
---------------------------------------------------------------------------------------------
                                  0.000000    0.000000   clock clk (rise edge)
                                  0.000000    0.000000   clock network delay (propagated)
                                  4.000000    4.000000 ^ input external delay
     1    0.002255    0.028657    0.012921    4.012921 ^ rst_n (in)
                                                         rst_n (net)
                      0.028657    0.000000    4.012921 ^ input1/A (sky130_fd_sc_hd__buf_2)
     6    0.031722    0.253388    0.310317    4.323238 ^ input1/X (sky130_fd_sc_hd__buf_2)
                                                         net1 (net)
                      0.253471    0.001072    4.324310 ^ _26_/RESET_B (sky130_fd_sc_hd__dfrtp_4)
                                              4.324310   data arrival time

                                  0.000000    0.000000   clock clk (rise edge)
                                  0.000000    0.000000   clock source latency
     1    0.012622    0.099124    0.065588    0.065588 ^ clk (in)
                                                         clk (net)
                      0.099127    0.000000    0.065588 ^ clkbuf_0_clk/A (sky130_fd_sc_hd__clkbuf_16)
     2    0.018876    0.066027    0.233221    0.298809 ^ clkbuf_0_clk/X (sky130_fd_sc_hd__clkbuf_16)
                                                         clknet_0_clk (net)
                      0.066027    0.000473    0.299282 ^ clkbuf_1_1__f_clk/A (sky130_fd_sc_hd__clkbuf_16)
     3    0.008208    0.052108    0.202383    0.501666 ^ clkbuf_1_1__f_clk/X (sky130_fd_sc_hd__clkbuf_16)
                                                         clknet_1_1__leaf_clk (net)
                      0.052108    0.000189    0.501855 ^ _26_/CLK (sky130_fd_sc_hd__dfrtp_4)
                                  0.250000    0.751855   clock uncertainty
                                  0.000000    0.751855   clock reconvergence pessimism
                                  0.710071    1.461926   library removal time
                                              1.461926   data required time
---------------------------------------------------------------------------------------------
                                              1.461926   data required time
                                             -4.324310   data arrival time
---------------------------------------------------------------------------------------------
                                              2.862384   slack (MET)


Startpoint: rst_n (input port clocked by clk)
Endpoint: _25_ (removal check against rising-edge clock clk)
Path Group: asynchronous
Path Type: min

Fanout         Cap        Slew       Delay        Time   Description
---------------------------------------------------------------------------------------------
                                  0.000000    0.000000   clock clk (rise edge)
                                  0.000000    0.000000   clock network delay (propagated)
                                  4.000000    4.000000 ^ input external delay
     1    0.002255    0.028657    0.012921    4.012921 ^ rst_n (in)
                                                         rst_n (net)
                      0.028657    0.000000    4.012921 ^ input1/A (sky130_fd_sc_hd__buf_2)
     6    0.031722    0.253388    0.310317    4.323238 ^ input1/X (sky130_fd_sc_hd__buf_2)
                                                         net1 (net)
                      0.253475    0.001357    4.324595 ^ _25_/RESET_B (sky130_fd_sc_hd__dfrtp_4)
                                              4.324595   data arrival time

                                  0.000000    0.000000   clock clk (rise edge)
                                  0.000000    0.000000   clock source latency
     1    0.012622    0.099124    0.065588    0.065588 ^ clk (in)
                                                         clk (net)
                      0.099127    0.000000    0.065588 ^ clkbuf_0_clk/A (sky130_fd_sc_hd__clkbuf_16)
     2    0.018876    0.066027    0.233221    0.298809 ^ clkbuf_0_clk/X (sky130_fd_sc_hd__clkbuf_16)
                                                         clknet_0_clk (net)
                      0.066027    0.000473    0.299282 ^ clkbuf_1_1__f_clk/A (sky130_fd_sc_hd__clkbuf_16)
     3    0.008208    0.052108    0.202383    0.501666 ^ clkbuf_1_1__f_clk/X (sky130_fd_sc_hd__clkbuf_16)
                                                         clknet_1_1__leaf_clk (net)
                      0.052108    0.000191    0.501856 ^ _25_/CLK (sky130_fd_sc_hd__dfrtp_4)
                                  0.250000    0.751856   clock uncertainty
                                  0.000000    0.751856   clock reconvergence pessimism
                                  0.710072    1.461928   library removal time
                                              1.461928   data required time
---------------------------------------------------------------------------------------------
                                              1.461928   data required time
                                             -4.324595   data arrival time
---------------------------------------------------------------------------------------------
                                              2.862667   slack (MET)


Startpoint: rst_n (input port clocked by clk)
Endpoint: _24_ (removal check against rising-edge clock clk)
Path Group: asynchronous
Path Type: min

Fanout         Cap        Slew       Delay        Time   Description
---------------------------------------------------------------------------------------------
                                  0.000000    0.000000   clock clk (rise edge)
                                  0.000000    0.000000   clock network delay (propagated)
                                  4.000000    4.000000 ^ input external delay
     1    0.002255    0.028657    0.012921    4.012921 ^ rst_n (in)
                                                         rst_n (net)
                      0.028657    0.000000    4.012921 ^ input1/A (sky130_fd_sc_hd__buf_2)
     6    0.031722    0.253388    0.310317    4.323238 ^ input1/X (sky130_fd_sc_hd__buf_2)
                                                         net1 (net)
                      0.253485    0.001886    4.325124 ^ _24_/RESET_B (sky130_fd_sc_hd__dfrtp_4)
                                              4.325124   data arrival time

                                  0.000000    0.000000   clock clk (rise edge)
                                  0.000000    0.000000   clock source latency
     1    0.012622    0.099124    0.065588    0.065588 ^ clk (in)
                                                         clk (net)
                      0.099127    0.000000    0.065588 ^ clkbuf_0_clk/A (sky130_fd_sc_hd__clkbuf_16)
     2    0.018876    0.066027    0.233221    0.298809 ^ clkbuf_0_clk/X (sky130_fd_sc_hd__clkbuf_16)
                                                         clknet_0_clk (net)
                      0.066027    0.000473    0.299282 ^ clkbuf_1_1__f_clk/A (sky130_fd_sc_hd__clkbuf_16)
     3    0.008208    0.052108    0.202383    0.501666 ^ clkbuf_1_1__f_clk/X (sky130_fd_sc_hd__clkbuf_16)
                                                         clknet_1_1__leaf_clk (net)
                      0.052108    0.000221    0.501886 ^ _24_/CLK (sky130_fd_sc_hd__dfrtp_4)
                                  0.250000    0.751886   clock uncertainty
                                  0.000000    0.751886   clock reconvergence pessimism
                                  0.710075    1.461961   library removal time
                                              1.461961   data required time
---------------------------------------------------------------------------------------------
                                              1.461961   data required time
                                             -4.325124   data arrival time
---------------------------------------------------------------------------------------------
                                              2.863163   slack (MET)


Startpoint: _29_ (rising edge-triggered flip-flop clocked by clk)
Endpoint: uo_out[5] (output port clocked by clk)
Path Group: clk
Path Type: min

Fanout         Cap        Slew       Delay        Time   Description
---------------------------------------------------------------------------------------------
                                  0.000000    0.000000   clock clk (rise edge)
                                  0.000000    0.000000   clock source latency
     1    0.012622    0.099124    0.065588    0.065588 ^ clk (in)
                                                         clk (net)
                      0.099127    0.000000    0.065588 ^ clkbuf_0_clk/A (sky130_fd_sc_hd__clkbuf_16)
     2    0.018876    0.066027    0.233221    0.298809 ^ clkbuf_0_clk/X (sky130_fd_sc_hd__clkbuf_16)
                                                         clknet_0_clk (net)
                      0.066027    0.000466    0.299275 ^ clkbuf_1_0__f_clk/A (sky130_fd_sc_hd__clkbuf_16)
     3    0.009190    0.053717    0.204233    0.503508 ^ clkbuf_1_0__f_clk/X (sky130_fd_sc_hd__clkbuf_16)
                                                         clknet_1_0__leaf_clk (net)
                      0.053717    0.000165    0.503673 ^ _29_/CLK (sky130_fd_sc_hd__dfrtp_4)
     2    0.039713    0.232631    0.941148    1.444821 ^ _29_/Q (sky130_fd_sc_hd__dfrtp_4)
                                                         uo_out[5] (net)
                      0.232631    0.000808    1.445629 ^ uo_out[5] (out)
                                              1.445629   data arrival time

                                  0.000000    0.000000   clock clk (rise edge)
                                  0.000000    0.000000   clock network delay (propagated)
                                  0.250000    0.250000   clock uncertainty
                                  0.000000    0.250000   clock reconvergence pessimism
                                 -4.000000   -3.750000   output external delay
                                             -3.750000   data required time
---------------------------------------------------------------------------------------------
                                             -3.750000   data required time
                                             -1.445629   data arrival time
---------------------------------------------------------------------------------------------
                                              5.195630   slack (MET)


Startpoint: _28_ (rising edge-triggered flip-flop clocked by clk)
Endpoint: uo_out[4] (output port clocked by clk)
Path Group: clk
Path Type: min

Fanout         Cap        Slew       Delay        Time   Description
---------------------------------------------------------------------------------------------
                                  0.000000    0.000000   clock clk (rise edge)
                                  0.000000    0.000000   clock source latency
     1    0.012622    0.099124    0.065588    0.065588 ^ clk (in)
                                                         clk (net)
                      0.099127    0.000000    0.065588 ^ clkbuf_0_clk/A (sky130_fd_sc_hd__clkbuf_16)
     2    0.018876    0.066027    0.233221    0.298809 ^ clkbuf_0_clk/X (sky130_fd_sc_hd__clkbuf_16)
                                                         clknet_0_clk (net)
                      0.066027    0.000466    0.299275 ^ clkbuf_1_0__f_clk/A (sky130_fd_sc_hd__clkbuf_16)
     3    0.009190    0.053717    0.204233    0.503508 ^ clkbuf_1_0__f_clk/X (sky130_fd_sc_hd__clkbuf_16)
                                                         clknet_1_0__leaf_clk (net)
                      0.053717    0.000312    0.503820 ^ _28_/CLK (sky130_fd_sc_hd__dfrtp_4)
     3    0.040829    0.237055    0.944766    1.448586 ^ _28_/Q (sky130_fd_sc_hd__dfrtp_4)
                                                         uo_out[4] (net)
                      0.237057    0.001211    1.449797 ^ uo_out[4] (out)
                                              1.449797   data arrival time

                                  0.000000    0.000000   clock clk (rise edge)
                                  0.000000    0.000000   clock network delay (propagated)
                                  0.250000    0.250000   clock uncertainty
                                  0.000000    0.250000   clock reconvergence pessimism
                                 -4.000000   -3.750000   output external delay
                                             -3.750000   data required time
---------------------------------------------------------------------------------------------
                                             -3.750000   data required time
                                             -1.449797   data arrival time
---------------------------------------------------------------------------------------------
                                              5.199797   slack (MET)


Startpoint: _27_ (rising edge-triggered flip-flop clocked by clk)
Endpoint: uo_out[3] (output port clocked by clk)
Path Group: clk
Path Type: min

Fanout         Cap        Slew       Delay        Time   Description
---------------------------------------------------------------------------------------------
                                  0.000000    0.000000   clock clk (rise edge)
                                  0.000000    0.000000   clock source latency
     1    0.012622    0.099124    0.065588    0.065588 ^ clk (in)
                                                         clk (net)
                      0.099127    0.000000    0.065588 ^ clkbuf_0_clk/A (sky130_fd_sc_hd__clkbuf_16)
     2    0.018876    0.066027    0.233221    0.298809 ^ clkbuf_0_clk/X (sky130_fd_sc_hd__clkbuf_16)
                                                         clknet_0_clk (net)
                      0.066027    0.000466    0.299275 ^ clkbuf_1_0__f_clk/A (sky130_fd_sc_hd__clkbuf_16)
     3    0.009190    0.053717    0.204233    0.503508 ^ clkbuf_1_0__f_clk/X (sky130_fd_sc_hd__clkbuf_16)
                                                         clknet_1_0__leaf_clk (net)
                      0.053717    0.000263    0.503771 ^ _27_/CLK (sky130_fd_sc_hd__dfrtp_4)
     3    0.041098    0.238096    0.945701    1.449472 ^ _27_/Q (sky130_fd_sc_hd__dfrtp_4)
                                                         uo_out[3] (net)
                      0.238097    0.001191    1.450663 ^ uo_out[3] (out)
                                              1.450663   data arrival time

                                  0.000000    0.000000   clock clk (rise edge)
                                  0.000000    0.000000   clock network delay (propagated)
                                  0.250000    0.250000   clock uncertainty
                                  0.000000    0.250000   clock reconvergence pessimism
                                 -4.000000   -3.750000   output external delay
                                             -3.750000   data required time
---------------------------------------------------------------------------------------------
                                             -3.750000   data required time
                                             -1.450663   data arrival time
---------------------------------------------------------------------------------------------
                                              5.200663   slack (MET)


Startpoint: _25_ (rising edge-triggered flip-flop clocked by clk)
Endpoint: uo_out[1] (output port clocked by clk)
Path Group: clk
Path Type: min

Fanout         Cap        Slew       Delay        Time   Description
---------------------------------------------------------------------------------------------
                                  0.000000    0.000000   clock clk (rise edge)
                                  0.000000    0.000000   clock source latency
     1    0.012622    0.099124    0.065588    0.065588 ^ clk (in)
                                                         clk (net)
                      0.099127    0.000000    0.065588 ^ clkbuf_0_clk/A (sky130_fd_sc_hd__clkbuf_16)
     2    0.018876    0.066027    0.233221    0.298809 ^ clkbuf_0_clk/X (sky130_fd_sc_hd__clkbuf_16)
                                                         clknet_0_clk (net)
                      0.066027    0.000473    0.299282 ^ clkbuf_1_1__f_clk/A (sky130_fd_sc_hd__clkbuf_16)
     3    0.008208    0.052108    0.202383    0.501666 ^ clkbuf_1_1__f_clk/X (sky130_fd_sc_hd__clkbuf_16)
                                                         clknet_1_1__leaf_clk (net)
                      0.052108    0.000191    0.501856 ^ _25_/CLK (sky130_fd_sc_hd__dfrtp_4)
     5    0.044782    0.252646    0.957310    1.459166 ^ _25_/Q (sky130_fd_sc_hd__dfrtp_4)
                                                         uo_out[1] (net)
                      0.252654    0.001806    1.460972 ^ uo_out[1] (out)
                                              1.460972   data arrival time

                                  0.000000    0.000000   clock clk (rise edge)
                                  0.000000    0.000000   clock network delay (propagated)
                                  0.250000    0.250000   clock uncertainty
                                  0.000000    0.250000   clock reconvergence pessimism
                                 -4.000000   -3.750000   output external delay
                                             -3.750000   data required time
---------------------------------------------------------------------------------------------
                                             -3.750000   data required time
                                             -1.460972   data arrival time
---------------------------------------------------------------------------------------------
                                              5.210972   slack (MET)


Startpoint: _26_ (rising edge-triggered flip-flop clocked by clk)
Endpoint: uo_out[2] (output port clocked by clk)
Path Group: clk
Path Type: min

Fanout         Cap        Slew       Delay        Time   Description
---------------------------------------------------------------------------------------------
                                  0.000000    0.000000   clock clk (rise edge)
                                  0.000000    0.000000   clock source latency
     1    0.012622    0.099124    0.065588    0.065588 ^ clk (in)
                                                         clk (net)
                      0.099127    0.000000    0.065588 ^ clkbuf_0_clk/A (sky130_fd_sc_hd__clkbuf_16)
     2    0.018876    0.066027    0.233221    0.298809 ^ clkbuf_0_clk/X (sky130_fd_sc_hd__clkbuf_16)
                                                         clknet_0_clk (net)
                      0.066027    0.000473    0.299282 ^ clkbuf_1_1__f_clk/A (sky130_fd_sc_hd__clkbuf_16)
     3    0.008208    0.052108    0.202383    0.501666 ^ clkbuf_1_1__f_clk/X (sky130_fd_sc_hd__clkbuf_16)
                                                         clknet_1_1__leaf_clk (net)
                      0.052108    0.000189    0.501855 ^ _26_/CLK (sky130_fd_sc_hd__dfrtp_4)
     4    0.048461    0.267424    0.969320    1.471175 ^ _26_/Q (sky130_fd_sc_hd__dfrtp_4)
                                                         uo_out[2] (net)
                      0.267452    0.002868    1.474043 ^ uo_out[2] (out)
                                              1.474043   data arrival time

                                  0.000000    0.000000   clock clk (rise edge)
                                  0.000000    0.000000   clock network delay (propagated)
                                  0.250000    0.250000   clock uncertainty
                                  0.000000    0.250000   clock reconvergence pessimism
                                 -4.000000   -3.750000   output external delay
                                             -3.750000   data required time
---------------------------------------------------------------------------------------------
                                             -3.750000   data required time
                                             -1.474043   data arrival time
---------------------------------------------------------------------------------------------
                                              5.224043   slack (MET)


Startpoint: _24_ (rising edge-triggered flip-flop clocked by clk)
Endpoint: uo_out[0] (output port clocked by clk)
Path Group: clk
Path Type: min

Fanout         Cap        Slew       Delay        Time   Description
---------------------------------------------------------------------------------------------
                                  0.000000    0.000000   clock clk (rise edge)
                                  0.000000    0.000000   clock source latency
     1    0.012622    0.099124    0.065588    0.065588 ^ clk (in)
                                                         clk (net)
                      0.099127    0.000000    0.065588 ^ clkbuf_0_clk/A (sky130_fd_sc_hd__clkbuf_16)
     2    0.018876    0.066027    0.233221    0.298809 ^ clkbuf_0_clk/X (sky130_fd_sc_hd__clkbuf_16)
                                                         clknet_0_clk (net)
                      0.066027    0.000473    0.299282 ^ clkbuf_1_1__f_clk/A (sky130_fd_sc_hd__clkbuf_16)
     3    0.008208    0.052108    0.202383    0.501666 ^ clkbuf_1_1__f_clk/X (sky130_fd_sc_hd__clkbuf_16)
                                                         clknet_1_1__leaf_clk (net)
                      0.052108    0.000221    0.501886 ^ _24_/CLK (sky130_fd_sc_hd__dfrtp_4)
     6    0.049302    0.270370    0.973128    1.475014 ^ _24_/Q (sky130_fd_sc_hd__dfrtp_4)
                                                         uo_out[0] (net)
                      0.270371    0.001227    1.476241 ^ uo_out[0] (out)
                                              1.476241   data arrival time

                                  0.000000    0.000000   clock clk (rise edge)
                                  0.000000    0.000000   clock network delay (propagated)
                                  0.250000    0.250000   clock uncertainty
                                  0.000000    0.250000   clock reconvergence pessimism
                                 -4.000000   -3.750000   output external delay
                                             -3.750000   data required time
---------------------------------------------------------------------------------------------
                                             -3.750000   data required time
                                             -1.476241   data arrival time
---------------------------------------------------------------------------------------------
                                              5.226242   slack (MET)



%OL_END_REPORT
%OL_CREATE_REPORT max.rpt

===========================================================================
report_checks -path_delay max (Setup)
============================================================================
======================= nom_ss_100C_1v60 Corner ===================================

Startpoint: _24_ (rising edge-triggered flip-flop clocked by clk)
Endpoint: uo_out[0] (output port clocked by clk)
Path Group: clk
Path Type: max

Fanout         Cap        Slew       Delay        Time   Description
---------------------------------------------------------------------------------------------
                                  0.000000    0.000000   clock clk (rise edge)
                                  0.000000    0.000000   clock source latency
     1    0.012622    0.099124    0.065588    0.065588 ^ clk (in)
                                                         clk (net)
                      0.099127    0.000000    0.065588 ^ clkbuf_0_clk/A (sky130_fd_sc_hd__clkbuf_16)
     2    0.018876    0.066027    0.233221    0.298809 ^ clkbuf_0_clk/X (sky130_fd_sc_hd__clkbuf_16)
                                                         clknet_0_clk (net)
                      0.066027    0.000473    0.299282 ^ clkbuf_1_1__f_clk/A (sky130_fd_sc_hd__clkbuf_16)
     3    0.008208    0.052108    0.202383    0.501666 ^ clkbuf_1_1__f_clk/X (sky130_fd_sc_hd__clkbuf_16)
                                                         clknet_1_1__leaf_clk (net)
                      0.052108    0.000221    0.501886 ^ _24_/CLK (sky130_fd_sc_hd__dfrtp_4)
     6    0.048475    0.215289    1.121171    1.623057 v _24_/Q (sky130_fd_sc_hd__dfrtp_4)
                                                         uo_out[0] (net)
                      0.215291    0.001212    1.624269 v uo_out[0] (out)
                                              1.624269   data arrival time

                                 20.000000   20.000000   clock clk (rise edge)
                                  0.000000   20.000000   clock network delay (propagated)
                                 -0.250000   19.750002   clock uncertainty
                                  0.000000   19.750002   clock reconvergence pessimism
                                 -4.000000   15.750001   output external delay
                                             15.750001   data required time
---------------------------------------------------------------------------------------------
                                             15.750001   data required time
                                             -1.624269   data arrival time
---------------------------------------------------------------------------------------------
                                             14.125731   slack (MET)


Startpoint: _26_ (rising edge-triggered flip-flop clocked by clk)
Endpoint: uo_out[2] (output port clocked by clk)
Path Group: clk
Path Type: max

Fanout         Cap        Slew       Delay        Time   Description
---------------------------------------------------------------------------------------------
                                  0.000000    0.000000   clock clk (rise edge)
                                  0.000000    0.000000   clock source latency
     1    0.012622    0.099124    0.065588    0.065588 ^ clk (in)
                                                         clk (net)
                      0.099127    0.000000    0.065588 ^ clkbuf_0_clk/A (sky130_fd_sc_hd__clkbuf_16)
     2    0.018876    0.066027    0.233221    0.298809 ^ clkbuf_0_clk/X (sky130_fd_sc_hd__clkbuf_16)
                                                         clknet_0_clk (net)
                      0.066027    0.000473    0.299282 ^ clkbuf_1_1__f_clk/A (sky130_fd_sc_hd__clkbuf_16)
     3    0.008208    0.052108    0.202383    0.501666 ^ clkbuf_1_1__f_clk/X (sky130_fd_sc_hd__clkbuf_16)
                                                         clknet_1_1__leaf_clk (net)
                      0.052108    0.000189    0.501855 ^ _26_/CLK (sky130_fd_sc_hd__dfrtp_4)
     4    0.047943    0.214620    1.118910    1.620765 v _26_/Q (sky130_fd_sc_hd__dfrtp_4)
                                                         uo_out[2] (net)
                      0.214658    0.002845    1.623610 v uo_out[2] (out)
                                              1.623610   data arrival time

                                 20.000000   20.000000   clock clk (rise edge)
                                  0.000000   20.000000   clock network delay (propagated)
                                 -0.250000   19.750002   clock uncertainty
                                  0.000000   19.750002   clock reconvergence pessimism
                                 -4.000000   15.750001   output external delay
                                             15.750001   data required time
---------------------------------------------------------------------------------------------
                                             15.750001   data required time
                                             -1.623610   data arrival time
---------------------------------------------------------------------------------------------
                                             14.126391   slack (MET)


Startpoint: _25_ (rising edge-triggered flip-flop clocked by clk)
Endpoint: uo_out[1] (output port clocked by clk)
Path Group: clk
Path Type: max

Fanout         Cap        Slew       Delay        Time   Description
---------------------------------------------------------------------------------------------
                                  0.000000    0.000000   clock clk (rise edge)
                                  0.000000    0.000000   clock source latency
     1    0.012622    0.099124    0.065588    0.065588 ^ clk (in)
                                                         clk (net)
                      0.099127    0.000000    0.065588 ^ clkbuf_0_clk/A (sky130_fd_sc_hd__clkbuf_16)
     2    0.018876    0.066027    0.233221    0.298809 ^ clkbuf_0_clk/X (sky130_fd_sc_hd__clkbuf_16)
                                                         clknet_0_clk (net)
                      0.066027    0.000473    0.299282 ^ clkbuf_1_1__f_clk/A (sky130_fd_sc_hd__clkbuf_16)
     3    0.008208    0.052108    0.202383    0.501666 ^ clkbuf_1_1__f_clk/X (sky130_fd_sc_hd__clkbuf_16)
                                                         clknet_1_1__leaf_clk (net)
                      0.052108    0.000191    0.501856 ^ _25_/CLK (sky130_fd_sc_hd__dfrtp_4)
     5    0.044431    0.206144    1.110179    1.612035 v _25_/Q (sky130_fd_sc_hd__dfrtp_4)
                                                         uo_out[1] (net)
                      0.206334    0.001798    1.613833 v uo_out[1] (out)
                                              1.613833   data arrival time

                                 20.000000   20.000000   clock clk (rise edge)
                                  0.000000   20.000000   clock network delay (propagated)
                                 -0.250000   19.750002   clock uncertainty
                                  0.000000   19.750002   clock reconvergence pessimism
                                 -4.000000   15.750001   output external delay
                                             15.750001   data required time
---------------------------------------------------------------------------------------------
                                             15.750001   data required time
                                             -1.613833   data arrival time
---------------------------------------------------------------------------------------------
                                             14.136168   slack (MET)


Startpoint: _27_ (rising edge-triggered flip-flop clocked by clk)
Endpoint: uo_out[3] (output port clocked by clk)
Path Group: clk
Path Type: max

Fanout         Cap        Slew       Delay        Time   Description
---------------------------------------------------------------------------------------------
                                  0.000000    0.000000   clock clk (rise edge)
                                  0.000000    0.000000   clock source latency
     1    0.012622    0.099124    0.065588    0.065588 ^ clk (in)
                                                         clk (net)
                      0.099127    0.000000    0.065588 ^ clkbuf_0_clk/A (sky130_fd_sc_hd__clkbuf_16)
     2    0.018876    0.066027    0.233221    0.298809 ^ clkbuf_0_clk/X (sky130_fd_sc_hd__clkbuf_16)
                                                         clknet_0_clk (net)
                      0.066027    0.000466    0.299275 ^ clkbuf_1_0__f_clk/A (sky130_fd_sc_hd__clkbuf_16)
     3    0.009190    0.053717    0.204233    0.503508 ^ clkbuf_1_0__f_clk/X (sky130_fd_sc_hd__clkbuf_16)
                                                         clknet_1_0__leaf_clk (net)
                      0.053717    0.000263    0.503771 ^ _27_/CLK (sky130_fd_sc_hd__dfrtp_4)
     3    0.040746    0.197967    1.101432    1.605203 v _27_/Q (sky130_fd_sc_hd__dfrtp_4)
                                                         uo_out[3] (net)
                      0.197967    0.001183    1.606386 v uo_out[3] (out)
                                              1.606386   data arrival time

                                 20.000000   20.000000   clock clk (rise edge)
                                  0.000000   20.000000   clock network delay (propagated)
                                 -0.250000   19.750002   clock uncertainty
                                  0.000000   19.750002   clock reconvergence pessimism
                                 -4.000000   15.750001   output external delay
                                             15.750001   data required time
---------------------------------------------------------------------------------------------
                                             15.750001   data required time
                                             -1.606386   data arrival time
---------------------------------------------------------------------------------------------
                                             14.143615   slack (MET)


Startpoint: _28_ (rising edge-triggered flip-flop clocked by clk)
Endpoint: uo_out[4] (output port clocked by clk)
Path Group: clk
Path Type: max

Fanout         Cap        Slew       Delay        Time   Description
---------------------------------------------------------------------------------------------
                                  0.000000    0.000000   clock clk (rise edge)
                                  0.000000    0.000000   clock source latency
     1    0.012622    0.099124    0.065588    0.065588 ^ clk (in)
                                                         clk (net)
                      0.099127    0.000000    0.065588 ^ clkbuf_0_clk/A (sky130_fd_sc_hd__clkbuf_16)
     2    0.018876    0.066027    0.233221    0.298809 ^ clkbuf_0_clk/X (sky130_fd_sc_hd__clkbuf_16)
                                                         clknet_0_clk (net)
                      0.066027    0.000466    0.299275 ^ clkbuf_1_0__f_clk/A (sky130_fd_sc_hd__clkbuf_16)
     3    0.009190    0.053717    0.204233    0.503508 ^ clkbuf_1_0__f_clk/X (sky130_fd_sc_hd__clkbuf_16)
                                                         clknet_1_0__leaf_clk (net)
                      0.053717    0.000312    0.503820 ^ _28_/CLK (sky130_fd_sc_hd__dfrtp_4)
     3    0.040622    0.197708    1.101092    1.604912 v _28_/Q (sky130_fd_sc_hd__dfrtp_4)
                                                         uo_out[4] (net)
                      0.197708    0.001206    1.606118 v uo_out[4] (out)
                                              1.606118   data arrival time

                                 20.000000   20.000000   clock clk (rise edge)
                                  0.000000   20.000000   clock network delay (propagated)
                                 -0.250000   19.750002   clock uncertainty
                                  0.000000   19.750002   clock reconvergence pessimism
                                 -4.000000   15.750001   output external delay
                                             15.750001   data required time
---------------------------------------------------------------------------------------------
                                             15.750001   data required time
                                             -1.606118   data arrival time
---------------------------------------------------------------------------------------------
                                             14.143883   slack (MET)


Startpoint: _29_ (rising edge-triggered flip-flop clocked by clk)
Endpoint: uo_out[5] (output port clocked by clk)
Path Group: clk
Path Type: max

Fanout         Cap        Slew       Delay        Time   Description
---------------------------------------------------------------------------------------------
                                  0.000000    0.000000   clock clk (rise edge)
                                  0.000000    0.000000   clock source latency
     1    0.012622    0.099124    0.065588    0.065588 ^ clk (in)
                                                         clk (net)
                      0.099127    0.000000    0.065588 ^ clkbuf_0_clk/A (sky130_fd_sc_hd__clkbuf_16)
     2    0.018876    0.066027    0.233221    0.298809 ^ clkbuf_0_clk/X (sky130_fd_sc_hd__clkbuf_16)
                                                         clknet_0_clk (net)
                      0.066027    0.000466    0.299275 ^ clkbuf_1_0__f_clk/A (sky130_fd_sc_hd__clkbuf_16)
     3    0.009190    0.053717    0.204233    0.503508 ^ clkbuf_1_0__f_clk/X (sky130_fd_sc_hd__clkbuf_16)
                                                         clknet_1_0__leaf_clk (net)
                      0.053717    0.000165    0.503673 ^ _29_/CLK (sky130_fd_sc_hd__dfrtp_4)
     2    0.039443    0.195087    1.098155    1.601828 v _29_/Q (sky130_fd_sc_hd__dfrtp_4)
                                                         uo_out[5] (net)
                      0.195087    0.000805    1.602633 v uo_out[5] (out)
                                              1.602633   data arrival time

                                 20.000000   20.000000   clock clk (rise edge)
                                  0.000000   20.000000   clock network delay (propagated)
                                 -0.250000   19.750002   clock uncertainty
                                  0.000000   19.750002   clock reconvergence pessimism
                                 -4.000000   15.750001   output external delay
                                             15.750001   data required time
---------------------------------------------------------------------------------------------
                                             15.750001   data required time
                                             -1.602633   data arrival time
---------------------------------------------------------------------------------------------
                                             14.147368   slack (MET)


Startpoint: rst_n (input port clocked by clk)
Endpoint: _24_ (recovery check against rising-edge clock clk)
Path Group: asynchronous
Path Type: max

Fanout         Cap        Slew       Delay        Time   Description
---------------------------------------------------------------------------------------------
                                  0.000000    0.000000   clock clk (rise edge)
                                  0.000000    0.000000   clock network delay (propagated)
                                  4.000000    4.000000 ^ input external delay
     1    0.002255    0.028657    0.012921    4.012921 ^ rst_n (in)
                                                         rst_n (net)
                      0.028657    0.000000    4.012921 ^ input1/A (sky130_fd_sc_hd__buf_2)
     6    0.031722    0.253388    0.310317    4.323238 ^ input1/X (sky130_fd_sc_hd__buf_2)
                                                         net1 (net)
                      0.253485    0.001886    4.325124 ^ _24_/RESET_B (sky130_fd_sc_hd__dfrtp_4)
                                              4.325124   data arrival time

                                 20.000000   20.000000   clock clk (rise edge)
                                  0.000000   20.000000   clock source latency
     1    0.012622    0.099124    0.065588   20.065588 ^ clk (in)
                                                         clk (net)
                      0.099127    0.000000   20.065588 ^ clkbuf_0_clk/A (sky130_fd_sc_hd__clkbuf_16)
     2    0.018876    0.066027    0.233221   20.298811 ^ clkbuf_0_clk/X (sky130_fd_sc_hd__clkbuf_16)
                                                         clknet_0_clk (net)
                      0.066027    0.000473   20.299282 ^ clkbuf_1_1__f_clk/A (sky130_fd_sc_hd__clkbuf_16)
     3    0.008208    0.052108    0.202384   20.501667 ^ clkbuf_1_1__f_clk/X (sky130_fd_sc_hd__clkbuf_16)
                                                         clknet_1_1__leaf_clk (net)
                      0.052108    0.000220   20.501886 ^ _24_/CLK (sky130_fd_sc_hd__dfrtp_4)
                                 -0.250000   20.251888   clock uncertainty
                                  0.000000   20.251888   clock reconvergence pessimism
                                  0.351829   20.603716   library recovery time
                                             20.603716   data required time
---------------------------------------------------------------------------------------------
                                             20.603716   data required time
                                             -4.325124   data arrival time
---------------------------------------------------------------------------------------------
                                             16.278591   slack (MET)


Startpoint: rst_n (input port clocked by clk)
Endpoint: _25_ (recovery check against rising-edge clock clk)
Path Group: asynchronous
Path Type: max

Fanout         Cap        Slew       Delay        Time   Description
---------------------------------------------------------------------------------------------
                                  0.000000    0.000000   clock clk (rise edge)
                                  0.000000    0.000000   clock network delay (propagated)
                                  4.000000    4.000000 ^ input external delay
     1    0.002255    0.028657    0.012921    4.012921 ^ rst_n (in)
                                                         rst_n (net)
                      0.028657    0.000000    4.012921 ^ input1/A (sky130_fd_sc_hd__buf_2)
     6    0.031722    0.253388    0.310317    4.323238 ^ input1/X (sky130_fd_sc_hd__buf_2)
                                                         net1 (net)
                      0.253475    0.001357    4.324595 ^ _25_/RESET_B (sky130_fd_sc_hd__dfrtp_4)
                                              4.324595   data arrival time

                                 20.000000   20.000000   clock clk (rise edge)
                                  0.000000   20.000000   clock source latency
     1    0.012622    0.099124    0.065588   20.065588 ^ clk (in)
                                                         clk (net)
                      0.099127    0.000000   20.065588 ^ clkbuf_0_clk/A (sky130_fd_sc_hd__clkbuf_16)
     2    0.018876    0.066027    0.233221   20.298811 ^ clkbuf_0_clk/X (sky130_fd_sc_hd__clkbuf_16)
                                                         clknet_0_clk (net)
                      0.066027    0.000473   20.299282 ^ clkbuf_1_1__f_clk/A (sky130_fd_sc_hd__clkbuf_16)
     3    0.008208    0.052108    0.202384   20.501667 ^ clkbuf_1_1__f_clk/X (sky130_fd_sc_hd__clkbuf_16)
                                                         clknet_1_1__leaf_clk (net)
                      0.052108    0.000190   20.501856 ^ _25_/CLK (sky130_fd_sc_hd__dfrtp_4)
                                 -0.250000   20.251858   clock uncertainty
                                  0.000000   20.251858   clock reconvergence pessimism
                                  0.351834   20.603691   library recovery time
                                             20.603691   data required time
---------------------------------------------------------------------------------------------
                                             20.603691   data required time
                                             -4.324595   data arrival time
---------------------------------------------------------------------------------------------
                                             16.279097   slack (MET)


Startpoint: rst_n (input port clocked by clk)
Endpoint: _26_ (recovery check against rising-edge clock clk)
Path Group: asynchronous
Path Type: max

Fanout         Cap        Slew       Delay        Time   Description
---------------------------------------------------------------------------------------------
                                  0.000000    0.000000   clock clk (rise edge)
                                  0.000000    0.000000   clock network delay (propagated)
                                  4.000000    4.000000 ^ input external delay
     1    0.002255    0.028657    0.012921    4.012921 ^ rst_n (in)
                                                         rst_n (net)
                      0.028657    0.000000    4.012921 ^ input1/A (sky130_fd_sc_hd__buf_2)
     6    0.031722    0.253388    0.310317    4.323238 ^ input1/X (sky130_fd_sc_hd__buf_2)
                                                         net1 (net)
                      0.253471    0.001072    4.324310 ^ _26_/RESET_B (sky130_fd_sc_hd__dfrtp_4)
                                              4.324310   data arrival time

                                 20.000000   20.000000   clock clk (rise edge)
                                  0.000000   20.000000   clock source latency
     1    0.012622    0.099124    0.065588   20.065588 ^ clk (in)
                                                         clk (net)
                      0.099127    0.000000   20.065588 ^ clkbuf_0_clk/A (sky130_fd_sc_hd__clkbuf_16)
     2    0.018876    0.066027    0.233221   20.298811 ^ clkbuf_0_clk/X (sky130_fd_sc_hd__clkbuf_16)
                                                         clknet_0_clk (net)
                      0.066027    0.000473   20.299282 ^ clkbuf_1_1__f_clk/A (sky130_fd_sc_hd__clkbuf_16)
     3    0.008208    0.052108    0.202384   20.501667 ^ clkbuf_1_1__f_clk/X (sky130_fd_sc_hd__clkbuf_16)
                                                         clknet_1_1__leaf_clk (net)
                      0.052108    0.000188   20.501856 ^ _26_/CLK (sky130_fd_sc_hd__dfrtp_4)
                                 -0.250000   20.251856   clock uncertainty
                                  0.000000   20.251856   clock reconvergence pessimism
                                  0.351835   20.603691   library recovery time
                                             20.603691   data required time
---------------------------------------------------------------------------------------------
                                             20.603691   data required time
                                             -4.324310   data arrival time
---------------------------------------------------------------------------------------------
                                             16.279383   slack (MET)


Startpoint: rst_n (input port clocked by clk)
Endpoint: _29_ (recovery check against rising-edge clock clk)
Path Group: asynchronous
Path Type: max

Fanout         Cap        Slew       Delay        Time   Description
---------------------------------------------------------------------------------------------
                                  0.000000    0.000000   clock clk (rise edge)
                                  0.000000    0.000000   clock network delay (propagated)
                                  4.000000    4.000000 ^ input external delay
     1    0.002255    0.028657    0.012921    4.012921 ^ rst_n (in)
                                                         rst_n (net)
                      0.028657    0.000000    4.012921 ^ input1/A (sky130_fd_sc_hd__buf_2)
     6    0.031722    0.253388    0.310317    4.323238 ^ input1/X (sky130_fd_sc_hd__buf_2)
                                                         net1 (net)
                      0.253493    0.002200    4.325438 ^ _29_/RESET_B (sky130_fd_sc_hd__dfrtp_4)
                                              4.325438   data arrival time

                                 20.000000   20.000000   clock clk (rise edge)
                                  0.000000   20.000000   clock source latency
     1    0.012622    0.099124    0.065588   20.065588 ^ clk (in)
                                                         clk (net)
                      0.099127    0.000000   20.065588 ^ clkbuf_0_clk/A (sky130_fd_sc_hd__clkbuf_16)
     2    0.018876    0.066027    0.233221   20.298811 ^ clkbuf_0_clk/X (sky130_fd_sc_hd__clkbuf_16)
                                                         clknet_0_clk (net)
                      0.066027    0.000465   20.299276 ^ clkbuf_1_0__f_clk/A (sky130_fd_sc_hd__clkbuf_16)
     3    0.009190    0.053717    0.204233   20.503510 ^ clkbuf_1_0__f_clk/X (sky130_fd_sc_hd__clkbuf_16)
                                                         clknet_1_0__leaf_clk (net)
                      0.053717    0.000165   20.503674 ^ _29_/CLK (sky130_fd_sc_hd__dfrtp_4)
                                 -0.250000   20.253675   clock uncertainty
                                  0.000000   20.253675   clock reconvergence pessimism
                                  0.352371   20.606045   library recovery time
                                             20.606045   data required time
---------------------------------------------------------------------------------------------
                                             20.606045   data required time
                                             -4.325438   data arrival time
---------------------------------------------------------------------------------------------
                                             16.280607   slack (MET)


Startpoint: rst_n (input port clocked by clk)
Endpoint: _28_ (recovery check against rising-edge clock clk)
Path Group: asynchronous
Path Type: max

Fanout         Cap        Slew       Delay        Time   Description
---------------------------------------------------------------------------------------------
                                  0.000000    0.000000   clock clk (rise edge)
                                  0.000000    0.000000   clock network delay (propagated)
                                  4.000000    4.000000 ^ input external delay
     1    0.002255    0.028657    0.012921    4.012921 ^ rst_n (in)
                                                         rst_n (net)
                      0.028657    0.000000    4.012921 ^ input1/A (sky130_fd_sc_hd__buf_2)
     6    0.031722    0.253388    0.310317    4.323238 ^ input1/X (sky130_fd_sc_hd__buf_2)
                                                         net1 (net)
                      0.253493    0.002197    4.325435 ^ _28_/RESET_B (sky130_fd_sc_hd__dfrtp_4)
                                              4.325435   data arrival time

                                 20.000000   20.000000   clock clk (rise edge)
                                  0.000000   20.000000   clock source latency
     1    0.012622    0.099124    0.065588   20.065588 ^ clk (in)
                                                         clk (net)
                      0.099127    0.000000   20.065588 ^ clkbuf_0_clk/A (sky130_fd_sc_hd__clkbuf_16)
     2    0.018876    0.066027    0.233221   20.298811 ^ clkbuf_0_clk/X (sky130_fd_sc_hd__clkbuf_16)
                                                         clknet_0_clk (net)
                      0.066027    0.000465   20.299276 ^ clkbuf_1_0__f_clk/A (sky130_fd_sc_hd__clkbuf_16)
     3    0.009190    0.053717    0.204233   20.503510 ^ clkbuf_1_0__f_clk/X (sky130_fd_sc_hd__clkbuf_16)
                                                         clknet_1_0__leaf_clk (net)
                      0.053717    0.000311   20.503820 ^ _28_/CLK (sky130_fd_sc_hd__dfrtp_4)
                                 -0.250000   20.253820   clock uncertainty
                                  0.000000   20.253820   clock reconvergence pessimism
                                  0.352371   20.606192   library recovery time
                                             20.606192   data required time
---------------------------------------------------------------------------------------------
                                             20.606192   data required time
                                             -4.325435   data arrival time
---------------------------------------------------------------------------------------------
                                             16.280754   slack (MET)


Startpoint: rst_n (input port clocked by clk)
Endpoint: _27_ (recovery check against rising-edge clock clk)
Path Group: asynchronous
Path Type: max

Fanout         Cap        Slew       Delay        Time   Description
---------------------------------------------------------------------------------------------
                                  0.000000    0.000000   clock clk (rise edge)
                                  0.000000    0.000000   clock network delay (propagated)
                                  4.000000    4.000000 ^ input external delay
     1    0.002255    0.028657    0.012921    4.012921 ^ rst_n (in)
                                                         rst_n (net)
                      0.028657    0.000000    4.012921 ^ input1/A (sky130_fd_sc_hd__buf_2)
     6    0.031722    0.253388    0.310317    4.323238 ^ input1/X (sky130_fd_sc_hd__buf_2)
                                                         net1 (net)
                      0.253489    0.002070    4.325308 ^ _27_/RESET_B (sky130_fd_sc_hd__dfrtp_4)
                                              4.325308   data arrival time

                                 20.000000   20.000000   clock clk (rise edge)
                                  0.000000   20.000000   clock source latency
     1    0.012622    0.099124    0.065588   20.065588 ^ clk (in)
                                                         clk (net)
                      0.099127    0.000000   20.065588 ^ clkbuf_0_clk/A (sky130_fd_sc_hd__clkbuf_16)
     2    0.018876    0.066027    0.233221   20.298811 ^ clkbuf_0_clk/X (sky130_fd_sc_hd__clkbuf_16)
                                                         clknet_0_clk (net)
                      0.066027    0.000465   20.299276 ^ clkbuf_1_0__f_clk/A (sky130_fd_sc_hd__clkbuf_16)
     3    0.009190    0.053717    0.204233   20.503510 ^ clkbuf_1_0__f_clk/X (sky130_fd_sc_hd__clkbuf_16)
                                                         clknet_1_0__leaf_clk (net)
                      0.053717    0.000263   20.503771 ^ _27_/CLK (sky130_fd_sc_hd__dfrtp_4)
                                 -0.250000   20.253773   clock uncertainty
                                  0.000000   20.253773   clock reconvergence pessimism
                                  0.352373   20.606146   library recovery time
                                             20.606146   data required time
---------------------------------------------------------------------------------------------
                                             20.606146   data required time
                                             -4.325308   data arrival time
---------------------------------------------------------------------------------------------
                                             16.280836   slack (MET)


Startpoint: _26_ (rising edge-triggered flip-flop clocked by clk)
Endpoint: _28_ (rising edge-triggered flip-flop clocked by clk)
Path Group: clk
Path Type: max

Fanout         Cap        Slew       Delay        Time   Description
---------------------------------------------------------------------------------------------
                                  0.000000    0.000000   clock clk (rise edge)
                                  0.000000    0.000000   clock source latency
     1    0.012622    0.099124    0.065588    0.065588 ^ clk (in)
                                                         clk (net)
                      0.099127    0.000000    0.065588 ^ clkbuf_0_clk/A (sky130_fd_sc_hd__clkbuf_16)
     2    0.018876    0.066027    0.233221    0.298809 ^ clkbuf_0_clk/X (sky130_fd_sc_hd__clkbuf_16)
                                                         clknet_0_clk (net)
                      0.066027    0.000473    0.299282 ^ clkbuf_1_1__f_clk/A (sky130_fd_sc_hd__clkbuf_16)
     3    0.008208    0.052108    0.202383    0.501666 ^ clkbuf_1_1__f_clk/X (sky130_fd_sc_hd__clkbuf_16)
                                                         clknet_1_1__leaf_clk (net)
                      0.052108    0.000189    0.501855 ^ _26_/CLK (sky130_fd_sc_hd__dfrtp_4)
     4    0.047943    0.214620    1.118910    1.620765 v _26_/Q (sky130_fd_sc_hd__dfrtp_4)
                                                         uo_out[2] (net)
                      0.214640    0.002232    1.622996 v _17_/C (sky130_fd_sc_hd__and4_1)
     3    0.009110    0.123666    0.508246    2.131242 v _17_/X (sky130_fd_sc_hd__and4_1)
                                                         _08_ (net)
                      0.123666    0.000364    2.131606 v _21_/B (sky130_fd_sc_hd__or2_1)
     1    0.001696    0.086627    0.459983    2.591589 v _21_/X (sky130_fd_sc_hd__or2_1)
                                                         _11_ (net)
                      0.086627    0.000034    2.591622 v _22_/B (sky130_fd_sc_hd__and2_1)
     1    0.002485    0.065533    0.317228    2.908850 v _22_/X (sky130_fd_sc_hd__and2_1)
                                                         _04_ (net)
                      0.065533    0.000073    2.908922 v _28_/D (sky130_fd_sc_hd__dfrtp_4)
                                              2.908922   data arrival time

                                 20.000000   20.000000   clock clk (rise edge)
                                  0.000000   20.000000   clock source latency
     1    0.012622    0.099124    0.065588   20.065588 ^ clk (in)
                                                         clk (net)
                      0.099127    0.000000   20.065588 ^ clkbuf_0_clk/A (sky130_fd_sc_hd__clkbuf_16)
     2    0.018876    0.066027    0.233221   20.298811 ^ clkbuf_0_clk/X (sky130_fd_sc_hd__clkbuf_16)
                                                         clknet_0_clk (net)
                      0.066027    0.000465   20.299276 ^ clkbuf_1_0__f_clk/A (sky130_fd_sc_hd__clkbuf_16)
     3    0.009190    0.053717    0.204233   20.503510 ^ clkbuf_1_0__f_clk/X (sky130_fd_sc_hd__clkbuf_16)
                                                         clknet_1_0__leaf_clk (net)
                      0.053717    0.000311   20.503820 ^ _28_/CLK (sky130_fd_sc_hd__dfrtp_4)
                                 -0.250000   20.253820   clock uncertainty
                                  0.000000   20.253820   clock reconvergence pessimism
                                 -0.277241   19.976580   library setup time
                                             19.976580   data required time
---------------------------------------------------------------------------------------------
                                             19.976580   data required time
                                             -2.908922   data arrival time
---------------------------------------------------------------------------------------------
                                             17.067656   slack (MET)


Startpoint: _26_ (rising edge-triggered flip-flop clocked by clk)
Endpoint: _29_ (rising edge-triggered flip-flop clocked by clk)
Path Group: clk
Path Type: max

Fanout         Cap        Slew       Delay        Time   Description
---------------------------------------------------------------------------------------------
                                  0.000000    0.000000   clock clk (rise edge)
                                  0.000000    0.000000   clock source latency
     1    0.012622    0.099124    0.065588    0.065588 ^ clk (in)
                                                         clk (net)
                      0.099127    0.000000    0.065588 ^ clkbuf_0_clk/A (sky130_fd_sc_hd__clkbuf_16)
     2    0.018876    0.066027    0.233221    0.298809 ^ clkbuf_0_clk/X (sky130_fd_sc_hd__clkbuf_16)
                                                         clknet_0_clk (net)
                      0.066027    0.000473    0.299282 ^ clkbuf_1_1__f_clk/A (sky130_fd_sc_hd__clkbuf_16)
     3    0.008208    0.052108    0.202383    0.501666 ^ clkbuf_1_1__f_clk/X (sky130_fd_sc_hd__clkbuf_16)
                                                         clknet_1_1__leaf_clk (net)
                      0.052108    0.000189    0.501855 ^ _26_/CLK (sky130_fd_sc_hd__dfrtp_4)
     4    0.048461    0.267424    0.969320    1.471175 ^ _26_/Q (sky130_fd_sc_hd__dfrtp_4)
                                                         uo_out[2] (net)
                      0.267438    0.002254    1.473429 ^ _17_/C (sky130_fd_sc_hd__and4_1)
     3    0.009518    0.191209    0.534430    2.007859 ^ _17_/X (sky130_fd_sc_hd__and4_1)
                                                         _08_ (net)
                      0.191209    0.000413    2.008272 ^ _20_/B (sky130_fd_sc_hd__nand2_1)
     2    0.006230    0.131734    0.192568    2.200840 v _20_/Y (sky130_fd_sc_hd__nand2_1)
                                                         _10_ (net)
                      0.131734    0.000148    2.200988 v _23_/B (sky130_fd_sc_hd__xnor2_1)
     1    0.004990    0.123268    0.256674    2.457662 v _23_/Y (sky130_fd_sc_hd__xnor2_1)
                                                         _05_ (net)
                      0.123268    0.000170    2.457831 v _29_/D (sky130_fd_sc_hd__dfrtp_4)
                                              2.457831   data arrival time

                                 20.000000   20.000000   clock clk (rise edge)
                                  0.000000   20.000000   clock source latency
     1    0.012622    0.099124    0.065588   20.065588 ^ clk (in)
                                                         clk (net)
                      0.099127    0.000000   20.065588 ^ clkbuf_0_clk/A (sky130_fd_sc_hd__clkbuf_16)
     2    0.018876    0.066027    0.233221   20.298811 ^ clkbuf_0_clk/X (sky130_fd_sc_hd__clkbuf_16)
                                                         clknet_0_clk (net)
                      0.066027    0.000465   20.299276 ^ clkbuf_1_0__f_clk/A (sky130_fd_sc_hd__clkbuf_16)
     3    0.009190    0.053717    0.204233   20.503510 ^ clkbuf_1_0__f_clk/X (sky130_fd_sc_hd__clkbuf_16)
                                                         clknet_1_0__leaf_clk (net)
                      0.053717    0.000165   20.503674 ^ _29_/CLK (sky130_fd_sc_hd__dfrtp_4)
                                 -0.250000   20.253675   clock uncertainty
                                  0.000000   20.253675   clock reconvergence pessimism
                                 -0.301327   19.952349   library setup time
                                             19.952349   data required time
---------------------------------------------------------------------------------------------
                                             19.952349   data required time
                                             -2.457831   data arrival time
---------------------------------------------------------------------------------------------
                                             17.494516   slack (MET)


Startpoint: _25_ (rising edge-triggered flip-flop clocked by clk)
Endpoint: _25_ (rising edge-triggered flip-flop clocked by clk)
Path Group: clk
Path Type: max

Fanout         Cap        Slew       Delay        Time   Description
---------------------------------------------------------------------------------------------
                                  0.000000    0.000000   clock clk (rise edge)
                                  0.000000    0.000000   clock source latency
     1    0.012622    0.099124    0.065588    0.065588 ^ clk (in)
                                                         clk (net)
                      0.099127    0.000000    0.065588 ^ clkbuf_0_clk/A (sky130_fd_sc_hd__clkbuf_16)
     2    0.018876    0.066027    0.233221    0.298809 ^ clkbuf_0_clk/X (sky130_fd_sc_hd__clkbuf_16)
                                                         clknet_0_clk (net)
                      0.066027    0.000473    0.299282 ^ clkbuf_1_1__f_clk/A (sky130_fd_sc_hd__clkbuf_16)
     3    0.008208    0.052108    0.202383    0.501666 ^ clkbuf_1_1__f_clk/X (sky130_fd_sc_hd__clkbuf_16)
                                                         clknet_1_1__leaf_clk (net)
                      0.052108    0.000191    0.501856 ^ _25_/CLK (sky130_fd_sc_hd__dfrtp_4)
     5    0.044431    0.206144    1.110179    1.612035 v _25_/Q (sky130_fd_sc_hd__dfrtp_4)
                                                         uo_out[1] (net)
                      0.206323    0.001063    1.613098 v _14_/A (sky130_fd_sc_hd__or2_1)
     1    0.001630    0.086594    0.531591    2.144689 v _14_/X (sky130_fd_sc_hd__or2_1)
                                                         _07_ (net)
                      0.086594    0.000032    2.144721 v _15_/B (sky130_fd_sc_hd__and2_1)
     1    0.003567    0.074099    0.328769    2.473489 v _15_/X (sky130_fd_sc_hd__and2_1)
                                                         _01_ (net)
                      0.074136    0.000117    2.473606 v _25_/D (sky130_fd_sc_hd__dfrtp_4)
                                              2.473606   data arrival time

                                 20.000000   20.000000   clock clk (rise edge)
                                  0.000000   20.000000   clock source latency
     1    0.012622    0.099124    0.065588   20.065588 ^ clk (in)
                                                         clk (net)
                      0.099127    0.000000   20.065588 ^ clkbuf_0_clk/A (sky130_fd_sc_hd__clkbuf_16)
     2    0.018876    0.066027    0.233221   20.298811 ^ clkbuf_0_clk/X (sky130_fd_sc_hd__clkbuf_16)
                                                         clknet_0_clk (net)
                      0.066027    0.000473   20.299282 ^ clkbuf_1_1__f_clk/A (sky130_fd_sc_hd__clkbuf_16)
     3    0.008208    0.052108    0.202384   20.501667 ^ clkbuf_1_1__f_clk/X (sky130_fd_sc_hd__clkbuf_16)
                                                         clknet_1_1__leaf_clk (net)
                      0.052108    0.000190   20.501856 ^ _25_/CLK (sky130_fd_sc_hd__dfrtp_4)
                                 -0.250000   20.251858   clock uncertainty
                                  0.000000   20.251858   clock reconvergence pessimism
                                 -0.281258   19.970600   library setup time
                                             19.970600   data required time
---------------------------------------------------------------------------------------------
                                             19.970600   data required time
                                             -2.473606   data arrival time
---------------------------------------------------------------------------------------------
                                             17.496994   slack (MET)


Startpoint: _26_ (rising edge-triggered flip-flop clocked by clk)
Endpoint: _27_ (rising edge-triggered flip-flop clocked by clk)
Path Group: clk
Path Type: max

Fanout         Cap        Slew       Delay        Time   Description
---------------------------------------------------------------------------------------------
                                  0.000000    0.000000   clock clk (rise edge)
                                  0.000000    0.000000   clock source latency
     1    0.012622    0.099124    0.065588    0.065588 ^ clk (in)
                                                         clk (net)
                      0.099127    0.000000    0.065588 ^ clkbuf_0_clk/A (sky130_fd_sc_hd__clkbuf_16)
     2    0.018876    0.066027    0.233221    0.298809 ^ clkbuf_0_clk/X (sky130_fd_sc_hd__clkbuf_16)
                                                         clknet_0_clk (net)
                      0.066027    0.000473    0.299282 ^ clkbuf_1_1__f_clk/A (sky130_fd_sc_hd__clkbuf_16)
     3    0.008208    0.052108    0.202383    0.501666 ^ clkbuf_1_1__f_clk/X (sky130_fd_sc_hd__clkbuf_16)
                                                         clknet_1_1__leaf_clk (net)
                      0.052108    0.000189    0.501855 ^ _26_/CLK (sky130_fd_sc_hd__dfrtp_4)
     4    0.048461    0.267424    0.969320    1.471175 ^ _26_/Q (sky130_fd_sc_hd__dfrtp_4)
                                                         uo_out[2] (net)
                      0.267438    0.002254    1.473429 ^ _17_/C (sky130_fd_sc_hd__and4_1)
     3    0.009518    0.191209    0.534430    2.007859 ^ _17_/X (sky130_fd_sc_hd__and4_1)
                                                         _08_ (net)
                      0.191209    0.000275    2.008134 ^ _19_/A_N (sky130_fd_sc_hd__and2b_1)
     1    0.002610    0.064076    0.402694    2.410828 v _19_/X (sky130_fd_sc_hd__and2b_1)
                                                         _03_ (net)
                      0.064076    0.000078    2.410906 v _27_/D (sky130_fd_sc_hd__dfrtp_4)
                                              2.410906   data arrival time

                                 20.000000   20.000000   clock clk (rise edge)
                                  0.000000   20.000000   clock source latency
     1    0.012622    0.099124    0.065588   20.065588 ^ clk (in)
                                                         clk (net)
                      0.099127    0.000000   20.065588 ^ clkbuf_0_clk/A (sky130_fd_sc_hd__clkbuf_16)
     2    0.018876    0.066027    0.233221   20.298811 ^ clkbuf_0_clk/X (sky130_fd_sc_hd__clkbuf_16)
                                                         clknet_0_clk (net)
                      0.066027    0.000465   20.299276 ^ clkbuf_1_0__f_clk/A (sky130_fd_sc_hd__clkbuf_16)
     3    0.009190    0.053717    0.204233   20.503510 ^ clkbuf_1_0__f_clk/X (sky130_fd_sc_hd__clkbuf_16)
                                                         clknet_1_0__leaf_clk (net)
                      0.053717    0.000263   20.503771 ^ _27_/CLK (sky130_fd_sc_hd__dfrtp_4)
                                 -0.250000   20.253773   clock uncertainty
                                  0.000000   20.253773   clock reconvergence pessimism
                                 -0.276633   19.977139   library setup time
                                             19.977139   data required time
---------------------------------------------------------------------------------------------
                                             19.977139   data required time
                                             -2.410906   data arrival time
---------------------------------------------------------------------------------------------
                                             17.566233   slack (MET)


Startpoint: _24_ (rising edge-triggered flip-flop clocked by clk)
Endpoint: _26_ (rising edge-triggered flip-flop clocked by clk)
Path Group: clk
Path Type: max

Fanout         Cap        Slew       Delay        Time   Description
---------------------------------------------------------------------------------------------
                                  0.000000    0.000000   clock clk (rise edge)
                                  0.000000    0.000000   clock source latency
     1    0.012622    0.099124    0.065588    0.065588 ^ clk (in)
                                                         clk (net)
                      0.099127    0.000000    0.065588 ^ clkbuf_0_clk/A (sky130_fd_sc_hd__clkbuf_16)
     2    0.018876    0.066027    0.233221    0.298809 ^ clkbuf_0_clk/X (sky130_fd_sc_hd__clkbuf_16)
                                                         clknet_0_clk (net)
                      0.066027    0.000473    0.299282 ^ clkbuf_1_1__f_clk/A (sky130_fd_sc_hd__clkbuf_16)
     3    0.008208    0.052108    0.202383    0.501666 ^ clkbuf_1_1__f_clk/X (sky130_fd_sc_hd__clkbuf_16)
                                                         clknet_1_1__leaf_clk (net)
                      0.052108    0.000221    0.501886 ^ _24_/CLK (sky130_fd_sc_hd__dfrtp_4)
     6    0.048475    0.215289    1.121171    1.623057 v _24_/Q (sky130_fd_sc_hd__dfrtp_4)
                                                         uo_out[0] (net)
                      0.215289    0.000970    1.624028 v _13_/B (sky130_fd_sc_hd__nand2_1)
     2    0.007788    0.142271    0.218850    1.842878 ^ _13_/Y (sky130_fd_sc_hd__nand2_1)
                                                         _06_ (net)
                      0.142271    0.000215    1.843093 ^ _16_/B (sky130_fd_sc_hd__xnor2_1)
     1    0.003339    0.103403    0.150698    1.993791 v _16_/Y (sky130_fd_sc_hd__xnor2_1)
                                                         _02_ (net)
                      0.103403    0.000099    1.993890 v _26_/D (sky130_fd_sc_hd__dfrtp_4)
                                              1.993890   data arrival time

                                 20.000000   20.000000   clock clk (rise edge)
                                  0.000000   20.000000   clock source latency
     1    0.012622    0.099124    0.065588   20.065588 ^ clk (in)
                                                         clk (net)
                      0.099127    0.000000   20.065588 ^ clkbuf_0_clk/A (sky130_fd_sc_hd__clkbuf_16)
     2    0.018876    0.066027    0.233221   20.298811 ^ clkbuf_0_clk/X (sky130_fd_sc_hd__clkbuf_16)
                                                         clknet_0_clk (net)
                      0.066027    0.000473   20.299282 ^ clkbuf_1_1__f_clk/A (sky130_fd_sc_hd__clkbuf_16)
     3    0.008208    0.052108    0.202384   20.501667 ^ clkbuf_1_1__f_clk/X (sky130_fd_sc_hd__clkbuf_16)
                                                         clknet_1_1__leaf_clk (net)
                      0.052108    0.000188   20.501856 ^ _26_/CLK (sky130_fd_sc_hd__dfrtp_4)
                                 -0.250000   20.251856   clock uncertainty
                                  0.000000   20.251856   clock reconvergence pessimism
                                 -0.293468   19.958387   library setup time
                                             19.958387   data required time
---------------------------------------------------------------------------------------------
                                             19.958387   data required time
                                             -1.993890   data arrival time
---------------------------------------------------------------------------------------------
                                             17.964499   slack (MET)


Startpoint: _24_ (rising edge-triggered flip-flop clocked by clk)
Endpoint: _24_ (rising edge-triggered flip-flop clocked by clk)
Path Group: clk
Path Type: max

Fanout         Cap        Slew       Delay        Time   Description
---------------------------------------------------------------------------------------------
                                  0.000000    0.000000   clock clk (rise edge)
                                  0.000000    0.000000   clock source latency
     1    0.012622    0.099124    0.065588    0.065588 ^ clk (in)
                                                         clk (net)
                      0.099127    0.000000    0.065588 ^ clkbuf_0_clk/A (sky130_fd_sc_hd__clkbuf_16)
     2    0.018876    0.066027    0.233221    0.298809 ^ clkbuf_0_clk/X (sky130_fd_sc_hd__clkbuf_16)
                                                         clknet_0_clk (net)
                      0.066027    0.000473    0.299282 ^ clkbuf_1_1__f_clk/A (sky130_fd_sc_hd__clkbuf_16)
     3    0.008208    0.052108    0.202383    0.501666 ^ clkbuf_1_1__f_clk/X (sky130_fd_sc_hd__clkbuf_16)
                                                         clknet_1_1__leaf_clk (net)
                      0.052108    0.000221    0.501886 ^ _24_/CLK (sky130_fd_sc_hd__dfrtp_4)
     6    0.048475    0.215289    1.121171    1.623057 v _24_/Q (sky130_fd_sc_hd__dfrtp_4)
                                                         uo_out[0] (net)
                      0.215289    0.000981    1.624039 v _12_/A (sky130_fd_sc_hd__inv_2)
     1    0.002472    0.062117    0.113854    1.737893 ^ _12_/Y (sky130_fd_sc_hd__inv_2)
                                                         _00_ (net)
                      0.062117    0.000072    1.737965 ^ _24_/D (sky130_fd_sc_hd__dfrtp_4)
                                              1.737965   data arrival time

                                 20.000000   20.000000   clock clk (rise edge)
                                  0.000000   20.000000   clock source latency
     1    0.012622    0.099124    0.065588   20.065588 ^ clk (in)
                                                         clk (net)
                      0.099127    0.000000   20.065588 ^ clkbuf_0_clk/A (sky130_fd_sc_hd__clkbuf_16)
     2    0.018876    0.066027    0.233221   20.298811 ^ clkbuf_0_clk/X (sky130_fd_sc_hd__clkbuf_16)
                                                         clknet_0_clk (net)
                      0.066027    0.000473   20.299282 ^ clkbuf_1_1__f_clk/A (sky130_fd_sc_hd__clkbuf_16)
     3    0.008208    0.052108    0.202384   20.501667 ^ clkbuf_1_1__f_clk/X (sky130_fd_sc_hd__clkbuf_16)
                                                         clknet_1_1__leaf_clk (net)
                      0.052108    0.000220   20.501886 ^ _24_/CLK (sky130_fd_sc_hd__dfrtp_4)
                                 -0.250000   20.251888   clock uncertainty
                                  0.000000   20.251888   clock reconvergence pessimism
                                 -0.137838   20.114050   library setup time
                                             20.114050   data required time
---------------------------------------------------------------------------------------------
                                             20.114050   data required time
                                             -1.737965   data arrival time
---------------------------------------------------------------------------------------------
                                             18.376085   slack (MET)



%OL_END_REPORT
%OL_CREATE_REPORT checks.rpt

===========================================================================
report_checks -unconstrained
===========================================================================
======================= nom_ss_100C_1v60 Corner ===================================

Startpoint: rst_n (input port clocked by clk)
Endpoint: _24_ (recovery check against rising-edge clock clk)
Path Group: asynchronous
Path Type: max

Fanout         Cap        Slew       Delay        Time   Description
---------------------------------------------------------------------------------------------
                                  0.000000    0.000000   clock clk (rise edge)
                                  0.000000    0.000000   clock network delay (propagated)
                                  4.000000    4.000000 ^ input external delay
     1    0.002255    0.028657    0.012921    4.012921 ^ rst_n (in)
                                                         rst_n (net)
                      0.028657    0.000000    4.012921 ^ input1/A (sky130_fd_sc_hd__buf_2)
     6    0.031722    0.253388    0.310317    4.323238 ^ input1/X (sky130_fd_sc_hd__buf_2)
                                                         net1 (net)
                      0.253485    0.001886    4.325124 ^ _24_/RESET_B (sky130_fd_sc_hd__dfrtp_4)
                                              4.325124   data arrival time

                                 20.000000   20.000000   clock clk (rise edge)
                                  0.000000   20.000000   clock source latency
     1    0.012622    0.099124    0.065588   20.065588 ^ clk (in)
                                                         clk (net)
                      0.099127    0.000000   20.065588 ^ clkbuf_0_clk/A (sky130_fd_sc_hd__clkbuf_16)
     2    0.018876    0.066027    0.233221   20.298811 ^ clkbuf_0_clk/X (sky130_fd_sc_hd__clkbuf_16)
                                                         clknet_0_clk (net)
                      0.066027    0.000473   20.299282 ^ clkbuf_1_1__f_clk/A (sky130_fd_sc_hd__clkbuf_16)
     3    0.008208    0.052108    0.202384   20.501667 ^ clkbuf_1_1__f_clk/X (sky130_fd_sc_hd__clkbuf_16)
                                                         clknet_1_1__leaf_clk (net)
                      0.052108    0.000220   20.501886 ^ _24_/CLK (sky130_fd_sc_hd__dfrtp_4)
                                 -0.250000   20.251888   clock uncertainty
                                  0.000000   20.251888   clock reconvergence pessimism
                                  0.351829   20.603716   library recovery time
                                             20.603716   data required time
---------------------------------------------------------------------------------------------
                                             20.603716   data required time
                                             -4.325124   data arrival time
---------------------------------------------------------------------------------------------
                                             16.278591   slack (MET)


Startpoint: _24_ (rising edge-triggered flip-flop clocked by clk)
Endpoint: uo_out[0] (output port clocked by clk)
Path Group: clk
Path Type: max

Fanout         Cap        Slew       Delay        Time   Description
---------------------------------------------------------------------------------------------
                                  0.000000    0.000000   clock clk (rise edge)
                                  0.000000    0.000000   clock source latency
     1    0.012622    0.099124    0.065588    0.065588 ^ clk (in)
                                                         clk (net)
                      0.099127    0.000000    0.065588 ^ clkbuf_0_clk/A (sky130_fd_sc_hd__clkbuf_16)
     2    0.018876    0.066027    0.233221    0.298809 ^ clkbuf_0_clk/X (sky130_fd_sc_hd__clkbuf_16)
                                                         clknet_0_clk (net)
                      0.066027    0.000473    0.299282 ^ clkbuf_1_1__f_clk/A (sky130_fd_sc_hd__clkbuf_16)
     3    0.008208    0.052108    0.202383    0.501666 ^ clkbuf_1_1__f_clk/X (sky130_fd_sc_hd__clkbuf_16)
                                                         clknet_1_1__leaf_clk (net)
                      0.052108    0.000221    0.501886 ^ _24_/CLK (sky130_fd_sc_hd__dfrtp_4)
     6    0.048475    0.215289    1.121171    1.623057 v _24_/Q (sky130_fd_sc_hd__dfrtp_4)
                                                         uo_out[0] (net)
                      0.215291    0.001212    1.624269 v uo_out[0] (out)
                                              1.624269   data arrival time

                                 20.000000   20.000000   clock clk (rise edge)
                                  0.000000   20.000000   clock network delay (propagated)
                                 -0.250000   19.750002   clock uncertainty
                                  0.000000   19.750002   clock reconvergence pessimism
                                 -4.000000   15.750001   output external delay
                                             15.750001   data required time
---------------------------------------------------------------------------------------------
                                             15.750001   data required time
                                             -1.624269   data arrival time
---------------------------------------------------------------------------------------------
                                             14.125731   slack (MET)




===========================================================================
report_checks --slack_max -0.01
============================================================================
======================= nom_ss_100C_1v60 Corner ===================================

No paths found.


===========================================================================
 report_check_types -max_slew -max_cap -max_fanout -violators
============================================================================
======================= nom_ss_100C_1v60 Corner ===================================



===========================================================================
report_parasitic_annotation -report_unannotated
============================================================================
Found 35 unannotated drivers.
 ena
 ui_in[0]
 ui_in[1]
 ui_in[2]
 ui_in[3]
 ui_in[4]
 ui_in[5]
 ui_in[6]
 ui_in[7]
 uio_in[0]
 uio_in[1]
 uio_in[2]
 uio_in[3]
 uio_in[4]
 uio_in[5]
 uio_in[6]
 uio_in[7]
 tt_um_josue_olivos_6bit_counter_10/HI
 tt_um_josue_olivos_6bit_counter_11/HI
 tt_um_josue_olivos_6bit_counter_12/HI
 tt_um_josue_olivos_6bit_counter_13/HI
 tt_um_josue_olivos_6bit_counter_14/HI
 tt_um_josue_olivos_6bit_counter_15/HI
 tt_um_josue_olivos_6bit_counter_16/HI
 tt_um_josue_olivos_6bit_counter_17/HI
 tt_um_josue_olivos_6bit_counter_18/HI
 tt_um_josue_olivos_6bit_counter_19/HI
 tt_um_josue_olivos_6bit_counter_2/HI
 tt_um_josue_olivos_6bit_counter_3/HI
 tt_um_josue_olivos_6bit_counter_4/HI
 tt_um_josue_olivos_6bit_counter_5/HI
 tt_um_josue_olivos_6bit_counter_6/HI
 tt_um_josue_olivos_6bit_counter_7/HI
 tt_um_josue_olivos_6bit_counter_8/HI
 tt_um_josue_olivos_6bit_counter_9/HI
Found 0 partially unannotated drivers.

===========================================================================
max slew violation count 0
%OL_METRIC_I design__max_slew_violation__count__corner:nom_ss_100C_1v60 0
max fanout violation count 0
%OL_METRIC_I design__max_fanout_violation__count__corner:nom_ss_100C_1v60 0
max cap violation count 0
%OL_METRIC_I design__max_cap_violation__count__corner:nom_ss_100C_1v60 0
============================================================================

===========================================================================
check_setup -verbose -unconstrained_endpoints -multiple_clock -no_clock -no_input_delay -loops -generated_clocks
===========================================================================
Warning: There are 18 unconstrained endpoints.
  uio_oe[0]
  uio_oe[1]
  uio_oe[2]
  uio_oe[3]
  uio_oe[4]
  uio_oe[5]
  uio_oe[6]
  uio_oe[7]
  uio_out[0]
  uio_out[1]
  uio_out[2]
  uio_out[3]
  uio_out[4]
  uio_out[5]
  uio_out[6]
  uio_out[7]
  uo_out[6]
  uo_out[7]
%OL_END_REPORT
%OL_CREATE_REPORT power.rpt

===========================================================================
 report_power
============================================================================
======================= nom_ss_100C_1v60 Corner ===================================

Group                    Internal    Switching      Leakage        Total
                            Power        Power        Power        Power (Watts)
------------------------------------------------------------------------
Sequential           9.512888e-06 0.000000e+00 1.233315e-07 9.636219e-06  27.3%
Combinational        5.940266e-08 2.077819e-07 4.595338e-08 3.131380e-07   0.9%
Clock                2.071103e-05 4.642928e-06 5.805390e-08 2.541201e-05  71.9%
Macro                0.000000e+00 0.000000e+00 0.000000e+00 0.000000e+00   0.0%
Pad                  0.000000e+00 0.000000e+00 0.000000e+00 0.000000e+00   0.0%
------------------------------------------------------------------------
Total                3.028332e-05 4.850710e-06 2.273387e-07 3.536137e-05 100.0%
                            85.6%        13.7%         0.6%
%OL_METRIC_F power__internal__total 3.0283317755674943e-5
%OL_METRIC_F power__switching__total 4.850709501624806e-6
%OL_METRIC_F power__leakage__total 2.273386598972138e-7
%OL_METRIC_F power__total 3.536136500770226e-5

%OL_END_REPORT
%OL_CREATE_REPORT skew.min.rpt

===========================================================================
Clock Skew (Hold)
============================================================================
%OL_METRIC_F clock__skew__worst_hold__corner:nom_ss_100C_1v60 -0.2519649837868576
======================= nom_ss_100C_1v60 Corner ===================================

Clock clk
0.501855 source latency _26_/CLK ^
-0.503820 target latency _28_/CLK ^
-0.250000 clock uncertainty
0.000000 CRPR
--------------
-0.251965 hold skew

%OL_END_REPORT
%OL_CREATE_REPORT skew.max.rpt

===========================================================================
Clock Skew (Setup)
============================================================================
%OL_METRIC_F clock__skew__worst_setup__corner:nom_ss_100C_1v60 0.2501467714880064
======================= nom_ss_100C_1v60 Corner ===================================

Clock clk
0.503820 source latency _28_/CLK ^
-0.503673 target latency _29_/CLK ^
0.250000 clock uncertainty
0.000000 CRPR
--------------
0.250147 setup skew

%OL_END_REPORT
%OL_CREATE_REPORT ws.min.rpt

===========================================================================
Worst Slack (Hold)
============================================================================
%OL_METRIC_F timing__hold__ws__corner:nom_ss_100C_1v60 0.9181126674341269
nom_ss_100C_1v60: 0.9181126674341269
%OL_END_REPORT
%OL_CREATE_REPORT ws.max.rpt

===========================================================================
Worst Slack (Setup)
============================================================================
%OL_METRIC_F timing__setup__ws__corner:nom_ss_100C_1v60 14.125731206782486
nom_ss_100C_1v60: 14.125731206782486
%OL_END_REPORT
%OL_CREATE_REPORT tns.min.rpt

===========================================================================
Total Negative Slack (Hold)
============================================================================
%OL_METRIC_F timing__hold__tns__corner:nom_ss_100C_1v60 0.0
nom_ss_100C_1v60: 0.0
%OL_END_REPORT
%OL_CREATE_REPORT tns.max.rpt

===========================================================================
Total Negative Slack (Setup)
============================================================================
%OL_METRIC_F timing__setup__tns__corner:nom_ss_100C_1v60 0.0
nom_ss_100C_1v60: 0.0
%OL_END_REPORT
%OL_CREATE_REPORT wns.min.rpt

===========================================================================
Worst Negative Slack (Hold)
============================================================================
%OL_METRIC_F timing__hold__wns__corner:nom_ss_100C_1v60 0
nom_ss_100C_1v60: 0
%OL_END_REPORT
%OL_CREATE_REPORT wns.max.rpt

===========================================================================
Worst Negative Slack (Setup)
============================================================================
%OL_METRIC_F timing__setup__wns__corner:nom_ss_100C_1v60 0.0
nom_ss_100C_1v60: 0.0
%OL_END_REPORT
%OL_CREATE_REPORT violator_list.rpt

===========================================================================
Violator List
============================================================================
%OL_METRIC_I timing__hold_vio__count__corner:nom_ss_100C_1v60 0
%OL_METRIC_F timing__hold_r2r__ws__corner:nom_ss_100C_1v60 0.918113
%OL_METRIC_I timing__hold_r2r_vio__count__corner:nom_ss_100C_1v60 0
%OL_METRIC_I timing__setup_vio__count__corner:nom_ss_100C_1v60 0
%OL_METRIC_F timing__setup_r2r__ws__corner:nom_ss_100C_1v60 17.067656
%OL_METRIC_I timing__setup_r2r_vio__count__corner:nom_ss_100C_1v60 0
%OL_END_REPORT
%OL_CREATE_REPORT unpropagated.rpt
%OL_END_REPORT
%OL_CREATE_REPORT clock.rpt
Clock: clk
Sources: clk 
Generated: no
Virtual: yes
Propagated: no
Period: 20.000000

===========================================================================
report_clock_properties
============================================================================
Clock                   Period          Waveform
----------------------------------------------------
clk                  20.000000    0.000000 10.000000

===========================================================================
report_clock_latency
============================================================================
Clock clk
rise -> rise
    min     max
0.000000 0.000000 source latency
0.501855         network latency _26_/CLK
        0.503820 network latency _28_/CLK
---------------
0.501855 0.503820 latency
        0.001965 skew

fall -> fall
    min     max
0.000000 0.000000 source latency
0.518099         network latency _26_/CLK
        0.519822 network latency _28_/CLK
---------------
0.518099 0.519822 latency
        0.001723 skew



===========================================================================
report_clock_min_period
============================================================================
clk period_min = 2.93 fmax = 341.02
%OL_END_REPORT
Writing SDF files for all corners…
Removing Clock latencies before writing libs…
Writing timing models for all corners…
Writing timing models for the nom_ss_100C_1v60 corner to /workspaces/tt-verilog-test-counter/runs/wokwi/54-openroad-stapostpnr/nom_ss_100C_1v60/tt_um_josue_olivos_6bit_counter__nom_ss_100C_1v60.lib…
