Reading timing models for corner min_tt_025C_1v80…
Reading cell library for the 'min_tt_025C_1v80' corner at '/home/vscode/ttsetup/pdk/ciel/sky130/versions/0fe599b2afb6708d281543108caf8310912f54af/sky130A/libs.ref/sky130_fd_sc_hd/lib/sky130_fd_sc_hd__tt_025C_1v80.lib'…
Reading top-level netlist at '/workspaces/tt-verilog-test-counter/runs/wokwi/51-openroad-fillinsertion/tt_um_josue_olivos_6bit_counter.nl.v'…
Linking design 'tt_um_josue_olivos_6bit_counter' from netlist…
Warning: /workspaces/tt-verilog-test-counter/runs/wokwi/51-openroad-fillinsertion/tt_um_josue_olivos_6bit_counter.nl.v line 213, module sky130_fd_sc_hd__tapvpwrvgnd_1 not found. Creating black box for TAP_TAPCELL_ROW_0_78.
Warning: /workspaces/tt-verilog-test-counter/runs/wokwi/51-openroad-fillinsertion/tt_um_josue_olivos_6bit_counter.nl.v line 445, module sky130_ef_sc_hd__decap_12 not found. Creating black box for FILLER_0_3.
Warning: /workspaces/tt-verilog-test-counter/runs/wokwi/51-openroad-fillinsertion/tt_um_josue_olivos_6bit_counter.nl.v line 447, module sky130_fd_sc_hd__fill_1 not found. Creating black box for FILLER_0_27.
Warning: /workspaces/tt-verilog-test-counter/runs/wokwi/51-openroad-fillinsertion/tt_um_josue_olivos_6bit_counter.nl.v line 480, module sky130_fd_sc_hd__fill_2 not found. Creating black box for FILLER_0_333.
Reading design constraints file at '/nix/store/pqxyc4xmydcs5adig47yyc29r3svp5nx-python3-3.11.9-env/lib/python3.11/site-packages/librelane/scripts/base.sdc'…
[INFO] Using clock clk…
[INFO] Setting output delay to: 4
[INFO] Setting input delay to: 4
[INFO] Setting load to: 0.033442
[INFO] Setting clock uncertainty to: 0.25
[INFO] Setting clock transition to: 0.1499999999999999944488848768742172978818416595458984375
[INFO] Setting timing derate to: 5%
Reading top-level design parasitics for the 'min_tt_025C_1v80' corner at '/workspaces/tt-verilog-test-counter/runs/wokwi/53-openroad-rcx/min/tt_um_josue_olivos_6bit_counter.min.spef'…
%OL_CREATE_REPORT min.rpt

===========================================================================
report_checks -path_delay min (Hold)
============================================================================
======================= min_tt_025C_1v80 Corner ===================================

Startpoint: _24_ (rising edge-triggered flip-flop clocked by clk)
Endpoint: _24_ (rising edge-triggered flip-flop clocked by clk)
Path Group: clk
Path Type: min

Fanout         Cap        Slew       Delay        Time   Description
---------------------------------------------------------------------------------------------
                                  0.000000    0.000000   clock clk (rise edge)
                                  0.000000    0.000000   clock source latency
     1    0.012274    0.061465    0.041446    0.041446 ^ clk (in)
                                                         clk (net)
                      0.061468    0.000000    0.041446 ^ clkbuf_0_clk/A (sky130_fd_sc_hd__clkbuf_16)
     2    0.018587    0.040652    0.130102    0.171548 ^ clkbuf_0_clk/X (sky130_fd_sc_hd__clkbuf_16)
                                                         clknet_0_clk (net)
                      0.040652    0.000175    0.171724 ^ clkbuf_1_1__f_clk/A (sky130_fd_sc_hd__clkbuf_16)
     3    0.008160    0.031749    0.112522    0.284246 ^ clkbuf_1_1__f_clk/X (sky130_fd_sc_hd__clkbuf_16)
                                                         clknet_1_1__leaf_clk (net)
                      0.031749    0.000099    0.284345 ^ _24_/CLK (sky130_fd_sc_hd__dfrtp_4)
     6    0.049142    0.162933    0.494929    0.779274 ^ _24_/Q (sky130_fd_sc_hd__dfrtp_4)
                                                         uo_out[0] (net)
                      0.162933    0.000401    0.779675 ^ _12_/A (sky130_fd_sc_hd__inv_2)
     1    0.002517    0.031003    0.037352    0.817026 v _12_/Y (sky130_fd_sc_hd__inv_2)
                                                         _00_ (net)
                      0.031003    0.000025    0.817052 v _24_/D (sky130_fd_sc_hd__dfrtp_4)
                                              0.817052   data arrival time

                                  0.000000    0.000000   clock clk (rise edge)
                                  0.000000    0.000000   clock source latency
     1    0.012274    0.061465    0.041446    0.041446 ^ clk (in)
                                                         clk (net)
                      0.061468    0.000000    0.041446 ^ clkbuf_0_clk/A (sky130_fd_sc_hd__clkbuf_16)
     2    0.018587    0.040652    0.130102    0.171548 ^ clkbuf_0_clk/X (sky130_fd_sc_hd__clkbuf_16)
                                                         clknet_0_clk (net)
                      0.040652    0.000175    0.171724 ^ clkbuf_1_1__f_clk/A (sky130_fd_sc_hd__clkbuf_16)
     3    0.008160    0.031749    0.112522    0.284246 ^ clkbuf_1_1__f_clk/X (sky130_fd_sc_hd__clkbuf_16)
                                                         clknet_1_1__leaf_clk (net)
                      0.031749    0.000099    0.284345 ^ _24_/CLK (sky130_fd_sc_hd__dfrtp_4)
                                  0.250000    0.534345   clock uncertainty
                                  0.000000    0.534345   clock reconvergence pessimism
                                 -0.039387    0.494959   library hold time
                                              0.494959   data required time
---------------------------------------------------------------------------------------------
                                              0.494959   data required time
                                             -0.817052   data arrival time
---------------------------------------------------------------------------------------------
                                              0.322093   slack (MET)


Startpoint: _29_ (rising edge-triggered flip-flop clocked by clk)
Endpoint: _29_ (rising edge-triggered flip-flop clocked by clk)
Path Group: clk
Path Type: min

Fanout         Cap        Slew       Delay        Time   Description
---------------------------------------------------------------------------------------------
                                  0.000000    0.000000   clock clk (rise edge)
                                  0.000000    0.000000   clock source latency
     1    0.012274    0.061465    0.041446    0.041446 ^ clk (in)
                                                         clk (net)
                      0.061468    0.000000    0.041446 ^ clkbuf_0_clk/A (sky130_fd_sc_hd__clkbuf_16)
     2    0.018587    0.040652    0.130102    0.171548 ^ clkbuf_0_clk/X (sky130_fd_sc_hd__clkbuf_16)
                                                         clknet_0_clk (net)
                      0.040652    0.000165    0.171713 ^ clkbuf_1_0__f_clk/A (sky130_fd_sc_hd__clkbuf_16)
     3    0.009008    0.032482    0.113333    0.285046 ^ clkbuf_1_0__f_clk/X (sky130_fd_sc_hd__clkbuf_16)
                                                         clknet_1_0__leaf_clk (net)
                      0.032482    0.000047    0.285093 ^ _29_/CLK (sky130_fd_sc_hd__dfrtp_4)
     2    0.039686    0.138392    0.474141    0.759235 ^ _29_/Q (sky130_fd_sc_hd__dfrtp_4)
                                                         uo_out[5] (net)
                      0.138392    0.000202    0.759437 ^ _23_/A (sky130_fd_sc_hd__xnor2_1)
     1    0.004726    0.047536    0.099838    0.859275 v _23_/Y (sky130_fd_sc_hd__xnor2_1)
                                                         _05_ (net)
                      0.047536    0.000074    0.859349 v _29_/D (sky130_fd_sc_hd__dfrtp_4)
                                              0.859349   data arrival time

                                  0.000000    0.000000   clock clk (rise edge)
                                  0.000000    0.000000   clock source latency
     1    0.012274    0.061465    0.041446    0.041446 ^ clk (in)
                                                         clk (net)
                      0.061468    0.000000    0.041446 ^ clkbuf_0_clk/A (sky130_fd_sc_hd__clkbuf_16)
     2    0.018587    0.040652    0.130102    0.171548 ^ clkbuf_0_clk/X (sky130_fd_sc_hd__clkbuf_16)
                                                         clknet_0_clk (net)
                      0.040652    0.000165    0.171713 ^ clkbuf_1_0__f_clk/A (sky130_fd_sc_hd__clkbuf_16)
     3    0.009008    0.032482    0.113333    0.285046 ^ clkbuf_1_0__f_clk/X (sky130_fd_sc_hd__clkbuf_16)
                                                         clknet_1_0__leaf_clk (net)
                      0.032482    0.000047    0.285093 ^ _29_/CLK (sky130_fd_sc_hd__dfrtp_4)
                                  0.250000    0.535093   clock uncertainty
                                  0.000000    0.535093   clock reconvergence pessimism
                                 -0.045912    0.489181   library hold time
                                              0.489181   data required time
---------------------------------------------------------------------------------------------
                                              0.489181   data required time
                                             -0.859349   data arrival time
---------------------------------------------------------------------------------------------
                                              0.370168   slack (MET)


Startpoint: _26_ (rising edge-triggered flip-flop clocked by clk)
Endpoint: _26_ (rising edge-triggered flip-flop clocked by clk)
Path Group: clk
Path Type: min

Fanout         Cap        Slew       Delay        Time   Description
---------------------------------------------------------------------------------------------
                                  0.000000    0.000000   clock clk (rise edge)
                                  0.000000    0.000000   clock source latency
     1    0.012274    0.061465    0.041446    0.041446 ^ clk (in)
                                                         clk (net)
                      0.061468    0.000000    0.041446 ^ clkbuf_0_clk/A (sky130_fd_sc_hd__clkbuf_16)
     2    0.018587    0.040652    0.130102    0.171548 ^ clkbuf_0_clk/X (sky130_fd_sc_hd__clkbuf_16)
                                                         clknet_0_clk (net)
                      0.040652    0.000175    0.171724 ^ clkbuf_1_1__f_clk/A (sky130_fd_sc_hd__clkbuf_16)
     3    0.008160    0.031749    0.112522    0.284246 ^ clkbuf_1_1__f_clk/X (sky130_fd_sc_hd__clkbuf_16)
                                                         clknet_1_1__leaf_clk (net)
                      0.031749    0.000079    0.284325 ^ _26_/CLK (sky130_fd_sc_hd__dfrtp_4)
     4    0.048089    0.160592    0.491770    0.776095 ^ _26_/Q (sky130_fd_sc_hd__dfrtp_4)
                                                         uo_out[2] (net)
                      0.160596    0.000992    0.777087 ^ _16_/A (sky130_fd_sc_hd__xnor2_1)
     1    0.003294    0.039119    0.094962    0.872048 v _16_/Y (sky130_fd_sc_hd__xnor2_1)
                                                         _02_ (net)
                      0.039119    0.000039    0.872087 v _26_/D (sky130_fd_sc_hd__dfrtp_4)
                                              0.872087   data arrival time

                                  0.000000    0.000000   clock clk (rise edge)
                                  0.000000    0.000000   clock source latency
     1    0.012274    0.061465    0.041446    0.041446 ^ clk (in)
                                                         clk (net)
                      0.061468    0.000000    0.041446 ^ clkbuf_0_clk/A (sky130_fd_sc_hd__clkbuf_16)
     2    0.018587    0.040652    0.130102    0.171548 ^ clkbuf_0_clk/X (sky130_fd_sc_hd__clkbuf_16)
                                                         clknet_0_clk (net)
                      0.040652    0.000175    0.171724 ^ clkbuf_1_1__f_clk/A (sky130_fd_sc_hd__clkbuf_16)
     3    0.008160    0.031749    0.112522    0.284246 ^ clkbuf_1_1__f_clk/X (sky130_fd_sc_hd__clkbuf_16)
                                                         clknet_1_1__leaf_clk (net)
                      0.031749    0.000079    0.284325 ^ _26_/CLK (sky130_fd_sc_hd__dfrtp_4)
                                  0.250000    0.534325   clock uncertainty
                                  0.000000    0.534325   clock reconvergence pessimism
                                 -0.042672    0.491653   library hold time
                                              0.491653   data required time
---------------------------------------------------------------------------------------------
                                              0.491653   data required time
                                             -0.872087   data arrival time
---------------------------------------------------------------------------------------------
                                              0.380435   slack (MET)


Startpoint: _28_ (rising edge-triggered flip-flop clocked by clk)
Endpoint: _28_ (rising edge-triggered flip-flop clocked by clk)
Path Group: clk
Path Type: min

Fanout         Cap        Slew       Delay        Time   Description
---------------------------------------------------------------------------------------------
                                  0.000000    0.000000   clock clk (rise edge)
                                  0.000000    0.000000   clock source latency
     1    0.012274    0.061465    0.041446    0.041446 ^ clk (in)
                                                         clk (net)
                      0.061468    0.000000    0.041446 ^ clkbuf_0_clk/A (sky130_fd_sc_hd__clkbuf_16)
     2    0.018587    0.040652    0.130102    0.171548 ^ clkbuf_0_clk/X (sky130_fd_sc_hd__clkbuf_16)
                                                         clknet_0_clk (net)
                      0.040652    0.000165    0.171713 ^ clkbuf_1_0__f_clk/A (sky130_fd_sc_hd__clkbuf_16)
     3    0.009008    0.032482    0.113333    0.285046 ^ clkbuf_1_0__f_clk/X (sky130_fd_sc_hd__clkbuf_16)
                                                         clknet_1_0__leaf_clk (net)
                      0.032482    0.000141    0.285187 ^ _28_/CLK (sky130_fd_sc_hd__dfrtp_4)
     3    0.040670    0.141027    0.476139    0.761326 ^ _28_/Q (sky130_fd_sc_hd__dfrtp_4)
                                                         uo_out[4] (net)
                      0.141027    0.000475    0.761801 ^ _21_/A (sky130_fd_sc_hd__or2_1)
     1    0.001843    0.033345    0.113677    0.875478 ^ _21_/X (sky130_fd_sc_hd__or2_1)
                                                         _11_ (net)
                      0.033345    0.000008    0.875486 ^ _22_/B (sky130_fd_sc_hd__and2_1)
     1    0.002599    0.044369    0.109603    0.985088 ^ _22_/X (sky130_fd_sc_hd__and2_1)
                                                         _04_ (net)
                      0.044369    0.000028    0.985116 ^ _28_/D (sky130_fd_sc_hd__dfrtp_4)
                                              0.985116   data arrival time

                                  0.000000    0.000000   clock clk (rise edge)
                                  0.000000    0.000000   clock source latency
     1    0.012274    0.061465    0.041446    0.041446 ^ clk (in)
                                                         clk (net)
                      0.061468    0.000000    0.041446 ^ clkbuf_0_clk/A (sky130_fd_sc_hd__clkbuf_16)
     2    0.018587    0.040652    0.130102    0.171548 ^ clkbuf_0_clk/X (sky130_fd_sc_hd__clkbuf_16)
                                                         clknet_0_clk (net)
                      0.040652    0.000165    0.171713 ^ clkbuf_1_0__f_clk/A (sky130_fd_sc_hd__clkbuf_16)
     3    0.009008    0.032482    0.113333    0.285046 ^ clkbuf_1_0__f_clk/X (sky130_fd_sc_hd__clkbuf_16)
                                                         clknet_1_0__leaf_clk (net)
                      0.032482    0.000141    0.285187 ^ _28_/CLK (sky130_fd_sc_hd__dfrtp_4)
                                  0.250000    0.535187   clock uncertainty
                                  0.000000    0.535187   clock reconvergence pessimism
                                 -0.036343    0.498844   library hold time
                                              0.498844   data required time
---------------------------------------------------------------------------------------------
                                              0.498844   data required time
                                             -0.985116   data arrival time
---------------------------------------------------------------------------------------------
                                              0.486272   slack (MET)


Startpoint: _27_ (rising edge-triggered flip-flop clocked by clk)
Endpoint: _27_ (rising edge-triggered flip-flop clocked by clk)
Path Group: clk
Path Type: min

Fanout         Cap        Slew       Delay        Time   Description
---------------------------------------------------------------------------------------------
                                  0.000000    0.000000   clock clk (rise edge)
                                  0.000000    0.000000   clock source latency
     1    0.012274    0.061465    0.041446    0.041446 ^ clk (in)
                                                         clk (net)
                      0.061468    0.000000    0.041446 ^ clkbuf_0_clk/A (sky130_fd_sc_hd__clkbuf_16)
     2    0.018587    0.040652    0.130102    0.171548 ^ clkbuf_0_clk/X (sky130_fd_sc_hd__clkbuf_16)
                                                         clknet_0_clk (net)
                      0.040652    0.000165    0.171713 ^ clkbuf_1_0__f_clk/A (sky130_fd_sc_hd__clkbuf_16)
     3    0.009008    0.032482    0.113333    0.285046 ^ clkbuf_1_0__f_clk/X (sky130_fd_sc_hd__clkbuf_16)
                                                         clknet_1_0__leaf_clk (net)
                      0.032482    0.000109    0.285155 ^ _27_/CLK (sky130_fd_sc_hd__dfrtp_4)
     3    0.040898    0.141605    0.476670    0.761824 ^ _27_/Q (sky130_fd_sc_hd__dfrtp_4)
                                                         uo_out[3] (net)
                      0.141605    0.000423    0.762248 ^ _18_/B1 (sky130_fd_sc_hd__a31o_1)
     1    0.002893    0.042873    0.115177    0.877424 ^ _18_/X (sky130_fd_sc_hd__a31o_1)
                                                         _09_ (net)
                      0.042873    0.000032    0.877457 ^ _19_/B (sky130_fd_sc_hd__and2b_1)
     1    0.002711    0.040610    0.111412    0.988869 ^ _19_/X (sky130_fd_sc_hd__and2b_1)
                                                         _03_ (net)
                      0.040610    0.000029    0.988898 ^ _27_/D (sky130_fd_sc_hd__dfrtp_4)
                                              0.988898   data arrival time

                                  0.000000    0.000000   clock clk (rise edge)
                                  0.000000    0.000000   clock source latency
     1    0.012274    0.061465    0.041446    0.041446 ^ clk (in)
                                                         clk (net)
                      0.061468    0.000000    0.041446 ^ clkbuf_0_clk/A (sky130_fd_sc_hd__clkbuf_16)
     2    0.018587    0.040652    0.130102    0.171548 ^ clkbuf_0_clk/X (sky130_fd_sc_hd__clkbuf_16)
                                                         clknet_0_clk (net)
                      0.040652    0.000165    0.171713 ^ clkbuf_1_0__f_clk/A (sky130_fd_sc_hd__clkbuf_16)
     3    0.009008    0.032482    0.113333    0.285046 ^ clkbuf_1_0__f_clk/X (sky130_fd_sc_hd__clkbuf_16)
                                                         clknet_1_0__leaf_clk (net)
                      0.032482    0.000109    0.285155 ^ _27_/CLK (sky130_fd_sc_hd__dfrtp_4)
                                  0.250000    0.535155   clock uncertainty
                                  0.000000    0.535155   clock reconvergence pessimism
                                 -0.035553    0.499602   library hold time
                                              0.499602   data required time
---------------------------------------------------------------------------------------------
                                              0.499602   data required time
                                             -0.988898   data arrival time
---------------------------------------------------------------------------------------------
                                              0.489296   slack (MET)


Startpoint: _25_ (rising edge-triggered flip-flop clocked by clk)
Endpoint: _25_ (rising edge-triggered flip-flop clocked by clk)
Path Group: clk
Path Type: min

Fanout         Cap        Slew       Delay        Time   Description
---------------------------------------------------------------------------------------------
                                  0.000000    0.000000   clock clk (rise edge)
                                  0.000000    0.000000   clock source latency
     1    0.012274    0.061465    0.041446    0.041446 ^ clk (in)
                                                         clk (net)
                      0.061468    0.000000    0.041446 ^ clkbuf_0_clk/A (sky130_fd_sc_hd__clkbuf_16)
     2    0.018587    0.040652    0.130102    0.171548 ^ clkbuf_0_clk/X (sky130_fd_sc_hd__clkbuf_16)
                                                         clknet_0_clk (net)
                      0.040652    0.000175    0.171724 ^ clkbuf_1_1__f_clk/A (sky130_fd_sc_hd__clkbuf_16)
     3    0.008160    0.031749    0.112522    0.284246 ^ clkbuf_1_1__f_clk/X (sky130_fd_sc_hd__clkbuf_16)
                                                         clknet_1_1__leaf_clk (net)
                      0.031749    0.000080    0.284326 ^ _25_/CLK (sky130_fd_sc_hd__dfrtp_4)
     5    0.044545    0.151117    0.484382    0.768708 ^ _25_/Q (sky130_fd_sc_hd__dfrtp_4)
                                                         uo_out[1] (net)
                      0.151117    0.000464    0.769172 ^ _14_/A (sky130_fd_sc_hd__or2_1)
     1    0.001791    0.033765    0.115407    0.884579 ^ _14_/X (sky130_fd_sc_hd__or2_1)
                                                         _07_ (net)
                      0.033765    0.000008    0.884587 ^ _15_/B (sky130_fd_sc_hd__and2_1)
     1    0.003608    0.052790    0.117296    1.001883 ^ _15_/X (sky130_fd_sc_hd__and2_1)
                                                         _01_ (net)
                      0.052790    0.000053    1.001936 ^ _25_/D (sky130_fd_sc_hd__dfrtp_4)
                                              1.001936   data arrival time

                                  0.000000    0.000000   clock clk (rise edge)
                                  0.000000    0.000000   clock source latency
     1    0.012274    0.061465    0.041446    0.041446 ^ clk (in)
                                                         clk (net)
                      0.061468    0.000000    0.041446 ^ clkbuf_0_clk/A (sky130_fd_sc_hd__clkbuf_16)
     2    0.018587    0.040652    0.130102    0.171548 ^ clkbuf_0_clk/X (sky130_fd_sc_hd__clkbuf_16)
                                                         clknet_0_clk (net)
                      0.040652    0.000175    0.171724 ^ clkbuf_1_1__f_clk/A (sky130_fd_sc_hd__clkbuf_16)
     3    0.008160    0.031749    0.112522    0.284246 ^ clkbuf_1_1__f_clk/X (sky130_fd_sc_hd__clkbuf_16)
                                                         clknet_1_1__leaf_clk (net)
                      0.031749    0.000080    0.284326 ^ _25_/CLK (sky130_fd_sc_hd__dfrtp_4)
                                  0.250000    0.534325   clock uncertainty
                                  0.000000    0.534325   clock reconvergence pessimism
                                 -0.038210    0.496115   library hold time
                                              0.496115   data required time
---------------------------------------------------------------------------------------------
                                              0.496115   data required time
                                             -1.001936   data arrival time
---------------------------------------------------------------------------------------------
                                              0.505820   slack (MET)


Startpoint: rst_n (input port clocked by clk)
Endpoint: _27_ (removal check against rising-edge clock clk)
Path Group: asynchronous
Path Type: min

Fanout         Cap        Slew       Delay        Time   Description
---------------------------------------------------------------------------------------------
                                  0.000000    0.000000   clock clk (rise edge)
                                  0.000000    0.000000   clock network delay (propagated)
                                  4.000000    4.000000 ^ input external delay
     1    0.002266    0.017476    0.008431    4.008430 ^ rst_n (in)
                                                         rst_n (net)
                      0.017476    0.000000    4.008430 ^ input1/A (sky130_fd_sc_hd__buf_2)
     6    0.032737    0.163080    0.182088    4.190518 ^ input1/X (sky130_fd_sc_hd__buf_2)
                                                         net1 (net)
                      0.163097    0.001369    4.191887 ^ _27_/RESET_B (sky130_fd_sc_hd__dfrtp_4)
                                              4.191887   data arrival time

                                  0.000000    0.000000   clock clk (rise edge)
                                  0.000000    0.000000   clock source latency
     1    0.012274    0.061465    0.041446    0.041446 ^ clk (in)
                                                         clk (net)
                      0.061468    0.000000    0.041446 ^ clkbuf_0_clk/A (sky130_fd_sc_hd__clkbuf_16)
     2    0.018587    0.040652    0.130102    0.171548 ^ clkbuf_0_clk/X (sky130_fd_sc_hd__clkbuf_16)
                                                         clknet_0_clk (net)
                      0.040652    0.000165    0.171713 ^ clkbuf_1_0__f_clk/A (sky130_fd_sc_hd__clkbuf_16)
     3    0.009008    0.032482    0.113333    0.285046 ^ clkbuf_1_0__f_clk/X (sky130_fd_sc_hd__clkbuf_16)
                                                         clknet_1_0__leaf_clk (net)
                      0.032482    0.000109    0.285155 ^ _27_/CLK (sky130_fd_sc_hd__dfrtp_4)
                                  0.250000    0.535155   clock uncertainty
                                  0.000000    0.535155   clock reconvergence pessimism
                                  0.349373    0.884528   library removal time
                                              0.884528   data required time
---------------------------------------------------------------------------------------------
                                              0.884528   data required time
                                             -4.191887   data arrival time
---------------------------------------------------------------------------------------------
                                              3.307359   slack (MET)


Startpoint: rst_n (input port clocked by clk)
Endpoint: _28_ (removal check against rising-edge clock clk)
Path Group: asynchronous
Path Type: min

Fanout         Cap        Slew       Delay        Time   Description
---------------------------------------------------------------------------------------------
                                  0.000000    0.000000   clock clk (rise edge)
                                  0.000000    0.000000   clock network delay (propagated)
                                  4.000000    4.000000 ^ input external delay
     1    0.002266    0.017476    0.008431    4.008430 ^ rst_n (in)
                                                         rst_n (net)
                      0.017476    0.000000    4.008430 ^ input1/A (sky130_fd_sc_hd__buf_2)
     6    0.032737    0.163080    0.182088    4.190518 ^ input1/X (sky130_fd_sc_hd__buf_2)
                                                         net1 (net)
                      0.163099    0.001457    4.191975 ^ _28_/RESET_B (sky130_fd_sc_hd__dfrtp_4)
                                              4.191975   data arrival time

                                  0.000000    0.000000   clock clk (rise edge)
                                  0.000000    0.000000   clock source latency
     1    0.012274    0.061465    0.041446    0.041446 ^ clk (in)
                                                         clk (net)
                      0.061468    0.000000    0.041446 ^ clkbuf_0_clk/A (sky130_fd_sc_hd__clkbuf_16)
     2    0.018587    0.040652    0.130102    0.171548 ^ clkbuf_0_clk/X (sky130_fd_sc_hd__clkbuf_16)
                                                         clknet_0_clk (net)
                      0.040652    0.000165    0.171713 ^ clkbuf_1_0__f_clk/A (sky130_fd_sc_hd__clkbuf_16)
     3    0.009008    0.032482    0.113333    0.285046 ^ clkbuf_1_0__f_clk/X (sky130_fd_sc_hd__clkbuf_16)
                                                         clknet_1_0__leaf_clk (net)
                      0.032482    0.000141    0.285187 ^ _28_/CLK (sky130_fd_sc_hd__dfrtp_4)
                                  0.250000    0.535187   clock uncertainty
                                  0.000000    0.535187   clock reconvergence pessimism
                                  0.349374    0.884560   library removal time
                                              0.884560   data required time
---------------------------------------------------------------------------------------------
                                              0.884560   data required time
                                             -4.191975   data arrival time
---------------------------------------------------------------------------------------------
                                              3.307415   slack (MET)


Startpoint: rst_n (input port clocked by clk)
Endpoint: _29_ (removal check against rising-edge clock clk)
Path Group: asynchronous
Path Type: min

Fanout         Cap        Slew       Delay        Time   Description
---------------------------------------------------------------------------------------------
                                  0.000000    0.000000   clock clk (rise edge)
                                  0.000000    0.000000   clock network delay (propagated)
                                  4.000000    4.000000 ^ input external delay
     1    0.002266    0.017476    0.008431    4.008430 ^ rst_n (in)
                                                         rst_n (net)
                      0.017476    0.000000    4.008430 ^ input1/A (sky130_fd_sc_hd__buf_2)
     6    0.032737    0.163080    0.182088    4.190518 ^ input1/X (sky130_fd_sc_hd__buf_2)
                                                         net1 (net)
                      0.163099    0.001459    4.191977 ^ _29_/RESET_B (sky130_fd_sc_hd__dfrtp_4)
                                              4.191977   data arrival time

                                  0.000000    0.000000   clock clk (rise edge)
                                  0.000000    0.000000   clock source latency
     1    0.012274    0.061465    0.041446    0.041446 ^ clk (in)
                                                         clk (net)
                      0.061468    0.000000    0.041446 ^ clkbuf_0_clk/A (sky130_fd_sc_hd__clkbuf_16)
     2    0.018587    0.040652    0.130102    0.171548 ^ clkbuf_0_clk/X (sky130_fd_sc_hd__clkbuf_16)
                                                         clknet_0_clk (net)
                      0.040652    0.000165    0.171713 ^ clkbuf_1_0__f_clk/A (sky130_fd_sc_hd__clkbuf_16)
     3    0.009008    0.032482    0.113333    0.285046 ^ clkbuf_1_0__f_clk/X (sky130_fd_sc_hd__clkbuf_16)
                                                         clknet_1_0__leaf_clk (net)
                      0.032482    0.000047    0.285093 ^ _29_/CLK (sky130_fd_sc_hd__dfrtp_4)
                                  0.250000    0.535093   clock uncertainty
                                  0.000000    0.535093   clock reconvergence pessimism
                                  0.349374    0.884467   library removal time
                                              0.884467   data required time
---------------------------------------------------------------------------------------------
                                              0.884467   data required time
                                             -4.191977   data arrival time
---------------------------------------------------------------------------------------------
                                              3.307510   slack (MET)


Startpoint: rst_n (input port clocked by clk)
Endpoint: _26_ (removal check against rising-edge clock clk)
Path Group: asynchronous
Path Type: min

Fanout         Cap        Slew       Delay        Time   Description
---------------------------------------------------------------------------------------------
                                  0.000000    0.000000   clock clk (rise edge)
                                  0.000000    0.000000   clock network delay (propagated)
                                  4.000000    4.000000 ^ input external delay
     1    0.002266    0.017476    0.008431    4.008430 ^ rst_n (in)
                                                         rst_n (net)
                      0.017476    0.000000    4.008430 ^ input1/A (sky130_fd_sc_hd__buf_2)
     6    0.032737    0.163080    0.182088    4.190518 ^ input1/X (sky130_fd_sc_hd__buf_2)
                                                         net1 (net)
                      0.163084    0.000628    4.191147 ^ _26_/RESET_B (sky130_fd_sc_hd__dfrtp_4)
                                              4.191147   data arrival time

                                  0.000000    0.000000   clock clk (rise edge)
                                  0.000000    0.000000   clock source latency
     1    0.012274    0.061465    0.041446    0.041446 ^ clk (in)
                                                         clk (net)
                      0.061468    0.000000    0.041446 ^ clkbuf_0_clk/A (sky130_fd_sc_hd__clkbuf_16)
     2    0.018587    0.040652    0.130102    0.171548 ^ clkbuf_0_clk/X (sky130_fd_sc_hd__clkbuf_16)
                                                         clknet_0_clk (net)
                      0.040652    0.000175    0.171724 ^ clkbuf_1_1__f_clk/A (sky130_fd_sc_hd__clkbuf_16)
     3    0.008160    0.031749    0.112522    0.284246 ^ clkbuf_1_1__f_clk/X (sky130_fd_sc_hd__clkbuf_16)
                                                         clknet_1_1__leaf_clk (net)
                      0.031749    0.000079    0.284325 ^ _26_/CLK (sky130_fd_sc_hd__dfrtp_4)
                                  0.250000    0.534325   clock uncertainty
                                  0.000000    0.534325   clock reconvergence pessimism
                                  0.349169    0.883493   library removal time
                                              0.883493   data required time
---------------------------------------------------------------------------------------------
                                              0.883493   data required time
                                             -4.191147   data arrival time
---------------------------------------------------------------------------------------------
                                              3.307653   slack (MET)


Startpoint: rst_n (input port clocked by clk)
Endpoint: _25_ (removal check against rising-edge clock clk)
Path Group: asynchronous
Path Type: min

Fanout         Cap        Slew       Delay        Time   Description
---------------------------------------------------------------------------------------------
                                  0.000000    0.000000   clock clk (rise edge)
                                  0.000000    0.000000   clock network delay (propagated)
                                  4.000000    4.000000 ^ input external delay
     1    0.002266    0.017476    0.008431    4.008430 ^ rst_n (in)
                                                         rst_n (net)
                      0.017476    0.000000    4.008430 ^ input1/A (sky130_fd_sc_hd__buf_2)
     6    0.032737    0.163080    0.182088    4.190518 ^ input1/X (sky130_fd_sc_hd__buf_2)
                                                         net1 (net)
                      0.163087    0.000878    4.191397 ^ _25_/RESET_B (sky130_fd_sc_hd__dfrtp_4)
                                              4.191397   data arrival time

                                  0.000000    0.000000   clock clk (rise edge)
                                  0.000000    0.000000   clock source latency
     1    0.012274    0.061465    0.041446    0.041446 ^ clk (in)
                                                         clk (net)
                      0.061468    0.000000    0.041446 ^ clkbuf_0_clk/A (sky130_fd_sc_hd__clkbuf_16)
     2    0.018587    0.040652    0.130102    0.171548 ^ clkbuf_0_clk/X (sky130_fd_sc_hd__clkbuf_16)
                                                         clknet_0_clk (net)
                      0.040652    0.000175    0.171724 ^ clkbuf_1_1__f_clk/A (sky130_fd_sc_hd__clkbuf_16)
     3    0.008160    0.031749    0.112522    0.284246 ^ clkbuf_1_1__f_clk/X (sky130_fd_sc_hd__clkbuf_16)
                                                         clknet_1_1__leaf_clk (net)
                      0.031749    0.000080    0.284326 ^ _25_/CLK (sky130_fd_sc_hd__dfrtp_4)
                                  0.250000    0.534325   clock uncertainty
                                  0.000000    0.534325   clock reconvergence pessimism
                                  0.349170    0.883495   library removal time
                                              0.883495   data required time
---------------------------------------------------------------------------------------------
                                              0.883495   data required time
                                             -4.191397   data arrival time
---------------------------------------------------------------------------------------------
                                              3.307902   slack (MET)


Startpoint: rst_n (input port clocked by clk)
Endpoint: _24_ (removal check against rising-edge clock clk)
Path Group: asynchronous
Path Type: min

Fanout         Cap        Slew       Delay        Time   Description
---------------------------------------------------------------------------------------------
                                  0.000000    0.000000   clock clk (rise edge)
                                  0.000000    0.000000   clock network delay (propagated)
                                  4.000000    4.000000 ^ input external delay
     1    0.002266    0.017476    0.008431    4.008430 ^ rst_n (in)
                                                         rst_n (net)
                      0.017476    0.000000    4.008430 ^ input1/A (sky130_fd_sc_hd__buf_2)
     6    0.032737    0.163080    0.182088    4.190518 ^ input1/X (sky130_fd_sc_hd__buf_2)
                                                         net1 (net)
                      0.163094    0.001227    4.191745 ^ _24_/RESET_B (sky130_fd_sc_hd__dfrtp_4)
                                              4.191745   data arrival time

                                  0.000000    0.000000   clock clk (rise edge)
                                  0.000000    0.000000   clock source latency
     1    0.012274    0.061465    0.041446    0.041446 ^ clk (in)
                                                         clk (net)
                      0.061468    0.000000    0.041446 ^ clkbuf_0_clk/A (sky130_fd_sc_hd__clkbuf_16)
     2    0.018587    0.040652    0.130102    0.171548 ^ clkbuf_0_clk/X (sky130_fd_sc_hd__clkbuf_16)
                                                         clknet_0_clk (net)
                      0.040652    0.000175    0.171724 ^ clkbuf_1_1__f_clk/A (sky130_fd_sc_hd__clkbuf_16)
     3    0.008160    0.031749    0.112522    0.284246 ^ clkbuf_1_1__f_clk/X (sky130_fd_sc_hd__clkbuf_16)
                                                         clknet_1_1__leaf_clk (net)
                      0.031749    0.000099    0.284345 ^ _24_/CLK (sky130_fd_sc_hd__dfrtp_4)
                                  0.250000    0.534345   clock uncertainty
                                  0.000000    0.534345   clock reconvergence pessimism
                                  0.349171    0.883517   library removal time
                                              0.883517   data required time
---------------------------------------------------------------------------------------------
                                              0.883517   data required time
                                             -4.191745   data arrival time
---------------------------------------------------------------------------------------------
                                              3.308228   slack (MET)


Startpoint: _29_ (rising edge-triggered flip-flop clocked by clk)
Endpoint: uo_out[5] (output port clocked by clk)
Path Group: clk
Path Type: min

Fanout         Cap        Slew       Delay        Time   Description
---------------------------------------------------------------------------------------------
                                  0.000000    0.000000   clock clk (rise edge)
                                  0.000000    0.000000   clock source latency
     1    0.012274    0.061465    0.041446    0.041446 ^ clk (in)
                                                         clk (net)
                      0.061468    0.000000    0.041446 ^ clkbuf_0_clk/A (sky130_fd_sc_hd__clkbuf_16)
     2    0.018587    0.040652    0.130102    0.171548 ^ clkbuf_0_clk/X (sky130_fd_sc_hd__clkbuf_16)
                                                         clknet_0_clk (net)
                      0.040652    0.000165    0.171713 ^ clkbuf_1_0__f_clk/A (sky130_fd_sc_hd__clkbuf_16)
     3    0.009008    0.032482    0.113333    0.285046 ^ clkbuf_1_0__f_clk/X (sky130_fd_sc_hd__clkbuf_16)
                                                         clknet_1_0__leaf_clk (net)
                      0.032482    0.000047    0.285093 ^ _29_/CLK (sky130_fd_sc_hd__dfrtp_4)
     2    0.039686    0.138392    0.474141    0.759235 ^ _29_/Q (sky130_fd_sc_hd__dfrtp_4)
                                                         uo_out[5] (net)
                      0.138392    0.000201    0.759436 ^ uo_out[5] (out)
                                              0.759436   data arrival time

                                  0.000000    0.000000   clock clk (rise edge)
                                  0.000000    0.000000   clock network delay (propagated)
                                  0.250000    0.250000   clock uncertainty
                                  0.000000    0.250000   clock reconvergence pessimism
                                 -4.000000   -3.750000   output external delay
                                             -3.750000   data required time
---------------------------------------------------------------------------------------------
                                             -3.750000   data required time
                                             -0.759436   data arrival time
---------------------------------------------------------------------------------------------
                                              4.509436   slack (MET)


Startpoint: _28_ (rising edge-triggered flip-flop clocked by clk)
Endpoint: uo_out[4] (output port clocked by clk)
Path Group: clk
Path Type: min

Fanout         Cap        Slew       Delay        Time   Description
---------------------------------------------------------------------------------------------
                                  0.000000    0.000000   clock clk (rise edge)
                                  0.000000    0.000000   clock source latency
     1    0.012274    0.061465    0.041446    0.041446 ^ clk (in)
                                                         clk (net)
                      0.061468    0.000000    0.041446 ^ clkbuf_0_clk/A (sky130_fd_sc_hd__clkbuf_16)
     2    0.018587    0.040652    0.130102    0.171548 ^ clkbuf_0_clk/X (sky130_fd_sc_hd__clkbuf_16)
                                                         clknet_0_clk (net)
                      0.040652    0.000165    0.171713 ^ clkbuf_1_0__f_clk/A (sky130_fd_sc_hd__clkbuf_16)
     3    0.009008    0.032482    0.113333    0.285046 ^ clkbuf_1_0__f_clk/X (sky130_fd_sc_hd__clkbuf_16)
                                                         clknet_1_0__leaf_clk (net)
                      0.032482    0.000141    0.285187 ^ _28_/CLK (sky130_fd_sc_hd__dfrtp_4)
     3    0.040670    0.141027    0.476139    0.761326 ^ _28_/Q (sky130_fd_sc_hd__dfrtp_4)
                                                         uo_out[4] (net)
                      0.141027    0.000530    0.761856 ^ uo_out[4] (out)
                                              0.761856   data arrival time

                                  0.000000    0.000000   clock clk (rise edge)
                                  0.000000    0.000000   clock network delay (propagated)
                                  0.250000    0.250000   clock uncertainty
                                  0.000000    0.250000   clock reconvergence pessimism
                                 -4.000000   -3.750000   output external delay
                                             -3.750000   data required time
---------------------------------------------------------------------------------------------
                                             -3.750000   data required time
                                             -0.761856   data arrival time
---------------------------------------------------------------------------------------------
                                              4.511856   slack (MET)


Startpoint: _27_ (rising edge-triggered flip-flop clocked by clk)
Endpoint: uo_out[3] (output port clocked by clk)
Path Group: clk
Path Type: min

Fanout         Cap        Slew       Delay        Time   Description
---------------------------------------------------------------------------------------------
                                  0.000000    0.000000   clock clk (rise edge)
                                  0.000000    0.000000   clock source latency
     1    0.012274    0.061465    0.041446    0.041446 ^ clk (in)
                                                         clk (net)
                      0.061468    0.000000    0.041446 ^ clkbuf_0_clk/A (sky130_fd_sc_hd__clkbuf_16)
     2    0.018587    0.040652    0.130102    0.171548 ^ clkbuf_0_clk/X (sky130_fd_sc_hd__clkbuf_16)
                                                         clknet_0_clk (net)
                      0.040652    0.000165    0.171713 ^ clkbuf_1_0__f_clk/A (sky130_fd_sc_hd__clkbuf_16)
     3    0.009008    0.032482    0.113333    0.285046 ^ clkbuf_1_0__f_clk/X (sky130_fd_sc_hd__clkbuf_16)
                                                         clknet_1_0__leaf_clk (net)
                      0.032482    0.000109    0.285155 ^ _27_/CLK (sky130_fd_sc_hd__dfrtp_4)
     3    0.040898    0.141605    0.476670    0.761824 ^ _27_/Q (sky130_fd_sc_hd__dfrtp_4)
                                                         uo_out[3] (net)
                      0.141605    0.000506    0.762331 ^ uo_out[3] (out)
                                              0.762331   data arrival time

                                  0.000000    0.000000   clock clk (rise edge)
                                  0.000000    0.000000   clock network delay (propagated)
                                  0.250000    0.250000   clock uncertainty
                                  0.000000    0.250000   clock reconvergence pessimism
                                 -4.000000   -3.750000   output external delay
                                             -3.750000   data required time
---------------------------------------------------------------------------------------------
                                             -3.750000   data required time
                                             -0.762331   data arrival time
---------------------------------------------------------------------------------------------
                                              4.512331   slack (MET)


Startpoint: _25_ (rising edge-triggered flip-flop clocked by clk)
Endpoint: uo_out[1] (output port clocked by clk)
Path Group: clk
Path Type: min

Fanout         Cap        Slew       Delay        Time   Description
---------------------------------------------------------------------------------------------
                                  0.000000    0.000000   clock clk (rise edge)
                                  0.000000    0.000000   clock source latency
     1    0.012274    0.061465    0.041446    0.041446 ^ clk (in)
                                                         clk (net)
                      0.061468    0.000000    0.041446 ^ clkbuf_0_clk/A (sky130_fd_sc_hd__clkbuf_16)
     2    0.018587    0.040652    0.130102    0.171548 ^ clkbuf_0_clk/X (sky130_fd_sc_hd__clkbuf_16)
                                                         clknet_0_clk (net)
                      0.040652    0.000175    0.171724 ^ clkbuf_1_1__f_clk/A (sky130_fd_sc_hd__clkbuf_16)
     3    0.008160    0.031749    0.112522    0.284246 ^ clkbuf_1_1__f_clk/X (sky130_fd_sc_hd__clkbuf_16)
                                                         clknet_1_1__leaf_clk (net)
                      0.031749    0.000080    0.284326 ^ _25_/CLK (sky130_fd_sc_hd__dfrtp_4)
     5    0.044545    0.151117    0.484382    0.768708 ^ _25_/Q (sky130_fd_sc_hd__dfrtp_4)
                                                         uo_out[1] (net)
                      0.151119    0.000864    0.769571 ^ uo_out[1] (out)
                                              0.769571   data arrival time

                                  0.000000    0.000000   clock clk (rise edge)
                                  0.000000    0.000000   clock network delay (propagated)
                                  0.250000    0.250000   clock uncertainty
                                  0.000000    0.250000   clock reconvergence pessimism
                                 -4.000000   -3.750000   output external delay
                                             -3.750000   data required time
---------------------------------------------------------------------------------------------
                                             -3.750000   data required time
                                             -0.769571   data arrival time
---------------------------------------------------------------------------------------------
                                              4.519571   slack (MET)


Startpoint: _26_ (rising edge-triggered flip-flop clocked by clk)
Endpoint: uo_out[2] (output port clocked by clk)
Path Group: clk
Path Type: min

Fanout         Cap        Slew       Delay        Time   Description
---------------------------------------------------------------------------------------------
                                  0.000000    0.000000   clock clk (rise edge)
                                  0.000000    0.000000   clock source latency
     1    0.012274    0.061465    0.041446    0.041446 ^ clk (in)
                                                         clk (net)
                      0.061468    0.000000    0.041446 ^ clkbuf_0_clk/A (sky130_fd_sc_hd__clkbuf_16)
     2    0.018587    0.040652    0.130102    0.171548 ^ clkbuf_0_clk/X (sky130_fd_sc_hd__clkbuf_16)
                                                         clknet_0_clk (net)
                      0.040652    0.000175    0.171724 ^ clkbuf_1_1__f_clk/A (sky130_fd_sc_hd__clkbuf_16)
     3    0.008160    0.031749    0.112522    0.284246 ^ clkbuf_1_1__f_clk/X (sky130_fd_sc_hd__clkbuf_16)
                                                         clknet_1_1__leaf_clk (net)
                      0.031749    0.000079    0.284325 ^ _26_/CLK (sky130_fd_sc_hd__dfrtp_4)
     4    0.048089    0.160592    0.491770    0.776095 ^ _26_/Q (sky130_fd_sc_hd__dfrtp_4)
                                                         uo_out[2] (net)
                      0.160610    0.001708    0.777803 ^ uo_out[2] (out)
                                              0.777803   data arrival time

                                  0.000000    0.000000   clock clk (rise edge)
                                  0.000000    0.000000   clock network delay (propagated)
                                  0.250000    0.250000   clock uncertainty
                                  0.000000    0.250000   clock reconvergence pessimism
                                 -4.000000   -3.750000   output external delay
                                             -3.750000   data required time
---------------------------------------------------------------------------------------------
                                             -3.750000   data required time
                                             -0.777803   data arrival time
---------------------------------------------------------------------------------------------
                                              4.527803   slack (MET)


Startpoint: _24_ (rising edge-triggered flip-flop clocked by clk)
Endpoint: uo_out[0] (output port clocked by clk)
Path Group: clk
Path Type: min

Fanout         Cap        Slew       Delay        Time   Description
---------------------------------------------------------------------------------------------
                                  0.000000    0.000000   clock clk (rise edge)
                                  0.000000    0.000000   clock source latency
     1    0.012274    0.061465    0.041446    0.041446 ^ clk (in)
                                                         clk (net)
                      0.061468    0.000000    0.041446 ^ clkbuf_0_clk/A (sky130_fd_sc_hd__clkbuf_16)
     2    0.018587    0.040652    0.130102    0.171548 ^ clkbuf_0_clk/X (sky130_fd_sc_hd__clkbuf_16)
                                                         clknet_0_clk (net)
                      0.040652    0.000175    0.171724 ^ clkbuf_1_1__f_clk/A (sky130_fd_sc_hd__clkbuf_16)
     3    0.008160    0.031749    0.112522    0.284246 ^ clkbuf_1_1__f_clk/X (sky130_fd_sc_hd__clkbuf_16)
                                                         clknet_1_1__leaf_clk (net)
                      0.031749    0.000099    0.284345 ^ _24_/CLK (sky130_fd_sc_hd__dfrtp_4)
     6    0.049142    0.162933    0.494929    0.779274 ^ _24_/Q (sky130_fd_sc_hd__dfrtp_4)
                                                         uo_out[0] (net)
                      0.162933    0.000476    0.779750 ^ uo_out[0] (out)
                                              0.779750   data arrival time

                                  0.000000    0.000000   clock clk (rise edge)
                                  0.000000    0.000000   clock network delay (propagated)
                                  0.250000    0.250000   clock uncertainty
                                  0.000000    0.250000   clock reconvergence pessimism
                                 -4.000000   -3.750000   output external delay
                                             -3.750000   data required time
---------------------------------------------------------------------------------------------
                                             -3.750000   data required time
                                             -0.779750   data arrival time
---------------------------------------------------------------------------------------------
                                              4.529750   slack (MET)



%OL_END_REPORT
%OL_CREATE_REPORT max.rpt

===========================================================================
report_checks -path_delay max (Setup)
============================================================================
======================= min_tt_025C_1v80 Corner ===================================

Startpoint: _24_ (rising edge-triggered flip-flop clocked by clk)
Endpoint: uo_out[0] (output port clocked by clk)
Path Group: clk
Path Type: max

Fanout         Cap        Slew       Delay        Time   Description
---------------------------------------------------------------------------------------------
                                  0.000000    0.000000   clock clk (rise edge)
                                  0.000000    0.000000   clock source latency
     1    0.012274    0.061465    0.041446    0.041446 ^ clk (in)
                                                         clk (net)
                      0.061468    0.000000    0.041446 ^ clkbuf_0_clk/A (sky130_fd_sc_hd__clkbuf_16)
     2    0.018587    0.040652    0.130102    0.171548 ^ clkbuf_0_clk/X (sky130_fd_sc_hd__clkbuf_16)
                                                         clknet_0_clk (net)
                      0.040652    0.000175    0.171724 ^ clkbuf_1_1__f_clk/A (sky130_fd_sc_hd__clkbuf_16)
     3    0.008160    0.031749    0.112522    0.284246 ^ clkbuf_1_1__f_clk/X (sky130_fd_sc_hd__clkbuf_16)
                                                         clknet_1_1__leaf_clk (net)
                      0.031749    0.000099    0.284345 ^ _24_/CLK (sky130_fd_sc_hd__dfrtp_4)
     6    0.048152    0.118327    0.542266    0.826611 v _24_/Q (sky130_fd_sc_hd__dfrtp_4)
                                                         uo_out[0] (net)
                      0.118328    0.000469    0.827080 v uo_out[0] (out)
                                              0.827080   data arrival time

                                 20.000000   20.000000   clock clk (rise edge)
                                  0.000000   20.000000   clock network delay (propagated)
                                 -0.250000   19.750002   clock uncertainty
                                  0.000000   19.750002   clock reconvergence pessimism
                                 -4.000000   15.750001   output external delay
                                             15.750001   data required time
---------------------------------------------------------------------------------------------
                                             15.750001   data required time
                                             -0.827080   data arrival time
---------------------------------------------------------------------------------------------
                                             14.922920   slack (MET)


Startpoint: _26_ (rising edge-triggered flip-flop clocked by clk)
Endpoint: uo_out[2] (output port clocked by clk)
Path Group: clk
Path Type: max

Fanout         Cap        Slew       Delay        Time   Description
---------------------------------------------------------------------------------------------
                                  0.000000    0.000000   clock clk (rise edge)
                                  0.000000    0.000000   clock source latency
     1    0.012274    0.061465    0.041446    0.041446 ^ clk (in)
                                                         clk (net)
                      0.061468    0.000000    0.041446 ^ clkbuf_0_clk/A (sky130_fd_sc_hd__clkbuf_16)
     2    0.018587    0.040652    0.130102    0.171548 ^ clkbuf_0_clk/X (sky130_fd_sc_hd__clkbuf_16)
                                                         clknet_0_clk (net)
                      0.040652    0.000175    0.171724 ^ clkbuf_1_1__f_clk/A (sky130_fd_sc_hd__clkbuf_16)
     3    0.008160    0.031749    0.112522    0.284246 ^ clkbuf_1_1__f_clk/X (sky130_fd_sc_hd__clkbuf_16)
                                                         clknet_1_1__leaf_clk (net)
                      0.031749    0.000079    0.284325 ^ _26_/CLK (sky130_fd_sc_hd__dfrtp_4)
     4    0.047440    0.117912    0.540190    0.824515 v _26_/Q (sky130_fd_sc_hd__dfrtp_4)
                                                         uo_out[2] (net)
                      0.117938    0.001690    0.826204 v uo_out[2] (out)
                                              0.826204   data arrival time

                                 20.000000   20.000000   clock clk (rise edge)
                                  0.000000   20.000000   clock network delay (propagated)
                                 -0.250000   19.750002   clock uncertainty
                                  0.000000   19.750002   clock reconvergence pessimism
                                 -4.000000   15.750001   output external delay
                                             15.750001   data required time
---------------------------------------------------------------------------------------------
                                             15.750001   data required time
                                             -0.826204   data arrival time
---------------------------------------------------------------------------------------------
                                             14.923796   slack (MET)


Startpoint: _25_ (rising edge-triggered flip-flop clocked by clk)
Endpoint: uo_out[1] (output port clocked by clk)
Path Group: clk
Path Type: max

Fanout         Cap        Slew       Delay        Time   Description
---------------------------------------------------------------------------------------------
                                  0.000000    0.000000   clock clk (rise edge)
                                  0.000000    0.000000   clock source latency
     1    0.012274    0.061465    0.041446    0.041446 ^ clk (in)
                                                         clk (net)
                      0.061468    0.000000    0.041446 ^ clkbuf_0_clk/A (sky130_fd_sc_hd__clkbuf_16)
     2    0.018587    0.040652    0.130102    0.171548 ^ clkbuf_0_clk/X (sky130_fd_sc_hd__clkbuf_16)
                                                         clknet_0_clk (net)
                      0.040652    0.000175    0.171724 ^ clkbuf_1_1__f_clk/A (sky130_fd_sc_hd__clkbuf_16)
     3    0.008160    0.031749    0.112522    0.284246 ^ clkbuf_1_1__f_clk/X (sky130_fd_sc_hd__clkbuf_16)
                                                         clknet_1_1__leaf_clk (net)
                      0.031749    0.000080    0.284326 ^ _25_/CLK (sky130_fd_sc_hd__dfrtp_4)
     5    0.044095    0.112400    0.535015    0.819340 v _25_/Q (sky130_fd_sc_hd__dfrtp_4)
                                                         uo_out[1] (net)
                      0.112405    0.000858    0.820198 v uo_out[1] (out)
                                              0.820198   data arrival time

                                 20.000000   20.000000   clock clk (rise edge)
                                  0.000000   20.000000   clock network delay (propagated)
                                 -0.250000   19.750002   clock uncertainty
                                  0.000000   19.750002   clock reconvergence pessimism
                                 -4.000000   15.750001   output external delay
                                             15.750001   data required time
---------------------------------------------------------------------------------------------
                                             15.750001   data required time
                                             -0.820198   data arrival time
---------------------------------------------------------------------------------------------
                                             14.929802   slack (MET)


Startpoint: _27_ (rising edge-triggered flip-flop clocked by clk)
Endpoint: uo_out[3] (output port clocked by clk)
Path Group: clk
Path Type: max

Fanout         Cap        Slew       Delay        Time   Description
---------------------------------------------------------------------------------------------
                                  0.000000    0.000000   clock clk (rise edge)
                                  0.000000    0.000000   clock source latency
     1    0.012274    0.061465    0.041446    0.041446 ^ clk (in)
                                                         clk (net)
                      0.061468    0.000000    0.041446 ^ clkbuf_0_clk/A (sky130_fd_sc_hd__clkbuf_16)
     2    0.018587    0.040652    0.130102    0.171548 ^ clkbuf_0_clk/X (sky130_fd_sc_hd__clkbuf_16)
                                                         clknet_0_clk (net)
                      0.040652    0.000165    0.171713 ^ clkbuf_1_0__f_clk/A (sky130_fd_sc_hd__clkbuf_16)
     3    0.009008    0.032482    0.113333    0.285046 ^ clkbuf_1_0__f_clk/X (sky130_fd_sc_hd__clkbuf_16)
                                                         clknet_1_0__leaf_clk (net)
                      0.032482    0.000109    0.285155 ^ _27_/CLK (sky130_fd_sc_hd__dfrtp_4)
     3    0.040445    0.106851    0.529185    0.814340 v _27_/Q (sky130_fd_sc_hd__dfrtp_4)
                                                         uo_out[3] (net)
                      0.106852    0.000502    0.814842 v uo_out[3] (out)
                                              0.814842   data arrival time

                                 20.000000   20.000000   clock clk (rise edge)
                                  0.000000   20.000000   clock network delay (propagated)
                                 -0.250000   19.750002   clock uncertainty
                                  0.000000   19.750002   clock reconvergence pessimism
                                 -4.000000   15.750001   output external delay
                                             15.750001   data required time
---------------------------------------------------------------------------------------------
                                             15.750001   data required time
                                             -0.814842   data arrival time
---------------------------------------------------------------------------------------------
                                             14.935160   slack (MET)


Startpoint: _28_ (rising edge-triggered flip-flop clocked by clk)
Endpoint: uo_out[4] (output port clocked by clk)
Path Group: clk
Path Type: max

Fanout         Cap        Slew       Delay        Time   Description
---------------------------------------------------------------------------------------------
                                  0.000000    0.000000   clock clk (rise edge)
                                  0.000000    0.000000   clock source latency
     1    0.012274    0.061465    0.041446    0.041446 ^ clk (in)
                                                         clk (net)
                      0.061468    0.000000    0.041446 ^ clkbuf_0_clk/A (sky130_fd_sc_hd__clkbuf_16)
     2    0.018587    0.040652    0.130102    0.171548 ^ clkbuf_0_clk/X (sky130_fd_sc_hd__clkbuf_16)
                                                         clknet_0_clk (net)
                      0.040652    0.000165    0.171713 ^ clkbuf_1_0__f_clk/A (sky130_fd_sc_hd__clkbuf_16)
     3    0.009008    0.032482    0.113333    0.285046 ^ clkbuf_1_0__f_clk/X (sky130_fd_sc_hd__clkbuf_16)
                                                         clknet_1_0__leaf_clk (net)
                      0.032482    0.000141    0.285187 ^ _28_/CLK (sky130_fd_sc_hd__dfrtp_4)
     3    0.040405    0.106808    0.529097    0.814283 v _28_/Q (sky130_fd_sc_hd__dfrtp_4)
                                                         uo_out[4] (net)
                      0.106809    0.000527    0.814811 v uo_out[4] (out)
                                              0.814811   data arrival time

                                 20.000000   20.000000   clock clk (rise edge)
                                  0.000000   20.000000   clock network delay (propagated)
                                 -0.250000   19.750002   clock uncertainty
                                  0.000000   19.750002   clock reconvergence pessimism
                                 -4.000000   15.750001   output external delay
                                             15.750001   data required time
---------------------------------------------------------------------------------------------
                                             15.750001   data required time
                                             -0.814811   data arrival time
---------------------------------------------------------------------------------------------
                                             14.935189   slack (MET)


Startpoint: _29_ (rising edge-triggered flip-flop clocked by clk)
Endpoint: uo_out[5] (output port clocked by clk)
Path Group: clk
Path Type: max

Fanout         Cap        Slew       Delay        Time   Description
---------------------------------------------------------------------------------------------
                                  0.000000    0.000000   clock clk (rise edge)
                                  0.000000    0.000000   clock source latency
     1    0.012274    0.061465    0.041446    0.041446 ^ clk (in)
                                                         clk (net)
                      0.061468    0.000000    0.041446 ^ clkbuf_0_clk/A (sky130_fd_sc_hd__clkbuf_16)
     2    0.018587    0.040652    0.130102    0.171548 ^ clkbuf_0_clk/X (sky130_fd_sc_hd__clkbuf_16)
                                                         clknet_0_clk (net)
                      0.040652    0.000165    0.171713 ^ clkbuf_1_0__f_clk/A (sky130_fd_sc_hd__clkbuf_16)
     3    0.009008    0.032482    0.113333    0.285046 ^ clkbuf_1_0__f_clk/X (sky130_fd_sc_hd__clkbuf_16)
                                                         clknet_1_0__leaf_clk (net)
                      0.032482    0.000047    0.285093 ^ _29_/CLK (sky130_fd_sc_hd__dfrtp_4)
     2    0.039348    0.105108    0.527484    0.812577 v _29_/Q (sky130_fd_sc_hd__dfrtp_4)
                                                         uo_out[5] (net)
                      0.105108    0.000200    0.812777 v uo_out[5] (out)
                                              0.812777   data arrival time

                                 20.000000   20.000000   clock clk (rise edge)
                                  0.000000   20.000000   clock network delay (propagated)
                                 -0.250000   19.750002   clock uncertainty
                                  0.000000   19.750002   clock reconvergence pessimism
                                 -4.000000   15.750001   output external delay
                                             15.750001   data required time
---------------------------------------------------------------------------------------------
                                             15.750001   data required time
                                             -0.812777   data arrival time
---------------------------------------------------------------------------------------------
                                             14.937223   slack (MET)


Startpoint: rst_n (input port clocked by clk)
Endpoint: _24_ (recovery check against rising-edge clock clk)
Path Group: asynchronous
Path Type: max

Fanout         Cap        Slew       Delay        Time   Description
---------------------------------------------------------------------------------------------
                                  0.000000    0.000000   clock clk (rise edge)
                                  0.000000    0.000000   clock network delay (propagated)
                                  4.000000    4.000000 ^ input external delay
     1    0.002266    0.017476    0.008431    4.008430 ^ rst_n (in)
                                                         rst_n (net)
                      0.017476    0.000000    4.008430 ^ input1/A (sky130_fd_sc_hd__buf_2)
     6    0.032737    0.163080    0.182088    4.190518 ^ input1/X (sky130_fd_sc_hd__buf_2)
                                                         net1 (net)
                      0.163094    0.001227    4.191745 ^ _24_/RESET_B (sky130_fd_sc_hd__dfrtp_4)
                                              4.191745   data arrival time

                                 20.000000   20.000000   clock clk (rise edge)
                                  0.000000   20.000000   clock source latency
     1    0.012274    0.061465    0.041446   20.041447 ^ clk (in)
                                                         clk (net)
                      0.061468    0.000000   20.041447 ^ clkbuf_0_clk/A (sky130_fd_sc_hd__clkbuf_16)
     2    0.018587    0.040652    0.130102   20.171549 ^ clkbuf_0_clk/X (sky130_fd_sc_hd__clkbuf_16)
                                                         clknet_0_clk (net)
                      0.040652    0.000176   20.171724 ^ clkbuf_1_1__f_clk/A (sky130_fd_sc_hd__clkbuf_16)
     3    0.008160    0.031749    0.112522   20.284246 ^ clkbuf_1_1__f_clk/X (sky130_fd_sc_hd__clkbuf_16)
                                                         clknet_1_1__leaf_clk (net)
                      0.031749    0.000099   20.284346 ^ _24_/CLK (sky130_fd_sc_hd__dfrtp_4)
                                 -0.250000   20.034346   clock uncertainty
                                  0.000000   20.034346   clock reconvergence pessimism
                                  0.174801   20.209146   library recovery time
                                             20.209146   data required time
---------------------------------------------------------------------------------------------
                                             20.209146   data required time
                                             -4.191745   data arrival time
---------------------------------------------------------------------------------------------
                                             16.017403   slack (MET)


Startpoint: rst_n (input port clocked by clk)
Endpoint: _25_ (recovery check against rising-edge clock clk)
Path Group: asynchronous
Path Type: max

Fanout         Cap        Slew       Delay        Time   Description
---------------------------------------------------------------------------------------------
                                  0.000000    0.000000   clock clk (rise edge)
                                  0.000000    0.000000   clock network delay (propagated)
                                  4.000000    4.000000 ^ input external delay
     1    0.002266    0.017476    0.008431    4.008430 ^ rst_n (in)
                                                         rst_n (net)
                      0.017476    0.000000    4.008430 ^ input1/A (sky130_fd_sc_hd__buf_2)
     6    0.032737    0.163080    0.182088    4.190518 ^ input1/X (sky130_fd_sc_hd__buf_2)
                                                         net1 (net)
                      0.163087    0.000878    4.191397 ^ _25_/RESET_B (sky130_fd_sc_hd__dfrtp_4)
                                              4.191397   data arrival time

                                 20.000000   20.000000   clock clk (rise edge)
                                  0.000000   20.000000   clock source latency
     1    0.012274    0.061465    0.041446   20.041447 ^ clk (in)
                                                         clk (net)
                      0.061468    0.000000   20.041447 ^ clkbuf_0_clk/A (sky130_fd_sc_hd__clkbuf_16)
     2    0.018587    0.040652    0.130102   20.171549 ^ clkbuf_0_clk/X (sky130_fd_sc_hd__clkbuf_16)
                                                         clknet_0_clk (net)
                      0.040652    0.000176   20.171724 ^ clkbuf_1_1__f_clk/A (sky130_fd_sc_hd__clkbuf_16)
     3    0.008160    0.031749    0.112522   20.284246 ^ clkbuf_1_1__f_clk/X (sky130_fd_sc_hd__clkbuf_16)
                                                         clknet_1_1__leaf_clk (net)
                      0.031749    0.000080   20.284327 ^ _25_/CLK (sky130_fd_sc_hd__dfrtp_4)
                                 -0.250000   20.034327   clock uncertainty
                                  0.000000   20.034327   clock reconvergence pessimism
                                  0.174803   20.209129   library recovery time
                                             20.209129   data required time
---------------------------------------------------------------------------------------------
                                             20.209129   data required time
                                             -4.191397   data arrival time
---------------------------------------------------------------------------------------------
                                             16.017733   slack (MET)


Startpoint: rst_n (input port clocked by clk)
Endpoint: _26_ (recovery check against rising-edge clock clk)
Path Group: asynchronous
Path Type: max

Fanout         Cap        Slew       Delay        Time   Description
---------------------------------------------------------------------------------------------
                                  0.000000    0.000000   clock clk (rise edge)
                                  0.000000    0.000000   clock network delay (propagated)
                                  4.000000    4.000000 ^ input external delay
     1    0.002266    0.017476    0.008431    4.008430 ^ rst_n (in)
                                                         rst_n (net)
                      0.017476    0.000000    4.008430 ^ input1/A (sky130_fd_sc_hd__buf_2)
     6    0.032737    0.163080    0.182088    4.190518 ^ input1/X (sky130_fd_sc_hd__buf_2)
                                                         net1 (net)
                      0.163084    0.000628    4.191147 ^ _26_/RESET_B (sky130_fd_sc_hd__dfrtp_4)
                                              4.191147   data arrival time

                                 20.000000   20.000000   clock clk (rise edge)
                                  0.000000   20.000000   clock source latency
     1    0.012274    0.061465    0.041446   20.041447 ^ clk (in)
                                                         clk (net)
                      0.061468    0.000000   20.041447 ^ clkbuf_0_clk/A (sky130_fd_sc_hd__clkbuf_16)
     2    0.018587    0.040652    0.130102   20.171549 ^ clkbuf_0_clk/X (sky130_fd_sc_hd__clkbuf_16)
                                                         clknet_0_clk (net)
                      0.040652    0.000176   20.171724 ^ clkbuf_1_1__f_clk/A (sky130_fd_sc_hd__clkbuf_16)
     3    0.008160    0.031749    0.112522   20.284246 ^ clkbuf_1_1__f_clk/X (sky130_fd_sc_hd__clkbuf_16)
                                                         clknet_1_1__leaf_clk (net)
                      0.031749    0.000080   20.284327 ^ _26_/CLK (sky130_fd_sc_hd__dfrtp_4)
                                 -0.250000   20.034327   clock uncertainty
                                  0.000000   20.034327   clock reconvergence pessimism
                                  0.174804   20.209131   library recovery time
                                             20.209131   data required time
---------------------------------------------------------------------------------------------
                                             20.209131   data required time
                                             -4.191147   data arrival time
---------------------------------------------------------------------------------------------
                                             16.017984   slack (MET)


Startpoint: rst_n (input port clocked by clk)
Endpoint: _29_ (recovery check against rising-edge clock clk)
Path Group: asynchronous
Path Type: max

Fanout         Cap        Slew       Delay        Time   Description
---------------------------------------------------------------------------------------------
                                  0.000000    0.000000   clock clk (rise edge)
                                  0.000000    0.000000   clock network delay (propagated)
                                  4.000000    4.000000 ^ input external delay
     1    0.002266    0.017476    0.008431    4.008430 ^ rst_n (in)
                                                         rst_n (net)
                      0.017476    0.000000    4.008430 ^ input1/A (sky130_fd_sc_hd__buf_2)
     6    0.032737    0.163080    0.182088    4.190518 ^ input1/X (sky130_fd_sc_hd__buf_2)
                                                         net1 (net)
                      0.163099    0.001459    4.191977 ^ _29_/RESET_B (sky130_fd_sc_hd__dfrtp_4)
                                              4.191977   data arrival time

                                 20.000000   20.000000   clock clk (rise edge)
                                  0.000000   20.000000   clock source latency
     1    0.012274    0.061465    0.041446   20.041447 ^ clk (in)
                                                         clk (net)
                      0.061468    0.000000   20.041447 ^ clkbuf_0_clk/A (sky130_fd_sc_hd__clkbuf_16)
     2    0.018587    0.040652    0.130102   20.171549 ^ clkbuf_0_clk/X (sky130_fd_sc_hd__clkbuf_16)
                                                         clknet_0_clk (net)
                      0.040652    0.000165   20.171713 ^ clkbuf_1_0__f_clk/A (sky130_fd_sc_hd__clkbuf_16)
     3    0.009008    0.032482    0.113333   20.285048 ^ clkbuf_1_0__f_clk/X (sky130_fd_sc_hd__clkbuf_16)
                                                         clknet_1_0__leaf_clk (net)
                      0.032482    0.000046   20.285093 ^ _29_/CLK (sky130_fd_sc_hd__dfrtp_4)
                                 -0.250000   20.035093   clock uncertainty
                                  0.000000   20.035093   clock reconvergence pessimism
                                  0.175030   20.210123   library recovery time
                                             20.210123   data required time
---------------------------------------------------------------------------------------------
                                             20.210123   data required time
                                             -4.191977   data arrival time
---------------------------------------------------------------------------------------------
                                             16.018147   slack (MET)


Startpoint: rst_n (input port clocked by clk)
Endpoint: _28_ (recovery check against rising-edge clock clk)
Path Group: asynchronous
Path Type: max

Fanout         Cap        Slew       Delay        Time   Description
---------------------------------------------------------------------------------------------
                                  0.000000    0.000000   clock clk (rise edge)
                                  0.000000    0.000000   clock network delay (propagated)
                                  4.000000    4.000000 ^ input external delay
     1    0.002266    0.017476    0.008431    4.008430 ^ rst_n (in)
                                                         rst_n (net)
                      0.017476    0.000000    4.008430 ^ input1/A (sky130_fd_sc_hd__buf_2)
     6    0.032737    0.163080    0.182088    4.190518 ^ input1/X (sky130_fd_sc_hd__buf_2)
                                                         net1 (net)
                      0.163099    0.001457    4.191975 ^ _28_/RESET_B (sky130_fd_sc_hd__dfrtp_4)
                                              4.191975   data arrival time

                                 20.000000   20.000000   clock clk (rise edge)
                                  0.000000   20.000000   clock source latency
     1    0.012274    0.061465    0.041446   20.041447 ^ clk (in)
                                                         clk (net)
                      0.061468    0.000000   20.041447 ^ clkbuf_0_clk/A (sky130_fd_sc_hd__clkbuf_16)
     2    0.018587    0.040652    0.130102   20.171549 ^ clkbuf_0_clk/X (sky130_fd_sc_hd__clkbuf_16)
                                                         clknet_0_clk (net)
                      0.040652    0.000165   20.171713 ^ clkbuf_1_0__f_clk/A (sky130_fd_sc_hd__clkbuf_16)
     3    0.009008    0.032482    0.113333   20.285048 ^ clkbuf_1_0__f_clk/X (sky130_fd_sc_hd__clkbuf_16)
                                                         clknet_1_0__leaf_clk (net)
                      0.032482    0.000140   20.285187 ^ _28_/CLK (sky130_fd_sc_hd__dfrtp_4)
                                 -0.250000   20.035189   clock uncertainty
                                  0.000000   20.035189   clock reconvergence pessimism
                                  0.175030   20.210218   library recovery time
                                             20.210218   data required time
---------------------------------------------------------------------------------------------
                                             20.210218   data required time
                                             -4.191975   data arrival time
---------------------------------------------------------------------------------------------
                                             16.018244   slack (MET)


Startpoint: rst_n (input port clocked by clk)
Endpoint: _27_ (recovery check against rising-edge clock clk)
Path Group: asynchronous
Path Type: max

Fanout         Cap        Slew       Delay        Time   Description
---------------------------------------------------------------------------------------------
                                  0.000000    0.000000   clock clk (rise edge)
                                  0.000000    0.000000   clock network delay (propagated)
                                  4.000000    4.000000 ^ input external delay
     1    0.002266    0.017476    0.008431    4.008430 ^ rst_n (in)
                                                         rst_n (net)
                      0.017476    0.000000    4.008430 ^ input1/A (sky130_fd_sc_hd__buf_2)
     6    0.032737    0.163080    0.182088    4.190518 ^ input1/X (sky130_fd_sc_hd__buf_2)
                                                         net1 (net)
                      0.163097    0.001369    4.191887 ^ _27_/RESET_B (sky130_fd_sc_hd__dfrtp_4)
                                              4.191887   data arrival time

                                 20.000000   20.000000   clock clk (rise edge)
                                  0.000000   20.000000   clock source latency
     1    0.012274    0.061465    0.041446   20.041447 ^ clk (in)
                                                         clk (net)
                      0.061468    0.000000   20.041447 ^ clkbuf_0_clk/A (sky130_fd_sc_hd__clkbuf_16)
     2    0.018587    0.040652    0.130102   20.171549 ^ clkbuf_0_clk/X (sky130_fd_sc_hd__clkbuf_16)
                                                         clknet_0_clk (net)
                      0.040652    0.000165   20.171713 ^ clkbuf_1_0__f_clk/A (sky130_fd_sc_hd__clkbuf_16)
     3    0.009008    0.032482    0.113333   20.285048 ^ clkbuf_1_0__f_clk/X (sky130_fd_sc_hd__clkbuf_16)
                                                         clknet_1_0__leaf_clk (net)
                      0.032482    0.000108   20.285156 ^ _27_/CLK (sky130_fd_sc_hd__dfrtp_4)
                                 -0.250000   20.035156   clock uncertainty
                                  0.000000   20.035156   clock reconvergence pessimism
                                  0.175030   20.210186   library recovery time
                                             20.210186   data required time
---------------------------------------------------------------------------------------------
                                             20.210186   data required time
                                             -4.191887   data arrival time
---------------------------------------------------------------------------------------------
                                             16.018299   slack (MET)


Startpoint: _26_ (rising edge-triggered flip-flop clocked by clk)
Endpoint: _28_ (rising edge-triggered flip-flop clocked by clk)
Path Group: clk
Path Type: max

Fanout         Cap        Slew       Delay        Time   Description
---------------------------------------------------------------------------------------------
                                  0.000000    0.000000   clock clk (rise edge)
                                  0.000000    0.000000   clock source latency
     1    0.012274    0.061465    0.041446    0.041446 ^ clk (in)
                                                         clk (net)
                      0.061468    0.000000    0.041446 ^ clkbuf_0_clk/A (sky130_fd_sc_hd__clkbuf_16)
     2    0.018587    0.040652    0.130102    0.171548 ^ clkbuf_0_clk/X (sky130_fd_sc_hd__clkbuf_16)
                                                         clknet_0_clk (net)
                      0.040652    0.000175    0.171724 ^ clkbuf_1_1__f_clk/A (sky130_fd_sc_hd__clkbuf_16)
     3    0.008160    0.031749    0.112522    0.284246 ^ clkbuf_1_1__f_clk/X (sky130_fd_sc_hd__clkbuf_16)
                                                         clknet_1_1__leaf_clk (net)
                      0.031749    0.000079    0.284325 ^ _26_/CLK (sky130_fd_sc_hd__dfrtp_4)
     4    0.047440    0.117912    0.540190    0.824515 v _26_/Q (sky130_fd_sc_hd__dfrtp_4)
                                                         uo_out[2] (net)
                      0.117928    0.001392    0.825907 v _17_/C (sky130_fd_sc_hd__and4_1)
     3    0.008785    0.062830    0.246081    1.071987 v _17_/X (sky130_fd_sc_hd__and4_1)
                                                         _08_ (net)
                      0.062830    0.000188    1.072175 v _21_/B (sky130_fd_sc_hd__or2_1)
     1    0.001714    0.042820    0.198990    1.271166 v _21_/X (sky130_fd_sc_hd__or2_1)
                                                         _11_ (net)
                      0.042820    0.000007    1.271173 v _22_/B (sky130_fd_sc_hd__and2_1)
     1    0.002542    0.033937    0.147533    1.418706 v _22_/X (sky130_fd_sc_hd__and2_1)
                                                         _04_ (net)
                      0.033937    0.000027    1.418733 v _28_/D (sky130_fd_sc_hd__dfrtp_4)
                                              1.418733   data arrival time

                                 20.000000   20.000000   clock clk (rise edge)
                                  0.000000   20.000000   clock source latency
     1    0.012274    0.061465    0.041446   20.041447 ^ clk (in)
                                                         clk (net)
                      0.061468    0.000000   20.041447 ^ clkbuf_0_clk/A (sky130_fd_sc_hd__clkbuf_16)
     2    0.018587    0.040652    0.130102   20.171549 ^ clkbuf_0_clk/X (sky130_fd_sc_hd__clkbuf_16)
                                                         clknet_0_clk (net)
                      0.040652    0.000165   20.171713 ^ clkbuf_1_0__f_clk/A (sky130_fd_sc_hd__clkbuf_16)
     3    0.009008    0.032482    0.113333   20.285048 ^ clkbuf_1_0__f_clk/X (sky130_fd_sc_hd__clkbuf_16)
                                                         clknet_1_0__leaf_clk (net)
                      0.032482    0.000140   20.285187 ^ _28_/CLK (sky130_fd_sc_hd__dfrtp_4)
                                 -0.250000   20.035189   clock uncertainty
                                  0.000000   20.035189   clock reconvergence pessimism
                                 -0.112307   19.922882   library setup time
                                             19.922882   data required time
---------------------------------------------------------------------------------------------
                                             19.922882   data required time
                                             -1.418733   data arrival time
---------------------------------------------------------------------------------------------
                                             18.504148   slack (MET)


Startpoint: _26_ (rising edge-triggered flip-flop clocked by clk)
Endpoint: _29_ (rising edge-triggered flip-flop clocked by clk)
Path Group: clk
Path Type: max

Fanout         Cap        Slew       Delay        Time   Description
---------------------------------------------------------------------------------------------
                                  0.000000    0.000000   clock clk (rise edge)
                                  0.000000    0.000000   clock source latency
     1    0.012274    0.061465    0.041446    0.041446 ^ clk (in)
                                                         clk (net)
                      0.061468    0.000000    0.041446 ^ clkbuf_0_clk/A (sky130_fd_sc_hd__clkbuf_16)
     2    0.018587    0.040652    0.130102    0.171548 ^ clkbuf_0_clk/X (sky130_fd_sc_hd__clkbuf_16)
                                                         clknet_0_clk (net)
                      0.040652    0.000175    0.171724 ^ clkbuf_1_1__f_clk/A (sky130_fd_sc_hd__clkbuf_16)
     3    0.008160    0.031749    0.112522    0.284246 ^ clkbuf_1_1__f_clk/X (sky130_fd_sc_hd__clkbuf_16)
                                                         clknet_1_1__leaf_clk (net)
                      0.031749    0.000079    0.284325 ^ _26_/CLK (sky130_fd_sc_hd__dfrtp_4)
     4    0.047440    0.117912    0.540190    0.824515 v _26_/Q (sky130_fd_sc_hd__dfrtp_4)
                                                         uo_out[2] (net)
                      0.117928    0.001392    0.825907 v _17_/C (sky130_fd_sc_hd__and4_1)
     3    0.008785    0.062830    0.246081    1.071987 v _17_/X (sky130_fd_sc_hd__and4_1)
                                                         _08_ (net)
                      0.062830    0.000202    1.072190 v _20_/B (sky130_fd_sc_hd__nand2_1)
     2    0.006557    0.074972    0.092528    1.164718 ^ _20_/Y (sky130_fd_sc_hd__nand2_1)
                                                         _10_ (net)
                      0.074972    0.000044    1.164762 ^ _23_/B (sky130_fd_sc_hd__xnor2_1)
     1    0.004783    0.153299    0.128551    1.293313 ^ _23_/Y (sky130_fd_sc_hd__xnor2_1)
                                                         _05_ (net)
                      0.153299    0.000075    1.293388 ^ _29_/D (sky130_fd_sc_hd__dfrtp_4)
                                              1.293388   data arrival time

                                 20.000000   20.000000   clock clk (rise edge)
                                  0.000000   20.000000   clock source latency
     1    0.012274    0.061465    0.041446   20.041447 ^ clk (in)
                                                         clk (net)
                      0.061468    0.000000   20.041447 ^ clkbuf_0_clk/A (sky130_fd_sc_hd__clkbuf_16)
     2    0.018587    0.040652    0.130102   20.171549 ^ clkbuf_0_clk/X (sky130_fd_sc_hd__clkbuf_16)
                                                         clknet_0_clk (net)
                      0.040652    0.000165   20.171713 ^ clkbuf_1_0__f_clk/A (sky130_fd_sc_hd__clkbuf_16)
     3    0.009008    0.032482    0.113333   20.285048 ^ clkbuf_1_0__f_clk/X (sky130_fd_sc_hd__clkbuf_16)
                                                         clknet_1_0__leaf_clk (net)
                      0.032482    0.000046   20.285093 ^ _29_/CLK (sky130_fd_sc_hd__dfrtp_4)
                                 -0.250000   20.035093   clock uncertainty
                                  0.000000   20.035093   clock reconvergence pessimism
                                 -0.090775   19.944319   library setup time
                                             19.944319   data required time
---------------------------------------------------------------------------------------------
                                             19.944319   data required time
                                             -1.293388   data arrival time
---------------------------------------------------------------------------------------------
                                             18.650930   slack (MET)


Startpoint: _24_ (rising edge-triggered flip-flop clocked by clk)
Endpoint: _27_ (rising edge-triggered flip-flop clocked by clk)
Path Group: clk
Path Type: max

Fanout         Cap        Slew       Delay        Time   Description
---------------------------------------------------------------------------------------------
                                  0.000000    0.000000   clock clk (rise edge)
                                  0.000000    0.000000   clock source latency
     1    0.012274    0.061465    0.041446    0.041446 ^ clk (in)
                                                         clk (net)
                      0.061468    0.000000    0.041446 ^ clkbuf_0_clk/A (sky130_fd_sc_hd__clkbuf_16)
     2    0.018587    0.040652    0.130102    0.171548 ^ clkbuf_0_clk/X (sky130_fd_sc_hd__clkbuf_16)
                                                         clknet_0_clk (net)
                      0.040652    0.000175    0.171724 ^ clkbuf_1_1__f_clk/A (sky130_fd_sc_hd__clkbuf_16)
     3    0.008160    0.031749    0.112522    0.284246 ^ clkbuf_1_1__f_clk/X (sky130_fd_sc_hd__clkbuf_16)
                                                         clknet_1_1__leaf_clk (net)
                      0.031749    0.000099    0.284345 ^ _24_/CLK (sky130_fd_sc_hd__dfrtp_4)
     6    0.049142    0.162933    0.494929    0.779274 ^ _24_/Q (sky130_fd_sc_hd__dfrtp_4)
                                                         uo_out[0] (net)
                      0.162933    0.000412    0.779685 ^ _17_/B (sky130_fd_sc_hd__and4_1)
     3    0.009292    0.108716    0.253843    1.033528 ^ _17_/X (sky130_fd_sc_hd__and4_1)
                                                         _08_ (net)
                      0.108716    0.000132    1.033660 ^ _19_/A_N (sky130_fd_sc_hd__and2b_1)
     1    0.002654    0.032973    0.185556    1.219216 v _19_/X (sky130_fd_sc_hd__and2b_1)
                                                         _03_ (net)
                      0.032973    0.000028    1.219244 v _27_/D (sky130_fd_sc_hd__dfrtp_4)
                                              1.219244   data arrival time

                                 20.000000   20.000000   clock clk (rise edge)
                                  0.000000   20.000000   clock source latency
     1    0.012274    0.061465    0.041446   20.041447 ^ clk (in)
                                                         clk (net)
                      0.061468    0.000000   20.041447 ^ clkbuf_0_clk/A (sky130_fd_sc_hd__clkbuf_16)
     2    0.018587    0.040652    0.130102   20.171549 ^ clkbuf_0_clk/X (sky130_fd_sc_hd__clkbuf_16)
                                                         clknet_0_clk (net)
                      0.040652    0.000165   20.171713 ^ clkbuf_1_0__f_clk/A (sky130_fd_sc_hd__clkbuf_16)
     3    0.009008    0.032482    0.113333   20.285048 ^ clkbuf_1_0__f_clk/X (sky130_fd_sc_hd__clkbuf_16)
                                                         clknet_1_0__leaf_clk (net)
                      0.032482    0.000108   20.285156 ^ _27_/CLK (sky130_fd_sc_hd__dfrtp_4)
                                 -0.250000   20.035156   clock uncertainty
                                  0.000000   20.035156   clock reconvergence pessimism
                                 -0.111887   19.923269   library setup time
                                             19.923269   data required time
---------------------------------------------------------------------------------------------
                                             19.923269   data required time
                                             -1.219244   data arrival time
---------------------------------------------------------------------------------------------
                                             18.704025   slack (MET)


Startpoint: _25_ (rising edge-triggered flip-flop clocked by clk)
Endpoint: _25_ (rising edge-triggered flip-flop clocked by clk)
Path Group: clk
Path Type: max

Fanout         Cap        Slew       Delay        Time   Description
---------------------------------------------------------------------------------------------
                                  0.000000    0.000000   clock clk (rise edge)
                                  0.000000    0.000000   clock source latency
     1    0.012274    0.061465    0.041446    0.041446 ^ clk (in)
                                                         clk (net)
                      0.061468    0.000000    0.041446 ^ clkbuf_0_clk/A (sky130_fd_sc_hd__clkbuf_16)
     2    0.018587    0.040652    0.130102    0.171548 ^ clkbuf_0_clk/X (sky130_fd_sc_hd__clkbuf_16)
                                                         clknet_0_clk (net)
                      0.040652    0.000175    0.171724 ^ clkbuf_1_1__f_clk/A (sky130_fd_sc_hd__clkbuf_16)
     3    0.008160    0.031749    0.112522    0.284246 ^ clkbuf_1_1__f_clk/X (sky130_fd_sc_hd__clkbuf_16)
                                                         clknet_1_1__leaf_clk (net)
                      0.031749    0.000080    0.284326 ^ _25_/CLK (sky130_fd_sc_hd__dfrtp_4)
     5    0.044095    0.112400    0.535015    0.819340 v _25_/Q (sky130_fd_sc_hd__dfrtp_4)
                                                         uo_out[1] (net)
                      0.112400    0.000460    0.819800 v _14_/A (sky130_fd_sc_hd__or2_1)
     1    0.001662    0.042521    0.235963    1.055763 v _14_/X (sky130_fd_sc_hd__or2_1)
                                                         _07_ (net)
                      0.042521    0.000007    1.055771 v _15_/B (sky130_fd_sc_hd__and2_1)
     1    0.003551    0.038335    0.153161    1.208932 v _15_/X (sky130_fd_sc_hd__and2_1)
                                                         _01_ (net)
                      0.038335    0.000052    1.208984 v _25_/D (sky130_fd_sc_hd__dfrtp_4)
                                              1.208984   data arrival time

                                 20.000000   20.000000   clock clk (rise edge)
                                  0.000000   20.000000   clock source latency
     1    0.012274    0.061465    0.041446   20.041447 ^ clk (in)
                                                         clk (net)
                      0.061468    0.000000   20.041447 ^ clkbuf_0_clk/A (sky130_fd_sc_hd__clkbuf_16)
     2    0.018587    0.040652    0.130102   20.171549 ^ clkbuf_0_clk/X (sky130_fd_sc_hd__clkbuf_16)
                                                         clknet_0_clk (net)
                      0.040652    0.000176   20.171724 ^ clkbuf_1_1__f_clk/A (sky130_fd_sc_hd__clkbuf_16)
     3    0.008160    0.031749    0.112522   20.284246 ^ clkbuf_1_1__f_clk/X (sky130_fd_sc_hd__clkbuf_16)
                                                         clknet_1_1__leaf_clk (net)
                      0.031749    0.000080   20.284327 ^ _25_/CLK (sky130_fd_sc_hd__dfrtp_4)
                                 -0.250000   20.034327   clock uncertainty
                                  0.000000   20.034327   clock reconvergence pessimism
                                 -0.114395   19.919931   library setup time
                                             19.919931   data required time
---------------------------------------------------------------------------------------------
                                             19.919931   data required time
                                             -1.208984   data arrival time
---------------------------------------------------------------------------------------------
                                             18.710947   slack (MET)


Startpoint: _24_ (rising edge-triggered flip-flop clocked by clk)
Endpoint: _26_ (rising edge-triggered flip-flop clocked by clk)
Path Group: clk
Path Type: max

Fanout         Cap        Slew       Delay        Time   Description
---------------------------------------------------------------------------------------------
                                  0.000000    0.000000   clock clk (rise edge)
                                  0.000000    0.000000   clock source latency
     1    0.012274    0.061465    0.041446    0.041446 ^ clk (in)
                                                         clk (net)
                      0.061468    0.000000    0.041446 ^ clkbuf_0_clk/A (sky130_fd_sc_hd__clkbuf_16)
     2    0.018587    0.040652    0.130102    0.171548 ^ clkbuf_0_clk/X (sky130_fd_sc_hd__clkbuf_16)
                                                         clknet_0_clk (net)
                      0.040652    0.000175    0.171724 ^ clkbuf_1_1__f_clk/A (sky130_fd_sc_hd__clkbuf_16)
     3    0.008160    0.031749    0.112522    0.284246 ^ clkbuf_1_1__f_clk/X (sky130_fd_sc_hd__clkbuf_16)
                                                         clknet_1_1__leaf_clk (net)
                      0.031749    0.000099    0.284345 ^ _24_/CLK (sky130_fd_sc_hd__dfrtp_4)
     6    0.048152    0.118327    0.542266    0.826611 v _24_/Q (sky130_fd_sc_hd__dfrtp_4)
                                                         uo_out[0] (net)
                      0.118327    0.000391    0.827002 v _13_/B (sky130_fd_sc_hd__nand2_1)
     2    0.007801    0.088032    0.125321    0.952323 ^ _13_/Y (sky130_fd_sc_hd__nand2_1)
                                                         _06_ (net)
                      0.088032    0.000083    0.952406 ^ _16_/B (sky130_fd_sc_hd__xnor2_1)
     1    0.003351    0.126170    0.121317    1.073723 ^ _16_/Y (sky130_fd_sc_hd__xnor2_1)
                                                         _02_ (net)
                      0.126170    0.000040    1.073763 ^ _26_/D (sky130_fd_sc_hd__dfrtp_4)
                                              1.073763   data arrival time

                                 20.000000   20.000000   clock clk (rise edge)
                                  0.000000   20.000000   clock source latency
     1    0.012274    0.061465    0.041446   20.041447 ^ clk (in)
                                                         clk (net)
                      0.061468    0.000000   20.041447 ^ clkbuf_0_clk/A (sky130_fd_sc_hd__clkbuf_16)
     2    0.018587    0.040652    0.130102   20.171549 ^ clkbuf_0_clk/X (sky130_fd_sc_hd__clkbuf_16)
                                                         clknet_0_clk (net)
                      0.040652    0.000176   20.171724 ^ clkbuf_1_1__f_clk/A (sky130_fd_sc_hd__clkbuf_16)
     3    0.008160    0.031749    0.112522   20.284246 ^ clkbuf_1_1__f_clk/X (sky130_fd_sc_hd__clkbuf_16)
                                                         clknet_1_1__leaf_clk (net)
                      0.031749    0.000080   20.284327 ^ _26_/CLK (sky130_fd_sc_hd__dfrtp_4)
                                 -0.250000   20.034327   clock uncertainty
                                  0.000000   20.034327   clock reconvergence pessimism
                                 -0.084535   19.949791   library setup time
                                             19.949791   data required time
---------------------------------------------------------------------------------------------
                                             19.949791   data required time
                                             -1.073763   data arrival time
---------------------------------------------------------------------------------------------
                                             18.876028   slack (MET)


Startpoint: _24_ (rising edge-triggered flip-flop clocked by clk)
Endpoint: _24_ (rising edge-triggered flip-flop clocked by clk)
Path Group: clk
Path Type: max

Fanout         Cap        Slew       Delay        Time   Description
---------------------------------------------------------------------------------------------
                                  0.000000    0.000000   clock clk (rise edge)
                                  0.000000    0.000000   clock source latency
     1    0.012274    0.061465    0.041446    0.041446 ^ clk (in)
                                                         clk (net)
                      0.061468    0.000000    0.041446 ^ clkbuf_0_clk/A (sky130_fd_sc_hd__clkbuf_16)
     2    0.018587    0.040652    0.130102    0.171548 ^ clkbuf_0_clk/X (sky130_fd_sc_hd__clkbuf_16)
                                                         clknet_0_clk (net)
                      0.040652    0.000175    0.171724 ^ clkbuf_1_1__f_clk/A (sky130_fd_sc_hd__clkbuf_16)
     3    0.008160    0.031749    0.112522    0.284246 ^ clkbuf_1_1__f_clk/X (sky130_fd_sc_hd__clkbuf_16)
                                                         clknet_1_1__leaf_clk (net)
                      0.031749    0.000099    0.284345 ^ _24_/CLK (sky130_fd_sc_hd__dfrtp_4)
     6    0.048152    0.118327    0.542266    0.826611 v _24_/Q (sky130_fd_sc_hd__dfrtp_4)
                                                         uo_out[0] (net)
                      0.118327    0.000390    0.827000 v _12_/A (sky130_fd_sc_hd__inv_2)
     1    0.002574    0.036319    0.063049    0.890050 ^ _12_/Y (sky130_fd_sc_hd__inv_2)
                                                         _00_ (net)
                      0.036319    0.000026    0.890076 ^ _24_/D (sky130_fd_sc_hd__dfrtp_4)
                                              0.890076   data arrival time

                                 20.000000   20.000000   clock clk (rise edge)
                                  0.000000   20.000000   clock source latency
     1    0.012274    0.061465    0.041446   20.041447 ^ clk (in)
                                                         clk (net)
                      0.061468    0.000000   20.041447 ^ clkbuf_0_clk/A (sky130_fd_sc_hd__clkbuf_16)
     2    0.018587    0.040652    0.130102   20.171549 ^ clkbuf_0_clk/X (sky130_fd_sc_hd__clkbuf_16)
                                                         clknet_0_clk (net)
                      0.040652    0.000176   20.171724 ^ clkbuf_1_1__f_clk/A (sky130_fd_sc_hd__clkbuf_16)
     3    0.008160    0.031749    0.112522   20.284246 ^ clkbuf_1_1__f_clk/X (sky130_fd_sc_hd__clkbuf_16)
                                                         clknet_1_1__leaf_clk (net)
                      0.031749    0.000099   20.284346 ^ _24_/CLK (sky130_fd_sc_hd__dfrtp_4)
                                 -0.250000   20.034346   clock uncertainty
                                  0.000000   20.034346   clock reconvergence pessimism
                                 -0.063482   19.970865   library setup time
                                             19.970865   data required time
---------------------------------------------------------------------------------------------
                                             19.970865   data required time
                                             -0.890076   data arrival time
---------------------------------------------------------------------------------------------
                                             19.080790   slack (MET)



%OL_END_REPORT
%OL_CREATE_REPORT checks.rpt

===========================================================================
report_checks -unconstrained
===========================================================================
======================= min_tt_025C_1v80 Corner ===================================

Startpoint: rst_n (input port clocked by clk)
Endpoint: _24_ (recovery check against rising-edge clock clk)
Path Group: asynchronous
Path Type: max

Fanout         Cap        Slew       Delay        Time   Description
---------------------------------------------------------------------------------------------
                                  0.000000    0.000000   clock clk (rise edge)
                                  0.000000    0.000000   clock network delay (propagated)
                                  4.000000    4.000000 ^ input external delay
     1    0.002266    0.017476    0.008431    4.008430 ^ rst_n (in)
                                                         rst_n (net)
                      0.017476    0.000000    4.008430 ^ input1/A (sky130_fd_sc_hd__buf_2)
     6    0.032737    0.163080    0.182088    4.190518 ^ input1/X (sky130_fd_sc_hd__buf_2)
                                                         net1 (net)
                      0.163094    0.001227    4.191745 ^ _24_/RESET_B (sky130_fd_sc_hd__dfrtp_4)
                                              4.191745   data arrival time

                                 20.000000   20.000000   clock clk (rise edge)
                                  0.000000   20.000000   clock source latency
     1    0.012274    0.061465    0.041446   20.041447 ^ clk (in)
                                                         clk (net)
                      0.061468    0.000000   20.041447 ^ clkbuf_0_clk/A (sky130_fd_sc_hd__clkbuf_16)
     2    0.018587    0.040652    0.130102   20.171549 ^ clkbuf_0_clk/X (sky130_fd_sc_hd__clkbuf_16)
                                                         clknet_0_clk (net)
                      0.040652    0.000176   20.171724 ^ clkbuf_1_1__f_clk/A (sky130_fd_sc_hd__clkbuf_16)
     3    0.008160    0.031749    0.112522   20.284246 ^ clkbuf_1_1__f_clk/X (sky130_fd_sc_hd__clkbuf_16)
                                                         clknet_1_1__leaf_clk (net)
                      0.031749    0.000099   20.284346 ^ _24_/CLK (sky130_fd_sc_hd__dfrtp_4)
                                 -0.250000   20.034346   clock uncertainty
                                  0.000000   20.034346   clock reconvergence pessimism
                                  0.174801   20.209146   library recovery time
                                             20.209146   data required time
---------------------------------------------------------------------------------------------
                                             20.209146   data required time
                                             -4.191745   data arrival time
---------------------------------------------------------------------------------------------
                                             16.017403   slack (MET)


Startpoint: _24_ (rising edge-triggered flip-flop clocked by clk)
Endpoint: uo_out[0] (output port clocked by clk)
Path Group: clk
Path Type: max

Fanout         Cap        Slew       Delay        Time   Description
---------------------------------------------------------------------------------------------
                                  0.000000    0.000000   clock clk (rise edge)
                                  0.000000    0.000000   clock source latency
     1    0.012274    0.061465    0.041446    0.041446 ^ clk (in)
                                                         clk (net)
                      0.061468    0.000000    0.041446 ^ clkbuf_0_clk/A (sky130_fd_sc_hd__clkbuf_16)
     2    0.018587    0.040652    0.130102    0.171548 ^ clkbuf_0_clk/X (sky130_fd_sc_hd__clkbuf_16)
                                                         clknet_0_clk (net)
                      0.040652    0.000175    0.171724 ^ clkbuf_1_1__f_clk/A (sky130_fd_sc_hd__clkbuf_16)
     3    0.008160    0.031749    0.112522    0.284246 ^ clkbuf_1_1__f_clk/X (sky130_fd_sc_hd__clkbuf_16)
                                                         clknet_1_1__leaf_clk (net)
                      0.031749    0.000099    0.284345 ^ _24_/CLK (sky130_fd_sc_hd__dfrtp_4)
     6    0.048152    0.118327    0.542266    0.826611 v _24_/Q (sky130_fd_sc_hd__dfrtp_4)
                                                         uo_out[0] (net)
                      0.118328    0.000469    0.827080 v uo_out[0] (out)
                                              0.827080   data arrival time

                                 20.000000   20.000000   clock clk (rise edge)
                                  0.000000   20.000000   clock network delay (propagated)
                                 -0.250000   19.750002   clock uncertainty
                                  0.000000   19.750002   clock reconvergence pessimism
                                 -4.000000   15.750001   output external delay
                                             15.750001   data required time
---------------------------------------------------------------------------------------------
                                             15.750001   data required time
                                             -0.827080   data arrival time
---------------------------------------------------------------------------------------------
                                             14.922920   slack (MET)




===========================================================================
report_checks --slack_max -0.01
============================================================================
======================= min_tt_025C_1v80 Corner ===================================

No paths found.


===========================================================================
 report_check_types -max_slew -max_cap -max_fanout -violators
============================================================================
======================= min_tt_025C_1v80 Corner ===================================



===========================================================================
report_parasitic_annotation -report_unannotated
============================================================================
Found 35 unannotated drivers.
 ena
 ui_in[0]
 ui_in[1]
 ui_in[2]
 ui_in[3]
 ui_in[4]
 ui_in[5]
 ui_in[6]
 ui_in[7]
 uio_in[0]
 uio_in[1]
 uio_in[2]
 uio_in[3]
 uio_in[4]
 uio_in[5]
 uio_in[6]
 uio_in[7]
 tt_um_josue_olivos_6bit_counter_10/HI
 tt_um_josue_olivos_6bit_counter_11/HI
 tt_um_josue_olivos_6bit_counter_12/HI
 tt_um_josue_olivos_6bit_counter_13/HI
 tt_um_josue_olivos_6bit_counter_14/HI
 tt_um_josue_olivos_6bit_counter_15/HI
 tt_um_josue_olivos_6bit_counter_16/HI
 tt_um_josue_olivos_6bit_counter_17/HI
 tt_um_josue_olivos_6bit_counter_18/HI
 tt_um_josue_olivos_6bit_counter_19/HI
 tt_um_josue_olivos_6bit_counter_2/HI
 tt_um_josue_olivos_6bit_counter_3/HI
 tt_um_josue_olivos_6bit_counter_4/HI
 tt_um_josue_olivos_6bit_counter_5/HI
 tt_um_josue_olivos_6bit_counter_6/HI
 tt_um_josue_olivos_6bit_counter_7/HI
 tt_um_josue_olivos_6bit_counter_8/HI
 tt_um_josue_olivos_6bit_counter_9/HI
Found 0 partially unannotated drivers.

===========================================================================
max slew violation count 0
%OL_METRIC_I design__max_slew_violation__count__corner:min_tt_025C_1v80 0
max fanout violation count 0
%OL_METRIC_I design__max_fanout_violation__count__corner:min_tt_025C_1v80 0
max cap violation count 0
%OL_METRIC_I design__max_cap_violation__count__corner:min_tt_025C_1v80 0
============================================================================

===========================================================================
check_setup -verbose -unconstrained_endpoints -multiple_clock -no_clock -no_input_delay -loops -generated_clocks
===========================================================================
Warning: There are 18 unconstrained endpoints.
  uio_oe[0]
  uio_oe[1]
  uio_oe[2]
  uio_oe[3]
  uio_oe[4]
  uio_oe[5]
  uio_oe[6]
  uio_oe[7]
  uio_out[0]
  uio_out[1]
  uio_out[2]
  uio_out[3]
  uio_out[4]
  uio_out[5]
  uio_out[6]
  uio_out[7]
  uo_out[6]
  uo_out[7]
%OL_END_REPORT
%OL_CREATE_REPORT power.rpt

===========================================================================
 report_power
============================================================================
======================= min_tt_025C_1v80 Corner ===================================

Group                    Internal    Switching      Leakage        Total
                            Power        Power        Power        Power (Watts)
------------------------------------------------------------------------
Sequential           1.222223e-05 0.000000e+00 6.641250e-11 1.222230e-05  27.9%
Combinational        7.178902e-08 2.651670e-07 9.164301e-11 3.370477e-07   0.8%
Clock                2.547043e-05 5.792419e-06 1.064065e-09 3.126391e-05  71.3%
Macro                0.000000e+00 0.000000e+00 0.000000e+00 0.000000e+00   0.0%
Pad                  0.000000e+00 0.000000e+00 0.000000e+00 0.000000e+00   0.0%
------------------------------------------------------------------------
Total                3.776445e-05 6.057586e-06 1.222121e-09 4.382326e-05 100.0%
                            86.2%        13.8%         0.0%
%OL_METRIC_F power__internal__total 3.776445009862073e-5
%OL_METRIC_F power__switching__total 6.057585778762586e-6
%OL_METRIC_F power__leakage__total 1.222121404076404e-9
%OL_METRIC_F power__total 4.38232600572519e-5

%OL_END_REPORT
%OL_CREATE_REPORT skew.min.rpt

===========================================================================
Clock Skew (Hold)
============================================================================
%OL_METRIC_F clock__skew__worst_hold__corner:min_tt_025C_1v80 -0.25086200493627375
======================= min_tt_025C_1v80 Corner ===================================

Clock clk
0.284325 source latency _26_/CLK ^
-0.285187 target latency _28_/CLK ^
-0.250000 clock uncertainty
0.000000 CRPR
--------------
-0.250862 hold skew

%OL_END_REPORT
%OL_CREATE_REPORT skew.max.rpt

===========================================================================
Clock Skew (Setup)
============================================================================
%OL_METRIC_F clock__skew__worst_setup__corner:min_tt_025C_1v80 0.25009350853689366
======================= min_tt_025C_1v80 Corner ===================================

Clock clk
0.285187 source latency _28_/CLK ^
-0.285093 target latency _29_/CLK ^
0.250000 clock uncertainty
0.000000 CRPR
--------------
0.250094 setup skew

%OL_END_REPORT
%OL_CREATE_REPORT ws.min.rpt

===========================================================================
Worst Slack (Hold)
============================================================================
%OL_METRIC_F timing__hold__ws__corner:min_tt_025C_1v80 0.322093028032355
min_tt_025C_1v80: 0.322093028032355
%OL_END_REPORT
%OL_CREATE_REPORT ws.max.rpt

===========================================================================
Worst Slack (Setup)
============================================================================
%OL_METRIC_F timing__setup__ws__corner:min_tt_025C_1v80 14.922920210822477
min_tt_025C_1v80: 14.922920210822477
%OL_END_REPORT
%OL_CREATE_REPORT tns.min.rpt

===========================================================================
Total Negative Slack (Hold)
============================================================================
%OL_METRIC_F timing__hold__tns__corner:min_tt_025C_1v80 0.0
min_tt_025C_1v80: 0.0
%OL_END_REPORT
%OL_CREATE_REPORT tns.max.rpt

===========================================================================
Total Negative Slack (Setup)
============================================================================
%OL_METRIC_F timing__setup__tns__corner:min_tt_025C_1v80 0.0
min_tt_025C_1v80: 0.0
%OL_END_REPORT
%OL_CREATE_REPORT wns.min.rpt

===========================================================================
Worst Negative Slack (Hold)
============================================================================
%OL_METRIC_F timing__hold__wns__corner:min_tt_025C_1v80 0
min_tt_025C_1v80: 0
%OL_END_REPORT
%OL_CREATE_REPORT wns.max.rpt

===========================================================================
Worst Negative Slack (Setup)
============================================================================
%OL_METRIC_F timing__setup__wns__corner:min_tt_025C_1v80 0.0
min_tt_025C_1v80: 0.0
%OL_END_REPORT
%OL_CREATE_REPORT violator_list.rpt

===========================================================================
Violator List
============================================================================
%OL_METRIC_I timing__hold_vio__count__corner:min_tt_025C_1v80 0
%OL_METRIC_F timing__hold_r2r__ws__corner:min_tt_025C_1v80 0.322093
%OL_METRIC_I timing__hold_r2r_vio__count__corner:min_tt_025C_1v80 0
%OL_METRIC_I timing__setup_vio__count__corner:min_tt_025C_1v80 0
%OL_METRIC_F timing__setup_r2r__ws__corner:min_tt_025C_1v80 18.504148
%OL_METRIC_I timing__setup_r2r_vio__count__corner:min_tt_025C_1v80 0
%OL_END_REPORT
%OL_CREATE_REPORT unpropagated.rpt
%OL_END_REPORT
%OL_CREATE_REPORT clock.rpt
Clock: clk
Sources: clk 
Generated: no
Virtual: yes
Propagated: no
Period: 20.000000

===========================================================================
report_clock_properties
============================================================================
Clock                   Period          Waveform
----------------------------------------------------
clk                  20.000000    0.000000 10.000000

===========================================================================
report_clock_latency
============================================================================
Clock clk
rise -> rise
    min     max
0.000000 0.000000 source latency
0.284325         network latency _26_/CLK
        0.285187 network latency _28_/CLK
---------------
0.284325 0.285187 latency
        0.000862 skew

fall -> fall
    min     max
0.000000 0.000000 source latency
0.286680         network latency _26_/CLK
        0.287414 network latency _28_/CLK
---------------
0.286680 0.287414 latency
        0.000734 skew



===========================================================================
report_clock_min_period
============================================================================
clk period_min = 1.50 fmax = 668.52
%OL_END_REPORT
Writing SDF files for all corners…
Removing Clock latencies before writing libs…
Writing timing models for all corners…
Writing timing models for the min_tt_025C_1v80 corner to /workspaces/tt-verilog-test-counter/runs/wokwi/54-openroad-stapostpnr/min_tt_025C_1v80/tt_um_josue_olivos_6bit_counter__min_tt_025C_1v80.lib…
