Reading timing models for corner min_ss_100C_1v60…
Reading cell library for the 'min_ss_100C_1v60' corner at '/home/vscode/ttsetup/pdk/ciel/sky130/versions/0fe599b2afb6708d281543108caf8310912f54af/sky130A/libs.ref/sky130_fd_sc_hd/lib/sky130_fd_sc_hd__ss_100C_1v60.lib'…
Reading top-level netlist at '/workspaces/tt-verilog-test-counter/runs/wokwi/51-openroad-fillinsertion/tt_um_josue_olivos_6bit_counter.nl.v'…
Linking design 'tt_um_josue_olivos_6bit_counter' from netlist…
Warning: /workspaces/tt-verilog-test-counter/runs/wokwi/51-openroad-fillinsertion/tt_um_josue_olivos_6bit_counter.nl.v line 213, module sky130_fd_sc_hd__tapvpwrvgnd_1 not found. Creating black box for TAP_TAPCELL_ROW_0_78.
Warning: /workspaces/tt-verilog-test-counter/runs/wokwi/51-openroad-fillinsertion/tt_um_josue_olivos_6bit_counter.nl.v line 445, module sky130_ef_sc_hd__decap_12 not found. Creating black box for FILLER_0_3.
Warning: /workspaces/tt-verilog-test-counter/runs/wokwi/51-openroad-fillinsertion/tt_um_josue_olivos_6bit_counter.nl.v line 447, module sky130_fd_sc_hd__fill_1 not found. Creating black box for FILLER_0_27.
Warning: /workspaces/tt-verilog-test-counter/runs/wokwi/51-openroad-fillinsertion/tt_um_josue_olivos_6bit_counter.nl.v line 480, module sky130_fd_sc_hd__fill_2 not found. Creating black box for FILLER_0_333.
Reading design constraints file at '/nix/store/pqxyc4xmydcs5adig47yyc29r3svp5nx-python3-3.11.9-env/lib/python3.11/site-packages/librelane/scripts/base.sdc'…
[INFO] Using clock clk…
[INFO] Setting output delay to: 4
[INFO] Setting input delay to: 4
[INFO] Setting load to: 0.033442
[INFO] Setting clock uncertainty to: 0.25
[INFO] Setting clock transition to: 0.1499999999999999944488848768742172978818416595458984375
[INFO] Setting timing derate to: 5%
Reading top-level design parasitics for the 'min_ss_100C_1v60' corner at '/workspaces/tt-verilog-test-counter/runs/wokwi/53-openroad-rcx/min/tt_um_josue_olivos_6bit_counter.min.spef'…
%OL_CREATE_REPORT min.rpt

===========================================================================
report_checks -path_delay min (Hold)
============================================================================
======================= min_ss_100C_1v60 Corner ===================================

Startpoint: _24_ (rising edge-triggered flip-flop clocked by clk)
Endpoint: _24_ (rising edge-triggered flip-flop clocked by clk)
Path Group: clk
Path Type: min

Fanout         Cap        Slew       Delay        Time   Description
---------------------------------------------------------------------------------------------
                                  0.000000    0.000000   clock clk (rise edge)
                                  0.000000    0.000000   clock source latency
     1    0.012274    0.096708    0.063755    0.063755 ^ clk (in)
                                                         clk (net)
                      0.096709    0.000000    0.063755 ^ clkbuf_0_clk/A (sky130_fd_sc_hd__clkbuf_16)
     2    0.018587    0.065662    0.231800    0.295555 ^ clkbuf_0_clk/X (sky130_fd_sc_hd__clkbuf_16)
                                                         clknet_0_clk (net)
                      0.065662    0.000175    0.295731 ^ clkbuf_1_1__f_clk/A (sky130_fd_sc_hd__clkbuf_16)
     3    0.007947    0.051757    0.201751    0.497482 ^ clkbuf_1_1__f_clk/X (sky130_fd_sc_hd__clkbuf_16)
                                                         clknet_1_1__leaf_clk (net)
                      0.051757    0.000097    0.497578 ^ _24_/CLK (sky130_fd_sc_hd__dfrtp_4)
     6    0.048957    0.268800    0.972226    1.469805 ^ _24_/Q (sky130_fd_sc_hd__dfrtp_4)
                                                         uo_out[0] (net)
                      0.268800    0.000399    1.470203 ^ _12_/A (sky130_fd_sc_hd__inv_2)
     1    0.002406    0.052261    0.103736    1.573939 v _12_/Y (sky130_fd_sc_hd__inv_2)
                                                         _00_ (net)
                      0.052261    0.000024    1.573964 v _24_/D (sky130_fd_sc_hd__dfrtp_4)
                                              1.573964   data arrival time

                                  0.000000    0.000000   clock clk (rise edge)
                                  0.000000    0.000000   clock source latency
     1    0.012274    0.096708    0.063755    0.063755 ^ clk (in)
                                                         clk (net)
                      0.096709    0.000000    0.063755 ^ clkbuf_0_clk/A (sky130_fd_sc_hd__clkbuf_16)
     2    0.018587    0.065662    0.231800    0.295555 ^ clkbuf_0_clk/X (sky130_fd_sc_hd__clkbuf_16)
                                                         clknet_0_clk (net)
                      0.065662    0.000175    0.295731 ^ clkbuf_1_1__f_clk/A (sky130_fd_sc_hd__clkbuf_16)
     3    0.007947    0.051757    0.201751    0.497482 ^ clkbuf_1_1__f_clk/X (sky130_fd_sc_hd__clkbuf_16)
                                                         clknet_1_1__leaf_clk (net)
                      0.051757    0.000097    0.497578 ^ _24_/CLK (sky130_fd_sc_hd__dfrtp_4)
                                  0.250000    0.747578   clock uncertainty
                                  0.000000    0.747578   clock reconvergence pessimism
                                 -0.089438    0.658141   library hold time
                                              0.658141   data required time
---------------------------------------------------------------------------------------------
                                              0.658141   data required time
                                             -1.573964   data arrival time
---------------------------------------------------------------------------------------------
                                              0.915823   slack (MET)


Startpoint: _29_ (rising edge-triggered flip-flop clocked by clk)
Endpoint: _29_ (rising edge-triggered flip-flop clocked by clk)
Path Group: clk
Path Type: min

Fanout         Cap        Slew       Delay        Time   Description
---------------------------------------------------------------------------------------------
                                  0.000000    0.000000   clock clk (rise edge)
                                  0.000000    0.000000   clock source latency
     1    0.012274    0.096708    0.063755    0.063755 ^ clk (in)
                                                         clk (net)
                      0.096709    0.000000    0.063755 ^ clkbuf_0_clk/A (sky130_fd_sc_hd__clkbuf_16)
     2    0.018587    0.065662    0.231800    0.295555 ^ clkbuf_0_clk/X (sky130_fd_sc_hd__clkbuf_16)
                                                         clknet_0_clk (net)
                      0.065662    0.000165    0.295720 ^ clkbuf_1_0__f_clk/A (sky130_fd_sc_hd__clkbuf_16)
     3    0.008795    0.052999    0.203355    0.499076 ^ clkbuf_1_0__f_clk/X (sky130_fd_sc_hd__clkbuf_16)
                                                         clknet_1_0__leaf_clk (net)
                      0.052999    0.000046    0.499122 ^ _29_/CLK (sky130_fd_sc_hd__dfrtp_4)
     2    0.039579    0.231984    0.940692    1.439814 ^ _29_/Q (sky130_fd_sc_hd__dfrtp_4)
                                                         uo_out[5] (net)
                      0.231984    0.000201    1.440014 ^ _23_/A (sky130_fd_sc_hd__xnor2_1)
     1    0.004615    0.098900    0.218518    1.658532 v _23_/Y (sky130_fd_sc_hd__xnor2_1)
                                                         _05_ (net)
                      0.098900    0.000072    1.658604 v _29_/D (sky130_fd_sc_hd__dfrtp_4)
                                              1.658604   data arrival time

                                  0.000000    0.000000   clock clk (rise edge)
                                  0.000000    0.000000   clock source latency
     1    0.012274    0.096708    0.063755    0.063755 ^ clk (in)
                                                         clk (net)
                      0.096709    0.000000    0.063755 ^ clkbuf_0_clk/A (sky130_fd_sc_hd__clkbuf_16)
     2    0.018587    0.065662    0.231800    0.295555 ^ clkbuf_0_clk/X (sky130_fd_sc_hd__clkbuf_16)
                                                         clknet_0_clk (net)
                      0.065662    0.000165    0.295720 ^ clkbuf_1_0__f_clk/A (sky130_fd_sc_hd__clkbuf_16)
     3    0.008795    0.052999    0.203355    0.499076 ^ clkbuf_1_0__f_clk/X (sky130_fd_sc_hd__clkbuf_16)
                                                         clknet_1_0__leaf_clk (net)
                      0.052999    0.000046    0.499122 ^ _29_/CLK (sky130_fd_sc_hd__dfrtp_4)
                                  0.250000    0.749122   clock uncertainty
                                  0.000000    0.749122   clock reconvergence pessimism
                                 -0.106247    0.642875   library hold time
                                              0.642875   data required time
---------------------------------------------------------------------------------------------
                                              0.642875   data required time
                                             -1.658604   data arrival time
---------------------------------------------------------------------------------------------
                                              1.015729   slack (MET)


Startpoint: _26_ (rising edge-triggered flip-flop clocked by clk)
Endpoint: _26_ (rising edge-triggered flip-flop clocked by clk)
Path Group: clk
Path Type: min

Fanout         Cap        Slew       Delay        Time   Description
---------------------------------------------------------------------------------------------
                                  0.000000    0.000000   clock clk (rise edge)
                                  0.000000    0.000000   clock source latency
     1    0.012274    0.096708    0.063755    0.063755 ^ clk (in)
                                                         clk (net)
                      0.096709    0.000000    0.063755 ^ clkbuf_0_clk/A (sky130_fd_sc_hd__clkbuf_16)
     2    0.018587    0.065662    0.231800    0.295555 ^ clkbuf_0_clk/X (sky130_fd_sc_hd__clkbuf_16)
                                                         clknet_0_clk (net)
                      0.065662    0.000175    0.295731 ^ clkbuf_1_1__f_clk/A (sky130_fd_sc_hd__clkbuf_16)
     3    0.007947    0.051757    0.201751    0.497482 ^ clkbuf_1_1__f_clk/X (sky130_fd_sc_hd__clkbuf_16)
                                                         clknet_1_1__leaf_clk (net)
                      0.051757    0.000077    0.497558 ^ _26_/CLK (sky130_fd_sc_hd__dfrtp_4)
     4    0.047902    0.264937    0.967902    1.465461 ^ _26_/Q (sky130_fd_sc_hd__dfrtp_4)
                                                         uo_out[2] (net)
                      0.264937    0.000988    1.466449 ^ _16_/A (sky130_fd_sc_hd__xnor2_1)
     1    0.003183    0.079059    0.211377    1.677825 v _16_/Y (sky130_fd_sc_hd__xnor2_1)
                                                         _02_ (net)
                      0.079059    0.000038    1.677863 v _26_/D (sky130_fd_sc_hd__dfrtp_4)
                                              1.677863   data arrival time

                                  0.000000    0.000000   clock clk (rise edge)
                                  0.000000    0.000000   clock source latency
     1    0.012274    0.096708    0.063755    0.063755 ^ clk (in)
                                                         clk (net)
                      0.096709    0.000000    0.063755 ^ clkbuf_0_clk/A (sky130_fd_sc_hd__clkbuf_16)
     2    0.018587    0.065662    0.231800    0.295555 ^ clkbuf_0_clk/X (sky130_fd_sc_hd__clkbuf_16)
                                                         clknet_0_clk (net)
                      0.065662    0.000175    0.295731 ^ clkbuf_1_1__f_clk/A (sky130_fd_sc_hd__clkbuf_16)
     3    0.007947    0.051757    0.201751    0.497482 ^ clkbuf_1_1__f_clk/X (sky130_fd_sc_hd__clkbuf_16)
                                                         clknet_1_1__leaf_clk (net)
                      0.051757    0.000077    0.497558 ^ _26_/CLK (sky130_fd_sc_hd__dfrtp_4)
                                  0.250000    0.747558   clock uncertainty
                                  0.000000    0.747558   clock reconvergence pessimism
                                 -0.099269    0.648289   library hold time
                                              0.648289   data required time
---------------------------------------------------------------------------------------------
                                              0.648289   data required time
                                             -1.677863   data arrival time
---------------------------------------------------------------------------------------------
                                              1.029574   slack (MET)


Startpoint: _28_ (rising edge-triggered flip-flop clocked by clk)
Endpoint: _28_ (rising edge-triggered flip-flop clocked by clk)
Path Group: clk
Path Type: min

Fanout         Cap        Slew       Delay        Time   Description
---------------------------------------------------------------------------------------------
                                  0.000000    0.000000   clock clk (rise edge)
                                  0.000000    0.000000   clock source latency
     1    0.012274    0.096708    0.063755    0.063755 ^ clk (in)
                                                         clk (net)
                      0.096709    0.000000    0.063755 ^ clkbuf_0_clk/A (sky130_fd_sc_hd__clkbuf_16)
     2    0.018587    0.065662    0.231800    0.295555 ^ clkbuf_0_clk/X (sky130_fd_sc_hd__clkbuf_16)
                                                         clknet_0_clk (net)
                      0.065662    0.000165    0.295720 ^ clkbuf_1_0__f_clk/A (sky130_fd_sc_hd__clkbuf_16)
     3    0.008795    0.052999    0.203355    0.499076 ^ clkbuf_1_0__f_clk/X (sky130_fd_sc_hd__clkbuf_16)
                                                         clknet_1_0__leaf_clk (net)
                      0.052999    0.000137    0.499213 ^ _28_/CLK (sky130_fd_sc_hd__dfrtp_4)
     3    0.040575    0.235923    0.943936    1.443149 ^ _28_/Q (sky130_fd_sc_hd__dfrtp_4)
                                                         uo_out[4] (net)
                      0.235923    0.000473    1.443622 ^ _21_/A (sky130_fd_sc_hd__or2_1)
     1    0.001755    0.053921    0.224729    1.668351 ^ _21_/X (sky130_fd_sc_hd__or2_1)
                                                         _11_ (net)
                      0.053921    0.000008    1.668359 ^ _22_/B (sky130_fd_sc_hd__and2_1)
     1    0.002446    0.074918    0.215117    1.883475 ^ _22_/X (sky130_fd_sc_hd__and2_1)
                                                         _04_ (net)
                      0.074918    0.000026    1.883501 ^ _28_/D (sky130_fd_sc_hd__dfrtp_4)
                                              1.883501   data arrival time

                                  0.000000    0.000000   clock clk (rise edge)
                                  0.000000    0.000000   clock source latency
     1    0.012274    0.096708    0.063755    0.063755 ^ clk (in)
                                                         clk (net)
                      0.096709    0.000000    0.063755 ^ clkbuf_0_clk/A (sky130_fd_sc_hd__clkbuf_16)
     2    0.018587    0.065662    0.231800    0.295555 ^ clkbuf_0_clk/X (sky130_fd_sc_hd__clkbuf_16)
                                                         clknet_0_clk (net)
                      0.065662    0.000165    0.295720 ^ clkbuf_1_0__f_clk/A (sky130_fd_sc_hd__clkbuf_16)
     3    0.008795    0.052999    0.203355    0.499076 ^ clkbuf_1_0__f_clk/X (sky130_fd_sc_hd__clkbuf_16)
                                                         clknet_1_0__leaf_clk (net)
                      0.052999    0.000137    0.499213 ^ _28_/CLK (sky130_fd_sc_hd__dfrtp_4)
                                  0.250000    0.749213   clock uncertainty
                                  0.000000    0.749213   clock reconvergence pessimism
                                 -0.082652    0.666561   library hold time
                                              0.666561   data required time
---------------------------------------------------------------------------------------------
                                              0.666561   data required time
                                             -1.883501   data arrival time
---------------------------------------------------------------------------------------------
                                              1.216940   slack (MET)


Startpoint: _27_ (rising edge-triggered flip-flop clocked by clk)
Endpoint: _27_ (rising edge-triggered flip-flop clocked by clk)
Path Group: clk
Path Type: min

Fanout         Cap        Slew       Delay        Time   Description
---------------------------------------------------------------------------------------------
                                  0.000000    0.000000   clock clk (rise edge)
                                  0.000000    0.000000   clock source latency
     1    0.012274    0.096708    0.063755    0.063755 ^ clk (in)
                                                         clk (net)
                      0.096709    0.000000    0.063755 ^ clkbuf_0_clk/A (sky130_fd_sc_hd__clkbuf_16)
     2    0.018587    0.065662    0.231800    0.295555 ^ clkbuf_0_clk/X (sky130_fd_sc_hd__clkbuf_16)
                                                         clknet_0_clk (net)
                      0.065662    0.000165    0.295720 ^ clkbuf_1_0__f_clk/A (sky130_fd_sc_hd__clkbuf_16)
     3    0.008795    0.052999    0.203355    0.499076 ^ clkbuf_1_0__f_clk/X (sky130_fd_sc_hd__clkbuf_16)
                                                         clknet_1_0__leaf_clk (net)
                      0.052999    0.000106    0.499182 ^ _27_/CLK (sky130_fd_sc_hd__dfrtp_4)
     3    0.040794    0.236769    0.944706    1.443888 ^ _27_/Q (sky130_fd_sc_hd__dfrtp_4)
                                                         uo_out[3] (net)
                      0.236769    0.000422    1.444310 ^ _18_/B1 (sky130_fd_sc_hd__a31o_1)
     1    0.002800    0.072521    0.230081    1.674391 ^ _18_/X (sky130_fd_sc_hd__a31o_1)
                                                         _09_ (net)
                      0.072521    0.000031    1.674422 ^ _19_/B (sky130_fd_sc_hd__and2b_1)
     1    0.002558    0.068408    0.223023    1.897444 ^ _19_/X (sky130_fd_sc_hd__and2b_1)
                                                         _03_ (net)
                      0.068408    0.000027    1.897471 ^ _27_/D (sky130_fd_sc_hd__dfrtp_4)
                                              1.897471   data arrival time

                                  0.000000    0.000000   clock clk (rise edge)
                                  0.000000    0.000000   clock source latency
     1    0.012274    0.096708    0.063755    0.063755 ^ clk (in)
                                                         clk (net)
                      0.096709    0.000000    0.063755 ^ clkbuf_0_clk/A (sky130_fd_sc_hd__clkbuf_16)
     2    0.018587    0.065662    0.231800    0.295555 ^ clkbuf_0_clk/X (sky130_fd_sc_hd__clkbuf_16)
                                                         clknet_0_clk (net)
                      0.065662    0.000165    0.295720 ^ clkbuf_1_0__f_clk/A (sky130_fd_sc_hd__clkbuf_16)
     3    0.008795    0.052999    0.203355    0.499076 ^ clkbuf_1_0__f_clk/X (sky130_fd_sc_hd__clkbuf_16)
                                                         clknet_1_0__leaf_clk (net)
                      0.052999    0.000106    0.499182 ^ _27_/CLK (sky130_fd_sc_hd__dfrtp_4)
                                  0.250000    0.749182   clock uncertainty
                                  0.000000    0.749182   clock reconvergence pessimism
                                 -0.081166    0.668017   library hold time
                                              0.668017   data required time
---------------------------------------------------------------------------------------------
                                              0.668017   data required time
                                             -1.897471   data arrival time
---------------------------------------------------------------------------------------------
                                              1.229455   slack (MET)


Startpoint: _25_ (rising edge-triggered flip-flop clocked by clk)
Endpoint: _25_ (rising edge-triggered flip-flop clocked by clk)
Path Group: clk
Path Type: min

Fanout         Cap        Slew       Delay        Time   Description
---------------------------------------------------------------------------------------------
                                  0.000000    0.000000   clock clk (rise edge)
                                  0.000000    0.000000   clock source latency
     1    0.012274    0.096708    0.063755    0.063755 ^ clk (in)
                                                         clk (net)
                      0.096709    0.000000    0.063755 ^ clkbuf_0_clk/A (sky130_fd_sc_hd__clkbuf_16)
     2    0.018587    0.065662    0.231800    0.295555 ^ clkbuf_0_clk/X (sky130_fd_sc_hd__clkbuf_16)
                                                         clknet_0_clk (net)
                      0.065662    0.000175    0.295731 ^ clkbuf_1_1__f_clk/A (sky130_fd_sc_hd__clkbuf_16)
     3    0.007947    0.051757    0.201751    0.497482 ^ clkbuf_1_1__f_clk/X (sky130_fd_sc_hd__clkbuf_16)
                                                         clknet_1_1__leaf_clk (net)
                      0.051757    0.000077    0.497559 ^ _25_/CLK (sky130_fd_sc_hd__dfrtp_4)
     5    0.044390    0.250896    0.956323    1.453882 ^ _25_/Q (sky130_fd_sc_hd__dfrtp_4)
                                                         uo_out[1] (net)
                      0.250896    0.000463    1.454345 ^ _14_/A (sky130_fd_sc_hd__or2_1)
     1    0.001703    0.054020    0.229039    1.683383 ^ _14_/X (sky130_fd_sc_hd__or2_1)
                                                         _07_ (net)
                      0.054020    0.000008    1.683391 ^ _15_/B (sky130_fd_sc_hd__and2_1)
     1    0.003455    0.087703    0.227951    1.911342 ^ _15_/X (sky130_fd_sc_hd__and2_1)
                                                         _01_ (net)
                      0.087703    0.000050    1.911392 ^ _25_/D (sky130_fd_sc_hd__dfrtp_4)
                                              1.911392   data arrival time

                                  0.000000    0.000000   clock clk (rise edge)
                                  0.000000    0.000000   clock source latency
     1    0.012274    0.096708    0.063755    0.063755 ^ clk (in)
                                                         clk (net)
                      0.096709    0.000000    0.063755 ^ clkbuf_0_clk/A (sky130_fd_sc_hd__clkbuf_16)
     2    0.018587    0.065662    0.231800    0.295555 ^ clkbuf_0_clk/X (sky130_fd_sc_hd__clkbuf_16)
                                                         clknet_0_clk (net)
                      0.065662    0.000175    0.295731 ^ clkbuf_1_1__f_clk/A (sky130_fd_sc_hd__clkbuf_16)
     3    0.007947    0.051757    0.201751    0.497482 ^ clkbuf_1_1__f_clk/X (sky130_fd_sc_hd__clkbuf_16)
                                                         clknet_1_1__leaf_clk (net)
                      0.051757    0.000077    0.497559 ^ _25_/CLK (sky130_fd_sc_hd__dfrtp_4)
                                  0.250000    0.747559   clock uncertainty
                                  0.000000    0.747559   clock reconvergence pessimism
                                 -0.085776    0.661783   library hold time
                                              0.661783   data required time
---------------------------------------------------------------------------------------------
                                              0.661783   data required time
                                             -1.911392   data arrival time
---------------------------------------------------------------------------------------------
                                              1.249610   slack (MET)


Startpoint: rst_n (input port clocked by clk)
Endpoint: _27_ (removal check against rising-edge clock clk)
Path Group: asynchronous
Path Type: min

Fanout         Cap        Slew       Delay        Time   Description
---------------------------------------------------------------------------------------------
                                  0.000000    0.000000   clock clk (rise edge)
                                  0.000000    0.000000   clock network delay (propagated)
                                  4.000000    4.000000 ^ input external delay
     1    0.002212    0.028374    0.012670    4.012671 ^ rst_n (in)
                                                         rst_n (net)
                      0.028374    0.000000    4.012671 ^ input1/A (sky130_fd_sc_hd__buf_2)
     6    0.030505    0.244237    0.304199    4.316869 ^ input1/X (sky130_fd_sc_hd__buf_2)
                                                         net1 (net)
                      0.244239    0.001271    4.318140 ^ _27_/RESET_B (sky130_fd_sc_hd__dfrtp_4)
                                              4.318140   data arrival time

                                  0.000000    0.000000   clock clk (rise edge)
                                  0.000000    0.000000   clock source latency
     1    0.012274    0.096708    0.063755    0.063755 ^ clk (in)
                                                         clk (net)
                      0.096709    0.000000    0.063755 ^ clkbuf_0_clk/A (sky130_fd_sc_hd__clkbuf_16)
     2    0.018587    0.065662    0.231800    0.295555 ^ clkbuf_0_clk/X (sky130_fd_sc_hd__clkbuf_16)
                                                         clknet_0_clk (net)
                      0.065662    0.000165    0.295720 ^ clkbuf_1_0__f_clk/A (sky130_fd_sc_hd__clkbuf_16)
     3    0.008795    0.052999    0.203355    0.499076 ^ clkbuf_1_0__f_clk/X (sky130_fd_sc_hd__clkbuf_16)
                                                         clknet_1_0__leaf_clk (net)
                      0.052999    0.000106    0.499182 ^ _27_/CLK (sky130_fd_sc_hd__dfrtp_4)
                                  0.250000    0.749182   clock uncertainty
                                  0.000000    0.749182   clock reconvergence pessimism
                                  0.707508    1.456690   library removal time
                                              1.456690   data required time
---------------------------------------------------------------------------------------------
                                              1.456690   data required time
                                             -4.318140   data arrival time
---------------------------------------------------------------------------------------------
                                              2.861450   slack (MET)


Startpoint: rst_n (input port clocked by clk)
Endpoint: _28_ (removal check against rising-edge clock clk)
Path Group: asynchronous
Path Type: min

Fanout         Cap        Slew       Delay        Time   Description
---------------------------------------------------------------------------------------------
                                  0.000000    0.000000   clock clk (rise edge)
                                  0.000000    0.000000   clock network delay (propagated)
                                  4.000000    4.000000 ^ input external delay
     1    0.002212    0.028374    0.012670    4.012671 ^ rst_n (in)
                                                         rst_n (net)
                      0.028374    0.000000    4.012671 ^ input1/A (sky130_fd_sc_hd__buf_2)
     6    0.030505    0.244237    0.304199    4.316869 ^ input1/X (sky130_fd_sc_hd__buf_2)
                                                         net1 (net)
                      0.244240    0.001352    4.318221 ^ _28_/RESET_B (sky130_fd_sc_hd__dfrtp_4)
                                              4.318221   data arrival time

                                  0.000000    0.000000   clock clk (rise edge)
                                  0.000000    0.000000   clock source latency
     1    0.012274    0.096708    0.063755    0.063755 ^ clk (in)
                                                         clk (net)
                      0.096709    0.000000    0.063755 ^ clkbuf_0_clk/A (sky130_fd_sc_hd__clkbuf_16)
     2    0.018587    0.065662    0.231800    0.295555 ^ clkbuf_0_clk/X (sky130_fd_sc_hd__clkbuf_16)
                                                         clknet_0_clk (net)
                      0.065662    0.000165    0.295720 ^ clkbuf_1_0__f_clk/A (sky130_fd_sc_hd__clkbuf_16)
     3    0.008795    0.052999    0.203355    0.499076 ^ clkbuf_1_0__f_clk/X (sky130_fd_sc_hd__clkbuf_16)
                                                         clknet_1_0__leaf_clk (net)
                      0.052999    0.000137    0.499213 ^ _28_/CLK (sky130_fd_sc_hd__dfrtp_4)
                                  0.250000    0.749213   clock uncertainty
                                  0.000000    0.749213   clock reconvergence pessimism
                                  0.707508    1.456721   library removal time
                                              1.456721   data required time
---------------------------------------------------------------------------------------------
                                              1.456721   data required time
                                             -4.318221   data arrival time
---------------------------------------------------------------------------------------------
                                              2.861500   slack (MET)


Startpoint: rst_n (input port clocked by clk)
Endpoint: _29_ (removal check against rising-edge clock clk)
Path Group: asynchronous
Path Type: min

Fanout         Cap        Slew       Delay        Time   Description
---------------------------------------------------------------------------------------------
                                  0.000000    0.000000   clock clk (rise edge)
                                  0.000000    0.000000   clock network delay (propagated)
                                  4.000000    4.000000 ^ input external delay
     1    0.002212    0.028374    0.012670    4.012671 ^ rst_n (in)
                                                         rst_n (net)
                      0.028374    0.000000    4.012671 ^ input1/A (sky130_fd_sc_hd__buf_2)
     6    0.030505    0.244237    0.304199    4.316869 ^ input1/X (sky130_fd_sc_hd__buf_2)
                                                         net1 (net)
                      0.244240    0.001354    4.318223 ^ _29_/RESET_B (sky130_fd_sc_hd__dfrtp_4)
                                              4.318223   data arrival time

                                  0.000000    0.000000   clock clk (rise edge)
                                  0.000000    0.000000   clock source latency
     1    0.012274    0.096708    0.063755    0.063755 ^ clk (in)
                                                         clk (net)
                      0.096709    0.000000    0.063755 ^ clkbuf_0_clk/A (sky130_fd_sc_hd__clkbuf_16)
     2    0.018587    0.065662    0.231800    0.295555 ^ clkbuf_0_clk/X (sky130_fd_sc_hd__clkbuf_16)
                                                         clknet_0_clk (net)
                      0.065662    0.000165    0.295720 ^ clkbuf_1_0__f_clk/A (sky130_fd_sc_hd__clkbuf_16)
     3    0.008795    0.052999    0.203355    0.499076 ^ clkbuf_1_0__f_clk/X (sky130_fd_sc_hd__clkbuf_16)
                                                         clknet_1_0__leaf_clk (net)
                      0.052999    0.000046    0.499122 ^ _29_/CLK (sky130_fd_sc_hd__dfrtp_4)
                                  0.250000    0.749122   clock uncertainty
                                  0.000000    0.749122   clock reconvergence pessimism
                                  0.707508    1.456630   library removal time
                                              1.456630   data required time
---------------------------------------------------------------------------------------------
                                              1.456630   data required time
                                             -4.318223   data arrival time
---------------------------------------------------------------------------------------------
                                              2.861593   slack (MET)


Startpoint: rst_n (input port clocked by clk)
Endpoint: _26_ (removal check against rising-edge clock clk)
Path Group: asynchronous
Path Type: min

Fanout         Cap        Slew       Delay        Time   Description
---------------------------------------------------------------------------------------------
                                  0.000000    0.000000   clock clk (rise edge)
                                  0.000000    0.000000   clock network delay (propagated)
                                  4.000000    4.000000 ^ input external delay
     1    0.002212    0.028374    0.012670    4.012671 ^ rst_n (in)
                                                         rst_n (net)
                      0.028374    0.000000    4.012671 ^ input1/A (sky130_fd_sc_hd__buf_2)
     6    0.030505    0.244237    0.304199    4.316869 ^ input1/X (sky130_fd_sc_hd__buf_2)
                                                         net1 (net)
                      0.244237    0.000584    4.317453 ^ _26_/RESET_B (sky130_fd_sc_hd__dfrtp_4)
                                              4.317453   data arrival time

                                  0.000000    0.000000   clock clk (rise edge)
                                  0.000000    0.000000   clock source latency
     1    0.012274    0.096708    0.063755    0.063755 ^ clk (in)
                                                         clk (net)
                      0.096709    0.000000    0.063755 ^ clkbuf_0_clk/A (sky130_fd_sc_hd__clkbuf_16)
     2    0.018587    0.065662    0.231800    0.295555 ^ clkbuf_0_clk/X (sky130_fd_sc_hd__clkbuf_16)
                                                         clknet_0_clk (net)
                      0.065662    0.000175    0.295731 ^ clkbuf_1_1__f_clk/A (sky130_fd_sc_hd__clkbuf_16)
     3    0.007947    0.051757    0.201751    0.497482 ^ clkbuf_1_1__f_clk/X (sky130_fd_sc_hd__clkbuf_16)
                                                         clknet_1_1__leaf_clk (net)
                      0.051757    0.000077    0.497558 ^ _26_/CLK (sky130_fd_sc_hd__dfrtp_4)
                                  0.250000    0.747558   clock uncertainty
                                  0.000000    0.747558   clock reconvergence pessimism
                                  0.707134    1.454692   library removal time
                                              1.454692   data required time
---------------------------------------------------------------------------------------------
                                              1.454692   data required time
                                             -4.317453   data arrival time
---------------------------------------------------------------------------------------------
                                              2.862761   slack (MET)


Startpoint: rst_n (input port clocked by clk)
Endpoint: _25_ (removal check against rising-edge clock clk)
Path Group: asynchronous
Path Type: min

Fanout         Cap        Slew       Delay        Time   Description
---------------------------------------------------------------------------------------------
                                  0.000000    0.000000   clock clk (rise edge)
                                  0.000000    0.000000   clock network delay (propagated)
                                  4.000000    4.000000 ^ input external delay
     1    0.002212    0.028374    0.012670    4.012671 ^ rst_n (in)
                                                         rst_n (net)
                      0.028374    0.000000    4.012671 ^ input1/A (sky130_fd_sc_hd__buf_2)
     6    0.030505    0.244237    0.304199    4.316869 ^ input1/X (sky130_fd_sc_hd__buf_2)
                                                         net1 (net)
                      0.244237    0.000816    4.317685 ^ _25_/RESET_B (sky130_fd_sc_hd__dfrtp_4)
                                              4.317685   data arrival time

                                  0.000000    0.000000   clock clk (rise edge)
                                  0.000000    0.000000   clock source latency
     1    0.012274    0.096708    0.063755    0.063755 ^ clk (in)
                                                         clk (net)
                      0.096709    0.000000    0.063755 ^ clkbuf_0_clk/A (sky130_fd_sc_hd__clkbuf_16)
     2    0.018587    0.065662    0.231800    0.295555 ^ clkbuf_0_clk/X (sky130_fd_sc_hd__clkbuf_16)
                                                         clknet_0_clk (net)
                      0.065662    0.000175    0.295731 ^ clkbuf_1_1__f_clk/A (sky130_fd_sc_hd__clkbuf_16)
     3    0.007947    0.051757    0.201751    0.497482 ^ clkbuf_1_1__f_clk/X (sky130_fd_sc_hd__clkbuf_16)
                                                         clknet_1_1__leaf_clk (net)
                      0.051757    0.000077    0.497559 ^ _25_/CLK (sky130_fd_sc_hd__dfrtp_4)
                                  0.250000    0.747559   clock uncertainty
                                  0.000000    0.747559   clock reconvergence pessimism
                                  0.707134    1.454693   library removal time
                                              1.454693   data required time
---------------------------------------------------------------------------------------------
                                              1.454693   data required time
                                             -4.317685   data arrival time
---------------------------------------------------------------------------------------------
                                              2.862992   slack (MET)


Startpoint: rst_n (input port clocked by clk)
Endpoint: _24_ (removal check against rising-edge clock clk)
Path Group: asynchronous
Path Type: min

Fanout         Cap        Slew       Delay        Time   Description
---------------------------------------------------------------------------------------------
                                  0.000000    0.000000   clock clk (rise edge)
                                  0.000000    0.000000   clock network delay (propagated)
                                  4.000000    4.000000 ^ input external delay
     1    0.002212    0.028374    0.012670    4.012671 ^ rst_n (in)
                                                         rst_n (net)
                      0.028374    0.000000    4.012671 ^ input1/A (sky130_fd_sc_hd__buf_2)
     6    0.030505    0.244237    0.304199    4.316869 ^ input1/X (sky130_fd_sc_hd__buf_2)
                                                         net1 (net)
                      0.244238    0.001139    4.318008 ^ _24_/RESET_B (sky130_fd_sc_hd__dfrtp_4)
                                              4.318008   data arrival time

                                  0.000000    0.000000   clock clk (rise edge)
                                  0.000000    0.000000   clock source latency
     1    0.012274    0.096708    0.063755    0.063755 ^ clk (in)
                                                         clk (net)
                      0.096709    0.000000    0.063755 ^ clkbuf_0_clk/A (sky130_fd_sc_hd__clkbuf_16)
     2    0.018587    0.065662    0.231800    0.295555 ^ clkbuf_0_clk/X (sky130_fd_sc_hd__clkbuf_16)
                                                         clknet_0_clk (net)
                      0.065662    0.000175    0.295731 ^ clkbuf_1_1__f_clk/A (sky130_fd_sc_hd__clkbuf_16)
     3    0.007947    0.051757    0.201751    0.497482 ^ clkbuf_1_1__f_clk/X (sky130_fd_sc_hd__clkbuf_16)
                                                         clknet_1_1__leaf_clk (net)
                      0.051757    0.000097    0.497578 ^ _24_/CLK (sky130_fd_sc_hd__dfrtp_4)
                                  0.250000    0.747578   clock uncertainty
                                  0.000000    0.747578   clock reconvergence pessimism
                                  0.707134    1.454713   library removal time
                                              1.454713   data required time
---------------------------------------------------------------------------------------------
                                              1.454713   data required time
                                             -4.318008   data arrival time
---------------------------------------------------------------------------------------------
                                              2.863295   slack (MET)


Startpoint: _29_ (rising edge-triggered flip-flop clocked by clk)
Endpoint: uo_out[5] (output port clocked by clk)
Path Group: clk
Path Type: min

Fanout         Cap        Slew       Delay        Time   Description
---------------------------------------------------------------------------------------------
                                  0.000000    0.000000   clock clk (rise edge)
                                  0.000000    0.000000   clock source latency
     1    0.012274    0.096708    0.063755    0.063755 ^ clk (in)
                                                         clk (net)
                      0.096709    0.000000    0.063755 ^ clkbuf_0_clk/A (sky130_fd_sc_hd__clkbuf_16)
     2    0.018587    0.065662    0.231800    0.295555 ^ clkbuf_0_clk/X (sky130_fd_sc_hd__clkbuf_16)
                                                         clknet_0_clk (net)
                      0.065662    0.000165    0.295720 ^ clkbuf_1_0__f_clk/A (sky130_fd_sc_hd__clkbuf_16)
     3    0.008795    0.052999    0.203355    0.499076 ^ clkbuf_1_0__f_clk/X (sky130_fd_sc_hd__clkbuf_16)
                                                         clknet_1_0__leaf_clk (net)
                      0.052999    0.000046    0.499122 ^ _29_/CLK (sky130_fd_sc_hd__dfrtp_4)
     2    0.039579    0.231984    0.940692    1.439814 ^ _29_/Q (sky130_fd_sc_hd__dfrtp_4)
                                                         uo_out[5] (net)
                      0.231984    0.000201    1.440015 ^ uo_out[5] (out)
                                              1.440015   data arrival time

                                  0.000000    0.000000   clock clk (rise edge)
                                  0.000000    0.000000   clock network delay (propagated)
                                  0.250000    0.250000   clock uncertainty
                                  0.000000    0.250000   clock reconvergence pessimism
                                 -4.000000   -3.750000   output external delay
                                             -3.750000   data required time
---------------------------------------------------------------------------------------------
                                             -3.750000   data required time
                                             -1.440015   data arrival time
---------------------------------------------------------------------------------------------
                                              5.190015   slack (MET)


Startpoint: _28_ (rising edge-triggered flip-flop clocked by clk)
Endpoint: uo_out[4] (output port clocked by clk)
Path Group: clk
Path Type: min

Fanout         Cap        Slew       Delay        Time   Description
---------------------------------------------------------------------------------------------
                                  0.000000    0.000000   clock clk (rise edge)
                                  0.000000    0.000000   clock source latency
     1    0.012274    0.096708    0.063755    0.063755 ^ clk (in)
                                                         clk (net)
                      0.096709    0.000000    0.063755 ^ clkbuf_0_clk/A (sky130_fd_sc_hd__clkbuf_16)
     2    0.018587    0.065662    0.231800    0.295555 ^ clkbuf_0_clk/X (sky130_fd_sc_hd__clkbuf_16)
                                                         clknet_0_clk (net)
                      0.065662    0.000165    0.295720 ^ clkbuf_1_0__f_clk/A (sky130_fd_sc_hd__clkbuf_16)
     3    0.008795    0.052999    0.203355    0.499076 ^ clkbuf_1_0__f_clk/X (sky130_fd_sc_hd__clkbuf_16)
                                                         clknet_1_0__leaf_clk (net)
                      0.052999    0.000137    0.499213 ^ _28_/CLK (sky130_fd_sc_hd__dfrtp_4)
     3    0.040575    0.235923    0.943936    1.443149 ^ _28_/Q (sky130_fd_sc_hd__dfrtp_4)
                                                         uo_out[4] (net)
                      0.235923    0.000529    1.443679 ^ uo_out[4] (out)
                                              1.443679   data arrival time

                                  0.000000    0.000000   clock clk (rise edge)
                                  0.000000    0.000000   clock network delay (propagated)
                                  0.250000    0.250000   clock uncertainty
                                  0.000000    0.250000   clock reconvergence pessimism
                                 -4.000000   -3.750000   output external delay
                                             -3.750000   data required time
---------------------------------------------------------------------------------------------
                                             -3.750000   data required time
                                             -1.443679   data arrival time
---------------------------------------------------------------------------------------------
                                              5.193678   slack (MET)


Startpoint: _27_ (rising edge-triggered flip-flop clocked by clk)
Endpoint: uo_out[3] (output port clocked by clk)
Path Group: clk
Path Type: min

Fanout         Cap        Slew       Delay        Time   Description
---------------------------------------------------------------------------------------------
                                  0.000000    0.000000   clock clk (rise edge)
                                  0.000000    0.000000   clock source latency
     1    0.012274    0.096708    0.063755    0.063755 ^ clk (in)
                                                         clk (net)
                      0.096709    0.000000    0.063755 ^ clkbuf_0_clk/A (sky130_fd_sc_hd__clkbuf_16)
     2    0.018587    0.065662    0.231800    0.295555 ^ clkbuf_0_clk/X (sky130_fd_sc_hd__clkbuf_16)
                                                         clknet_0_clk (net)
                      0.065662    0.000165    0.295720 ^ clkbuf_1_0__f_clk/A (sky130_fd_sc_hd__clkbuf_16)
     3    0.008795    0.052999    0.203355    0.499076 ^ clkbuf_1_0__f_clk/X (sky130_fd_sc_hd__clkbuf_16)
                                                         clknet_1_0__leaf_clk (net)
                      0.052999    0.000106    0.499182 ^ _27_/CLK (sky130_fd_sc_hd__dfrtp_4)
     3    0.040794    0.236769    0.944706    1.443888 ^ _27_/Q (sky130_fd_sc_hd__dfrtp_4)
                                                         uo_out[3] (net)
                      0.236769    0.000505    1.444393 ^ uo_out[3] (out)
                                              1.444393   data arrival time

                                  0.000000    0.000000   clock clk (rise edge)
                                  0.000000    0.000000   clock network delay (propagated)
                                  0.250000    0.250000   clock uncertainty
                                  0.000000    0.250000   clock reconvergence pessimism
                                 -4.000000   -3.750000   output external delay
                                             -3.750000   data required time
---------------------------------------------------------------------------------------------
                                             -3.750000   data required time
                                             -1.444393   data arrival time
---------------------------------------------------------------------------------------------
                                              5.194394   slack (MET)


Startpoint: _25_ (rising edge-triggered flip-flop clocked by clk)
Endpoint: uo_out[1] (output port clocked by clk)
Path Group: clk
Path Type: min

Fanout         Cap        Slew       Delay        Time   Description
---------------------------------------------------------------------------------------------
                                  0.000000    0.000000   clock clk (rise edge)
                                  0.000000    0.000000   clock source latency
     1    0.012274    0.096708    0.063755    0.063755 ^ clk (in)
                                                         clk (net)
                      0.096709    0.000000    0.063755 ^ clkbuf_0_clk/A (sky130_fd_sc_hd__clkbuf_16)
     2    0.018587    0.065662    0.231800    0.295555 ^ clkbuf_0_clk/X (sky130_fd_sc_hd__clkbuf_16)
                                                         clknet_0_clk (net)
                      0.065662    0.000175    0.295731 ^ clkbuf_1_1__f_clk/A (sky130_fd_sc_hd__clkbuf_16)
     3    0.007947    0.051757    0.201751    0.497482 ^ clkbuf_1_1__f_clk/X (sky130_fd_sc_hd__clkbuf_16)
                                                         clknet_1_1__leaf_clk (net)
                      0.051757    0.000077    0.497559 ^ _25_/CLK (sky130_fd_sc_hd__dfrtp_4)
     5    0.044390    0.250896    0.956323    1.453882 ^ _25_/Q (sky130_fd_sc_hd__dfrtp_4)
                                                         uo_out[1] (net)
                      0.250896    0.000862    1.454744 ^ uo_out[1] (out)
                                              1.454744   data arrival time

                                  0.000000    0.000000   clock clk (rise edge)
                                  0.000000    0.000000   clock network delay (propagated)
                                  0.250000    0.250000   clock uncertainty
                                  0.000000    0.250000   clock reconvergence pessimism
                                 -4.000000   -3.750000   output external delay
                                             -3.750000   data required time
---------------------------------------------------------------------------------------------
                                             -3.750000   data required time
                                             -1.454744   data arrival time
---------------------------------------------------------------------------------------------
                                              5.204744   slack (MET)


Startpoint: _26_ (rising edge-triggered flip-flop clocked by clk)
Endpoint: uo_out[2] (output port clocked by clk)
Path Group: clk
Path Type: min

Fanout         Cap        Slew       Delay        Time   Description
---------------------------------------------------------------------------------------------
                                  0.000000    0.000000   clock clk (rise edge)
                                  0.000000    0.000000   clock source latency
     1    0.012274    0.096708    0.063755    0.063755 ^ clk (in)
                                                         clk (net)
                      0.096709    0.000000    0.063755 ^ clkbuf_0_clk/A (sky130_fd_sc_hd__clkbuf_16)
     2    0.018587    0.065662    0.231800    0.295555 ^ clkbuf_0_clk/X (sky130_fd_sc_hd__clkbuf_16)
                                                         clknet_0_clk (net)
                      0.065662    0.000175    0.295731 ^ clkbuf_1_1__f_clk/A (sky130_fd_sc_hd__clkbuf_16)
     3    0.007947    0.051757    0.201751    0.497482 ^ clkbuf_1_1__f_clk/X (sky130_fd_sc_hd__clkbuf_16)
                                                         clknet_1_1__leaf_clk (net)
                      0.051757    0.000077    0.497558 ^ _26_/CLK (sky130_fd_sc_hd__dfrtp_4)
     4    0.047902    0.264937    0.967902    1.465461 ^ _26_/Q (sky130_fd_sc_hd__dfrtp_4)
                                                         uo_out[2] (net)
                      0.264943    0.001704    1.467165 ^ uo_out[2] (out)
                                              1.467165   data arrival time

                                  0.000000    0.000000   clock clk (rise edge)
                                  0.000000    0.000000   clock network delay (propagated)
                                  0.250000    0.250000   clock uncertainty
                                  0.000000    0.250000   clock reconvergence pessimism
                                 -4.000000   -3.750000   output external delay
                                             -3.750000   data required time
---------------------------------------------------------------------------------------------
                                             -3.750000   data required time
                                             -1.467165   data arrival time
---------------------------------------------------------------------------------------------
                                              5.217165   slack (MET)


Startpoint: _24_ (rising edge-triggered flip-flop clocked by clk)
Endpoint: uo_out[0] (output port clocked by clk)
Path Group: clk
Path Type: min

Fanout         Cap        Slew       Delay        Time   Description
---------------------------------------------------------------------------------------------
                                  0.000000    0.000000   clock clk (rise edge)
                                  0.000000    0.000000   clock source latency
     1    0.012274    0.096708    0.063755    0.063755 ^ clk (in)
                                                         clk (net)
                      0.096709    0.000000    0.063755 ^ clkbuf_0_clk/A (sky130_fd_sc_hd__clkbuf_16)
     2    0.018587    0.065662    0.231800    0.295555 ^ clkbuf_0_clk/X (sky130_fd_sc_hd__clkbuf_16)
                                                         clknet_0_clk (net)
                      0.065662    0.000175    0.295731 ^ clkbuf_1_1__f_clk/A (sky130_fd_sc_hd__clkbuf_16)
     3    0.007947    0.051757    0.201751    0.497482 ^ clkbuf_1_1__f_clk/X (sky130_fd_sc_hd__clkbuf_16)
                                                         clknet_1_1__leaf_clk (net)
                      0.051757    0.000097    0.497578 ^ _24_/CLK (sky130_fd_sc_hd__dfrtp_4)
     6    0.048957    0.268800    0.972226    1.469805 ^ _24_/Q (sky130_fd_sc_hd__dfrtp_4)
                                                         uo_out[0] (net)
                      0.268800    0.000475    1.470280 ^ uo_out[0] (out)
                                              1.470280   data arrival time

                                  0.000000    0.000000   clock clk (rise edge)
                                  0.000000    0.000000   clock network delay (propagated)
                                  0.250000    0.250000   clock uncertainty
                                  0.000000    0.250000   clock reconvergence pessimism
                                 -4.000000   -3.750000   output external delay
                                             -3.750000   data required time
---------------------------------------------------------------------------------------------
                                             -3.750000   data required time
                                             -1.470280   data arrival time
---------------------------------------------------------------------------------------------
                                              5.220280   slack (MET)



%OL_END_REPORT
%OL_CREATE_REPORT max.rpt

===========================================================================
report_checks -path_delay max (Setup)
============================================================================
======================= min_ss_100C_1v60 Corner ===================================

Startpoint: _24_ (rising edge-triggered flip-flop clocked by clk)
Endpoint: uo_out[0] (output port clocked by clk)
Path Group: clk
Path Type: max

Fanout         Cap        Slew       Delay        Time   Description
---------------------------------------------------------------------------------------------
                                  0.000000    0.000000   clock clk (rise edge)
                                  0.000000    0.000000   clock source latency
     1    0.012274    0.096708    0.063755    0.063755 ^ clk (in)
                                                         clk (net)
                      0.096709    0.000000    0.063755 ^ clkbuf_0_clk/A (sky130_fd_sc_hd__clkbuf_16)
     2    0.018587    0.065662    0.231800    0.295555 ^ clkbuf_0_clk/X (sky130_fd_sc_hd__clkbuf_16)
                                                         clknet_0_clk (net)
                      0.065662    0.000175    0.295731 ^ clkbuf_1_1__f_clk/A (sky130_fd_sc_hd__clkbuf_16)
     3    0.007947    0.051757    0.201751    0.497482 ^ clkbuf_1_1__f_clk/X (sky130_fd_sc_hd__clkbuf_16)
                                                         clknet_1_1__leaf_clk (net)
                      0.051757    0.000097    0.497578 ^ _24_/CLK (sky130_fd_sc_hd__dfrtp_4)
     6    0.048130    0.214220    1.120502    1.618080 v _24_/Q (sky130_fd_sc_hd__dfrtp_4)
                                                         uo_out[0] (net)
                      0.214220    0.000469    1.618549 v uo_out[0] (out)
                                              1.618549   data arrival time

                                 20.000000   20.000000   clock clk (rise edge)
                                  0.000000   20.000000   clock network delay (propagated)
                                 -0.250000   19.750002   clock uncertainty
                                  0.000000   19.750002   clock reconvergence pessimism
                                 -4.000000   15.750001   output external delay
                                             15.750001   data required time
---------------------------------------------------------------------------------------------
                                             15.750001   data required time
                                             -1.618549   data arrival time
---------------------------------------------------------------------------------------------
                                             14.131452   slack (MET)


Startpoint: _26_ (rising edge-triggered flip-flop clocked by clk)
Endpoint: uo_out[2] (output port clocked by clk)
Path Group: clk
Path Type: max

Fanout         Cap        Slew       Delay        Time   Description
---------------------------------------------------------------------------------------------
                                  0.000000    0.000000   clock clk (rise edge)
                                  0.000000    0.000000   clock source latency
     1    0.012274    0.096708    0.063755    0.063755 ^ clk (in)
                                                         clk (net)
                      0.096709    0.000000    0.063755 ^ clkbuf_0_clk/A (sky130_fd_sc_hd__clkbuf_16)
     2    0.018587    0.065662    0.231800    0.295555 ^ clkbuf_0_clk/X (sky130_fd_sc_hd__clkbuf_16)
                                                         clknet_0_clk (net)
                      0.065662    0.000175    0.295731 ^ clkbuf_1_1__f_clk/A (sky130_fd_sc_hd__clkbuf_16)
     3    0.007947    0.051757    0.201751    0.497482 ^ clkbuf_1_1__f_clk/X (sky130_fd_sc_hd__clkbuf_16)
                                                         clknet_1_1__leaf_clk (net)
                      0.051757    0.000077    0.497558 ^ _26_/CLK (sky130_fd_sc_hd__dfrtp_4)
     4    0.047384    0.212945    1.117878    1.615436 v _26_/Q (sky130_fd_sc_hd__dfrtp_4)
                                                         uo_out[2] (net)
                      0.212954    0.001690    1.617127 v uo_out[2] (out)
                                              1.617127   data arrival time

                                 20.000000   20.000000   clock clk (rise edge)
                                  0.000000   20.000000   clock network delay (propagated)
                                 -0.250000   19.750002   clock uncertainty
                                  0.000000   19.750002   clock reconvergence pessimism
                                 -4.000000   15.750001   output external delay
                                             15.750001   data required time
---------------------------------------------------------------------------------------------
                                             15.750001   data required time
                                             -1.617127   data arrival time
---------------------------------------------------------------------------------------------
                                             14.132874   slack (MET)


Startpoint: _25_ (rising edge-triggered flip-flop clocked by clk)
Endpoint: uo_out[1] (output port clocked by clk)
Path Group: clk
Path Type: max

Fanout         Cap        Slew       Delay        Time   Description
---------------------------------------------------------------------------------------------
                                  0.000000    0.000000   clock clk (rise edge)
                                  0.000000    0.000000   clock source latency
     1    0.012274    0.096708    0.063755    0.063755 ^ clk (in)
                                                         clk (net)
                      0.096709    0.000000    0.063755 ^ clkbuf_0_clk/A (sky130_fd_sc_hd__clkbuf_16)
     2    0.018587    0.065662    0.231800    0.295555 ^ clkbuf_0_clk/X (sky130_fd_sc_hd__clkbuf_16)
                                                         clknet_0_clk (net)
                      0.065662    0.000175    0.295731 ^ clkbuf_1_1__f_clk/A (sky130_fd_sc_hd__clkbuf_16)
     3    0.007947    0.051757    0.201751    0.497482 ^ clkbuf_1_1__f_clk/X (sky130_fd_sc_hd__clkbuf_16)
                                                         clknet_1_1__leaf_clk (net)
                      0.051757    0.000077    0.497559 ^ _25_/CLK (sky130_fd_sc_hd__dfrtp_4)
     5    0.044039    0.205154    1.109448    1.607008 v _25_/Q (sky130_fd_sc_hd__dfrtp_4)
                                                         uo_out[1] (net)
                      0.205154    0.000858    1.607866 v uo_out[1] (out)
                                              1.607866   data arrival time

                                 20.000000   20.000000   clock clk (rise edge)
                                  0.000000   20.000000   clock network delay (propagated)
                                 -0.250000   19.750002   clock uncertainty
                                  0.000000   19.750002   clock reconvergence pessimism
                                 -4.000000   15.750001   output external delay
                                             15.750001   data required time
---------------------------------------------------------------------------------------------
                                             15.750001   data required time
                                             -1.607866   data arrival time
---------------------------------------------------------------------------------------------
                                             14.142135   slack (MET)


Startpoint: _27_ (rising edge-triggered flip-flop clocked by clk)
Endpoint: uo_out[3] (output port clocked by clk)
Path Group: clk
Path Type: max

Fanout         Cap        Slew       Delay        Time   Description
---------------------------------------------------------------------------------------------
                                  0.000000    0.000000   clock clk (rise edge)
                                  0.000000    0.000000   clock source latency
     1    0.012274    0.096708    0.063755    0.063755 ^ clk (in)
                                                         clk (net)
                      0.096709    0.000000    0.063755 ^ clkbuf_0_clk/A (sky130_fd_sc_hd__clkbuf_16)
     2    0.018587    0.065662    0.231800    0.295555 ^ clkbuf_0_clk/X (sky130_fd_sc_hd__clkbuf_16)
                                                         clknet_0_clk (net)
                      0.065662    0.000165    0.295720 ^ clkbuf_1_0__f_clk/A (sky130_fd_sc_hd__clkbuf_16)
     3    0.008795    0.052999    0.203355    0.499076 ^ clkbuf_1_0__f_clk/X (sky130_fd_sc_hd__clkbuf_16)
                                                         clknet_1_0__leaf_clk (net)
                      0.052999    0.000106    0.499182 ^ _27_/CLK (sky130_fd_sc_hd__dfrtp_4)
     3    0.040442    0.197104    1.100627    1.599809 v _27_/Q (sky130_fd_sc_hd__dfrtp_4)
                                                         uo_out[3] (net)
                      0.197104    0.000502    1.600311 v uo_out[3] (out)
                                              1.600311   data arrival time

                                 20.000000   20.000000   clock clk (rise edge)
                                  0.000000   20.000000   clock network delay (propagated)
                                 -0.250000   19.750002   clock uncertainty
                                  0.000000   19.750002   clock reconvergence pessimism
                                 -4.000000   15.750001   output external delay
                                             15.750001   data required time
---------------------------------------------------------------------------------------------
                                             15.750001   data required time
                                             -1.600311   data arrival time
---------------------------------------------------------------------------------------------
                                             14.149690   slack (MET)


Startpoint: _28_ (rising edge-triggered flip-flop clocked by clk)
Endpoint: uo_out[4] (output port clocked by clk)
Path Group: clk
Path Type: max

Fanout         Cap        Slew       Delay        Time   Description
---------------------------------------------------------------------------------------------
                                  0.000000    0.000000   clock clk (rise edge)
                                  0.000000    0.000000   clock source latency
     1    0.012274    0.096708    0.063755    0.063755 ^ clk (in)
                                                         clk (net)
                      0.096709    0.000000    0.063755 ^ clkbuf_0_clk/A (sky130_fd_sc_hd__clkbuf_16)
     2    0.018587    0.065662    0.231800    0.295555 ^ clkbuf_0_clk/X (sky130_fd_sc_hd__clkbuf_16)
                                                         clknet_0_clk (net)
                      0.065662    0.000165    0.295720 ^ clkbuf_1_0__f_clk/A (sky130_fd_sc_hd__clkbuf_16)
     3    0.008795    0.052999    0.203355    0.499076 ^ clkbuf_1_0__f_clk/X (sky130_fd_sc_hd__clkbuf_16)
                                                         clknet_1_0__leaf_clk (net)
                      0.052999    0.000137    0.499213 ^ _28_/CLK (sky130_fd_sc_hd__dfrtp_4)
     3    0.040368    0.196954    1.100415    1.599628 v _28_/Q (sky130_fd_sc_hd__dfrtp_4)
                                                         uo_out[4] (net)
                      0.196954    0.000527    1.600155 v uo_out[4] (out)
                                              1.600155   data arrival time

                                 20.000000   20.000000   clock clk (rise edge)
                                  0.000000   20.000000   clock network delay (propagated)
                                 -0.250000   19.750002   clock uncertainty
                                  0.000000   19.750002   clock reconvergence pessimism
                                 -4.000000   15.750001   output external delay
                                             15.750001   data required time
---------------------------------------------------------------------------------------------
                                             15.750001   data required time
                                             -1.600155   data arrival time
---------------------------------------------------------------------------------------------
                                             14.149845   slack (MET)


Startpoint: _29_ (rising edge-triggered flip-flop clocked by clk)
Endpoint: uo_out[5] (output port clocked by clk)
Path Group: clk
Path Type: max

Fanout         Cap        Slew       Delay        Time   Description
---------------------------------------------------------------------------------------------
                                  0.000000    0.000000   clock clk (rise edge)
                                  0.000000    0.000000   clock source latency
     1    0.012274    0.096708    0.063755    0.063755 ^ clk (in)
                                                         clk (net)
                      0.096709    0.000000    0.063755 ^ clkbuf_0_clk/A (sky130_fd_sc_hd__clkbuf_16)
     2    0.018587    0.065662    0.231800    0.295555 ^ clkbuf_0_clk/X (sky130_fd_sc_hd__clkbuf_16)
                                                         clknet_0_clk (net)
                      0.065662    0.000165    0.295720 ^ clkbuf_1_0__f_clk/A (sky130_fd_sc_hd__clkbuf_16)
     3    0.008795    0.052999    0.203355    0.499076 ^ clkbuf_1_0__f_clk/X (sky130_fd_sc_hd__clkbuf_16)
                                                         clknet_1_0__leaf_clk (net)
                      0.052999    0.000046    0.499122 ^ _29_/CLK (sky130_fd_sc_hd__dfrtp_4)
     2    0.039309    0.194620    1.097759    1.596881 v _29_/Q (sky130_fd_sc_hd__dfrtp_4)
                                                         uo_out[5] (net)
                      0.194620    0.000200    1.597081 v uo_out[5] (out)
                                              1.597081   data arrival time

                                 20.000000   20.000000   clock clk (rise edge)
                                  0.000000   20.000000   clock network delay (propagated)
                                 -0.250000   19.750002   clock uncertainty
                                  0.000000   19.750002   clock reconvergence pessimism
                                 -4.000000   15.750001   output external delay
                                             15.750001   data required time
---------------------------------------------------------------------------------------------
                                             15.750001   data required time
                                             -1.597081   data arrival time
---------------------------------------------------------------------------------------------
                                             14.152920   slack (MET)


Startpoint: rst_n (input port clocked by clk)
Endpoint: _24_ (recovery check against rising-edge clock clk)
Path Group: asynchronous
Path Type: max

Fanout         Cap        Slew       Delay        Time   Description
---------------------------------------------------------------------------------------------
                                  0.000000    0.000000   clock clk (rise edge)
                                  0.000000    0.000000   clock network delay (propagated)
                                  4.000000    4.000000 ^ input external delay
     1    0.002212    0.028374    0.012670    4.012671 ^ rst_n (in)
                                                         rst_n (net)
                      0.028374    0.000000    4.012671 ^ input1/A (sky130_fd_sc_hd__buf_2)
     6    0.030505    0.244237    0.304199    4.316869 ^ input1/X (sky130_fd_sc_hd__buf_2)
                                                         net1 (net)
                      0.244238    0.001139    4.318008 ^ _24_/RESET_B (sky130_fd_sc_hd__dfrtp_4)
                                              4.318008   data arrival time

                                 20.000000   20.000000   clock clk (rise edge)
                                  0.000000   20.000000   clock source latency
     1    0.012274    0.096708    0.063755   20.063755 ^ clk (in)
                                                         clk (net)
                      0.096709    0.000000   20.063755 ^ clkbuf_0_clk/A (sky130_fd_sc_hd__clkbuf_16)
     2    0.018587    0.065662    0.231800   20.295555 ^ clkbuf_0_clk/X (sky130_fd_sc_hd__clkbuf_16)
                                                         clknet_0_clk (net)
                      0.065662    0.000176   20.295732 ^ clkbuf_1_1__f_clk/A (sky130_fd_sc_hd__clkbuf_16)
     3    0.007947    0.051757    0.201750   20.497482 ^ clkbuf_1_1__f_clk/X (sky130_fd_sc_hd__clkbuf_16)
                                                         clknet_1_1__leaf_clk (net)
                      0.051757    0.000098   20.497580 ^ _24_/CLK (sky130_fd_sc_hd__dfrtp_4)
                                 -0.250000   20.247580   clock uncertainty
                                  0.000000   20.247580   clock reconvergence pessimism
                                  0.356048   20.603628   library recovery time
                                             20.603628   data required time
---------------------------------------------------------------------------------------------
                                             20.603628   data required time
                                             -4.318008   data arrival time
---------------------------------------------------------------------------------------------
                                             16.285620   slack (MET)


Startpoint: rst_n (input port clocked by clk)
Endpoint: _25_ (recovery check against rising-edge clock clk)
Path Group: asynchronous
Path Type: max

Fanout         Cap        Slew       Delay        Time   Description
---------------------------------------------------------------------------------------------
                                  0.000000    0.000000   clock clk (rise edge)
                                  0.000000    0.000000   clock network delay (propagated)
                                  4.000000    4.000000 ^ input external delay
     1    0.002212    0.028374    0.012670    4.012671 ^ rst_n (in)
                                                         rst_n (net)
                      0.028374    0.000000    4.012671 ^ input1/A (sky130_fd_sc_hd__buf_2)
     6    0.030505    0.244237    0.304199    4.316869 ^ input1/X (sky130_fd_sc_hd__buf_2)
                                                         net1 (net)
                      0.244237    0.000816    4.317685 ^ _25_/RESET_B (sky130_fd_sc_hd__dfrtp_4)
                                              4.317685   data arrival time

                                 20.000000   20.000000   clock clk (rise edge)
                                  0.000000   20.000000   clock source latency
     1    0.012274    0.096708    0.063755   20.063755 ^ clk (in)
                                                         clk (net)
                      0.096709    0.000000   20.063755 ^ clkbuf_0_clk/A (sky130_fd_sc_hd__clkbuf_16)
     2    0.018587    0.065662    0.231800   20.295555 ^ clkbuf_0_clk/X (sky130_fd_sc_hd__clkbuf_16)
                                                         clknet_0_clk (net)
                      0.065662    0.000176   20.295732 ^ clkbuf_1_1__f_clk/A (sky130_fd_sc_hd__clkbuf_16)
     3    0.007947    0.051757    0.201750   20.497482 ^ clkbuf_1_1__f_clk/X (sky130_fd_sc_hd__clkbuf_16)
                                                         clknet_1_1__leaf_clk (net)
                      0.051757    0.000078   20.497561 ^ _25_/CLK (sky130_fd_sc_hd__dfrtp_4)
                                 -0.250000   20.247561   clock uncertainty
                                  0.000000   20.247561   clock reconvergence pessimism
                                  0.356049   20.603611   library recovery time
                                             20.603611   data required time
---------------------------------------------------------------------------------------------
                                             20.603611   data required time
                                             -4.317685   data arrival time
---------------------------------------------------------------------------------------------
                                             16.285925   slack (MET)


Startpoint: rst_n (input port clocked by clk)
Endpoint: _26_ (recovery check against rising-edge clock clk)
Path Group: asynchronous
Path Type: max

Fanout         Cap        Slew       Delay        Time   Description
---------------------------------------------------------------------------------------------
                                  0.000000    0.000000   clock clk (rise edge)
                                  0.000000    0.000000   clock network delay (propagated)
                                  4.000000    4.000000 ^ input external delay
     1    0.002212    0.028374    0.012670    4.012671 ^ rst_n (in)
                                                         rst_n (net)
                      0.028374    0.000000    4.012671 ^ input1/A (sky130_fd_sc_hd__buf_2)
     6    0.030505    0.244237    0.304199    4.316869 ^ input1/X (sky130_fd_sc_hd__buf_2)
                                                         net1 (net)
                      0.244237    0.000584    4.317453 ^ _26_/RESET_B (sky130_fd_sc_hd__dfrtp_4)
                                              4.317453   data arrival time

                                 20.000000   20.000000   clock clk (rise edge)
                                  0.000000   20.000000   clock source latency
     1    0.012274    0.096708    0.063755   20.063755 ^ clk (in)
                                                         clk (net)
                      0.096709    0.000000   20.063755 ^ clkbuf_0_clk/A (sky130_fd_sc_hd__clkbuf_16)
     2    0.018587    0.065662    0.231800   20.295555 ^ clkbuf_0_clk/X (sky130_fd_sc_hd__clkbuf_16)
                                                         clknet_0_clk (net)
                      0.065662    0.000176   20.295732 ^ clkbuf_1_1__f_clk/A (sky130_fd_sc_hd__clkbuf_16)
     3    0.007947    0.051757    0.201750   20.497482 ^ clkbuf_1_1__f_clk/X (sky130_fd_sc_hd__clkbuf_16)
                                                         clknet_1_1__leaf_clk (net)
                      0.051757    0.000076   20.497559 ^ _26_/CLK (sky130_fd_sc_hd__dfrtp_4)
                                 -0.250000   20.247559   clock uncertainty
                                  0.000000   20.247559   clock reconvergence pessimism
                                  0.356049   20.603609   library recovery time
                                             20.603609   data required time
---------------------------------------------------------------------------------------------
                                             20.603609   data required time
                                             -4.317453   data arrival time
---------------------------------------------------------------------------------------------
                                             16.286156   slack (MET)


Startpoint: rst_n (input port clocked by clk)
Endpoint: _29_ (recovery check against rising-edge clock clk)
Path Group: asynchronous
Path Type: max

Fanout         Cap        Slew       Delay        Time   Description
---------------------------------------------------------------------------------------------
                                  0.000000    0.000000   clock clk (rise edge)
                                  0.000000    0.000000   clock network delay (propagated)
                                  4.000000    4.000000 ^ input external delay
     1    0.002212    0.028374    0.012670    4.012671 ^ rst_n (in)
                                                         rst_n (net)
                      0.028374    0.000000    4.012671 ^ input1/A (sky130_fd_sc_hd__buf_2)
     6    0.030505    0.244237    0.304199    4.316869 ^ input1/X (sky130_fd_sc_hd__buf_2)
                                                         net1 (net)
                      0.244240    0.001354    4.318223 ^ _29_/RESET_B (sky130_fd_sc_hd__dfrtp_4)
                                              4.318223   data arrival time

                                 20.000000   20.000000   clock clk (rise edge)
                                  0.000000   20.000000   clock source latency
     1    0.012274    0.096708    0.063755   20.063755 ^ clk (in)
                                                         clk (net)
                      0.096709    0.000000   20.063755 ^ clkbuf_0_clk/A (sky130_fd_sc_hd__clkbuf_16)
     2    0.018587    0.065662    0.231800   20.295555 ^ clkbuf_0_clk/X (sky130_fd_sc_hd__clkbuf_16)
                                                         clknet_0_clk (net)
                      0.065662    0.000165   20.295721 ^ clkbuf_1_0__f_clk/A (sky130_fd_sc_hd__clkbuf_16)
     3    0.008795    0.052999    0.203356   20.499077 ^ clkbuf_1_0__f_clk/X (sky130_fd_sc_hd__clkbuf_16)
                                                         clknet_1_0__leaf_clk (net)
                      0.052999    0.000046   20.499123 ^ _29_/CLK (sky130_fd_sc_hd__dfrtp_4)
                                 -0.250000   20.249125   clock uncertainty
                                  0.000000   20.249125   clock reconvergence pessimism
                                  0.356468   20.605593   library recovery time
                                             20.605593   data required time
---------------------------------------------------------------------------------------------
                                             20.605593   data required time
                                             -4.318223   data arrival time
---------------------------------------------------------------------------------------------
                                             16.287371   slack (MET)


Startpoint: rst_n (input port clocked by clk)
Endpoint: _28_ (recovery check against rising-edge clock clk)
Path Group: asynchronous
Path Type: max

Fanout         Cap        Slew       Delay        Time   Description
---------------------------------------------------------------------------------------------
                                  0.000000    0.000000   clock clk (rise edge)
                                  0.000000    0.000000   clock network delay (propagated)
                                  4.000000    4.000000 ^ input external delay
     1    0.002212    0.028374    0.012670    4.012671 ^ rst_n (in)
                                                         rst_n (net)
                      0.028374    0.000000    4.012671 ^ input1/A (sky130_fd_sc_hd__buf_2)
     6    0.030505    0.244237    0.304199    4.316869 ^ input1/X (sky130_fd_sc_hd__buf_2)
                                                         net1 (net)
                      0.244240    0.001352    4.318221 ^ _28_/RESET_B (sky130_fd_sc_hd__dfrtp_4)
                                              4.318221   data arrival time

                                 20.000000   20.000000   clock clk (rise edge)
                                  0.000000   20.000000   clock source latency
     1    0.012274    0.096708    0.063755   20.063755 ^ clk (in)
                                                         clk (net)
                      0.096709    0.000000   20.063755 ^ clkbuf_0_clk/A (sky130_fd_sc_hd__clkbuf_16)
     2    0.018587    0.065662    0.231800   20.295555 ^ clkbuf_0_clk/X (sky130_fd_sc_hd__clkbuf_16)
                                                         clknet_0_clk (net)
                      0.065662    0.000165   20.295721 ^ clkbuf_1_0__f_clk/A (sky130_fd_sc_hd__clkbuf_16)
     3    0.008795    0.052999    0.203356   20.499077 ^ clkbuf_1_0__f_clk/X (sky130_fd_sc_hd__clkbuf_16)
                                                         clknet_1_0__leaf_clk (net)
                      0.052999    0.000137   20.499214 ^ _28_/CLK (sky130_fd_sc_hd__dfrtp_4)
                                 -0.250000   20.249214   clock uncertainty
                                  0.000000   20.249214   clock reconvergence pessimism
                                  0.356468   20.605682   library recovery time
                                             20.605682   data required time
---------------------------------------------------------------------------------------------
                                             20.605682   data required time
                                             -4.318221   data arrival time
---------------------------------------------------------------------------------------------
                                             16.287462   slack (MET)


Startpoint: rst_n (input port clocked by clk)
Endpoint: _27_ (recovery check against rising-edge clock clk)
Path Group: asynchronous
Path Type: max

Fanout         Cap        Slew       Delay        Time   Description
---------------------------------------------------------------------------------------------
                                  0.000000    0.000000   clock clk (rise edge)
                                  0.000000    0.000000   clock network delay (propagated)
                                  4.000000    4.000000 ^ input external delay
     1    0.002212    0.028374    0.012670    4.012671 ^ rst_n (in)
                                                         rst_n (net)
                      0.028374    0.000000    4.012671 ^ input1/A (sky130_fd_sc_hd__buf_2)
     6    0.030505    0.244237    0.304199    4.316869 ^ input1/X (sky130_fd_sc_hd__buf_2)
                                                         net1 (net)
                      0.244239    0.001271    4.318140 ^ _27_/RESET_B (sky130_fd_sc_hd__dfrtp_4)
                                              4.318140   data arrival time

                                 20.000000   20.000000   clock clk (rise edge)
                                  0.000000   20.000000   clock source latency
     1    0.012274    0.096708    0.063755   20.063755 ^ clk (in)
                                                         clk (net)
                      0.096709    0.000000   20.063755 ^ clkbuf_0_clk/A (sky130_fd_sc_hd__clkbuf_16)
     2    0.018587    0.065662    0.231800   20.295555 ^ clkbuf_0_clk/X (sky130_fd_sc_hd__clkbuf_16)
                                                         clknet_0_clk (net)
                      0.065662    0.000165   20.295721 ^ clkbuf_1_0__f_clk/A (sky130_fd_sc_hd__clkbuf_16)
     3    0.008795    0.052999    0.203356   20.499077 ^ clkbuf_1_0__f_clk/X (sky130_fd_sc_hd__clkbuf_16)
                                                         clknet_1_0__leaf_clk (net)
                      0.052999    0.000107   20.499184 ^ _27_/CLK (sky130_fd_sc_hd__dfrtp_4)
                                 -0.250000   20.249184   clock uncertainty
                                  0.000000   20.249184   clock reconvergence pessimism
                                  0.356469   20.605654   library recovery time
                                             20.605654   data required time
---------------------------------------------------------------------------------------------
                                             20.605654   data required time
                                             -4.318140   data arrival time
---------------------------------------------------------------------------------------------
                                             16.287512   slack (MET)


Startpoint: _26_ (rising edge-triggered flip-flop clocked by clk)
Endpoint: _28_ (rising edge-triggered flip-flop clocked by clk)
Path Group: clk
Path Type: max

Fanout         Cap        Slew       Delay        Time   Description
---------------------------------------------------------------------------------------------
                                  0.000000    0.000000   clock clk (rise edge)
                                  0.000000    0.000000   clock source latency
     1    0.012274    0.096708    0.063755    0.063755 ^ clk (in)
                                                         clk (net)
                      0.096709    0.000000    0.063755 ^ clkbuf_0_clk/A (sky130_fd_sc_hd__clkbuf_16)
     2    0.018587    0.065662    0.231800    0.295555 ^ clkbuf_0_clk/X (sky130_fd_sc_hd__clkbuf_16)
                                                         clknet_0_clk (net)
                      0.065662    0.000175    0.295731 ^ clkbuf_1_1__f_clk/A (sky130_fd_sc_hd__clkbuf_16)
     3    0.007947    0.051757    0.201751    0.497482 ^ clkbuf_1_1__f_clk/X (sky130_fd_sc_hd__clkbuf_16)
                                                         clknet_1_1__leaf_clk (net)
                      0.051757    0.000077    0.497558 ^ _26_/CLK (sky130_fd_sc_hd__dfrtp_4)
     4    0.047384    0.212945    1.117878    1.615436 v _26_/Q (sky130_fd_sc_hd__dfrtp_4)
                                                         uo_out[2] (net)
                      0.212950    0.001392    1.616828 v _17_/C (sky130_fd_sc_hd__and4_1)
     3    0.008695    0.120209    0.503957    2.120785 v _17_/X (sky130_fd_sc_hd__and4_1)
                                                         _08_ (net)
                      0.120209    0.000186    2.120971 v _21_/B (sky130_fd_sc_hd__or2_1)
     1    0.001658    0.087365    0.457999    2.578971 v _21_/X (sky130_fd_sc_hd__or2_1)
                                                         _11_ (net)
                      0.087365    0.000007    2.578978 v _22_/B (sky130_fd_sc_hd__and2_1)
     1    0.002431    0.065119    0.317031    2.896009 v _22_/X (sky130_fd_sc_hd__and2_1)
                                                         _04_ (net)
                      0.065119    0.000026    2.896034 v _28_/D (sky130_fd_sc_hd__dfrtp_4)
                                              2.896034   data arrival time

                                 20.000000   20.000000   clock clk (rise edge)
                                  0.000000   20.000000   clock source latency
     1    0.012274    0.096708    0.063755   20.063755 ^ clk (in)
                                                         clk (net)
                      0.096709    0.000000   20.063755 ^ clkbuf_0_clk/A (sky130_fd_sc_hd__clkbuf_16)
     2    0.018587    0.065662    0.231800   20.295555 ^ clkbuf_0_clk/X (sky130_fd_sc_hd__clkbuf_16)
                                                         clknet_0_clk (net)
                      0.065662    0.000165   20.295721 ^ clkbuf_1_0__f_clk/A (sky130_fd_sc_hd__clkbuf_16)
     3    0.008795    0.052999    0.203356   20.499077 ^ clkbuf_1_0__f_clk/X (sky130_fd_sc_hd__clkbuf_16)
                                                         clknet_1_0__leaf_clk (net)
                      0.052999    0.000137   20.499214 ^ _28_/CLK (sky130_fd_sc_hd__dfrtp_4)
                                 -0.250000   20.249214   clock uncertainty
                                  0.000000   20.249214   clock reconvergence pessimism
                                 -0.277259   19.971956   library setup time
                                             19.971956   data required time
---------------------------------------------------------------------------------------------
                                             19.971956   data required time
                                             -2.896034   data arrival time
---------------------------------------------------------------------------------------------
                                             17.075922   slack (MET)


Startpoint: _25_ (rising edge-triggered flip-flop clocked by clk)
Endpoint: _25_ (rising edge-triggered flip-flop clocked by clk)
Path Group: clk
Path Type: max

Fanout         Cap        Slew       Delay        Time   Description
---------------------------------------------------------------------------------------------
                                  0.000000    0.000000   clock clk (rise edge)
                                  0.000000    0.000000   clock source latency
     1    0.012274    0.096708    0.063755    0.063755 ^ clk (in)
                                                         clk (net)
                      0.096709    0.000000    0.063755 ^ clkbuf_0_clk/A (sky130_fd_sc_hd__clkbuf_16)
     2    0.018587    0.065662    0.231800    0.295555 ^ clkbuf_0_clk/X (sky130_fd_sc_hd__clkbuf_16)
                                                         clknet_0_clk (net)
                      0.065662    0.000175    0.295731 ^ clkbuf_1_1__f_clk/A (sky130_fd_sc_hd__clkbuf_16)
     3    0.007947    0.051757    0.201751    0.497482 ^ clkbuf_1_1__f_clk/X (sky130_fd_sc_hd__clkbuf_16)
                                                         clknet_1_1__leaf_clk (net)
                      0.051757    0.000077    0.497559 ^ _25_/CLK (sky130_fd_sc_hd__dfrtp_4)
     5    0.044039    0.205154    1.109448    1.607008 v _25_/Q (sky130_fd_sc_hd__dfrtp_4)
                                                         uo_out[1] (net)
                      0.205154    0.000459    1.607467 v _14_/A (sky130_fd_sc_hd__or2_1)
     1    0.001606    0.087377    0.530755    2.138222 v _14_/X (sky130_fd_sc_hd__or2_1)
                                                         _07_ (net)
                      0.087377    0.000007    2.138229 v _15_/B (sky130_fd_sc_hd__and2_1)
     1    0.003440    0.073032    0.327819    2.466048 v _15_/X (sky130_fd_sc_hd__and2_1)
                                                         _01_ (net)
                      0.073032    0.000050    2.466098 v _25_/D (sky130_fd_sc_hd__dfrtp_4)
                                              2.466098   data arrival time

                                 20.000000   20.000000   clock clk (rise edge)
                                  0.000000   20.000000   clock source latency
     1    0.012274    0.096708    0.063755   20.063755 ^ clk (in)
                                                         clk (net)
                      0.096709    0.000000   20.063755 ^ clkbuf_0_clk/A (sky130_fd_sc_hd__clkbuf_16)
     2    0.018587    0.065662    0.231800   20.295555 ^ clkbuf_0_clk/X (sky130_fd_sc_hd__clkbuf_16)
                                                         clknet_0_clk (net)
                      0.065662    0.000176   20.295732 ^ clkbuf_1_1__f_clk/A (sky130_fd_sc_hd__clkbuf_16)
     3    0.007947    0.051757    0.201750   20.497482 ^ clkbuf_1_1__f_clk/X (sky130_fd_sc_hd__clkbuf_16)
                                                         clknet_1_1__leaf_clk (net)
                      0.051757    0.000078   20.497561 ^ _25_/CLK (sky130_fd_sc_hd__dfrtp_4)
                                 -0.250000   20.247561   clock uncertainty
                                  0.000000   20.247561   clock reconvergence pessimism
                                 -0.280891   19.966671   library setup time
                                             19.966671   data required time
---------------------------------------------------------------------------------------------
                                             19.966671   data required time
                                             -2.466098   data arrival time
---------------------------------------------------------------------------------------------
                                             17.500572   slack (MET)


Startpoint: _26_ (rising edge-triggered flip-flop clocked by clk)
Endpoint: _29_ (rising edge-triggered flip-flop clocked by clk)
Path Group: clk
Path Type: max

Fanout         Cap        Slew       Delay        Time   Description
---------------------------------------------------------------------------------------------
                                  0.000000    0.000000   clock clk (rise edge)
                                  0.000000    0.000000   clock source latency
     1    0.012274    0.096708    0.063755    0.063755 ^ clk (in)
                                                         clk (net)
                      0.096709    0.000000    0.063755 ^ clkbuf_0_clk/A (sky130_fd_sc_hd__clkbuf_16)
     2    0.018587    0.065662    0.231800    0.295555 ^ clkbuf_0_clk/X (sky130_fd_sc_hd__clkbuf_16)
                                                         clknet_0_clk (net)
                      0.065662    0.000175    0.295731 ^ clkbuf_1_1__f_clk/A (sky130_fd_sc_hd__clkbuf_16)
     3    0.007947    0.051757    0.201751    0.497482 ^ clkbuf_1_1__f_clk/X (sky130_fd_sc_hd__clkbuf_16)
                                                         clknet_1_1__leaf_clk (net)
                      0.051757    0.000077    0.497558 ^ _26_/CLK (sky130_fd_sc_hd__dfrtp_4)
     4    0.047902    0.264937    0.967902    1.465461 ^ _26_/Q (sky130_fd_sc_hd__dfrtp_4)
                                                         uo_out[2] (net)
                      0.264940    0.001406    1.466866 ^ _17_/C (sky130_fd_sc_hd__and4_1)
     3    0.009103    0.185402    0.528489    1.995355 ^ _17_/X (sky130_fd_sc_hd__and4_1)
                                                         _08_ (net)
                      0.185402    0.000212    1.995567 ^ _20_/B (sky130_fd_sc_hd__nand2_1)
     2    0.006186    0.135462    0.189897    2.185464 v _20_/Y (sky130_fd_sc_hd__nand2_1)
                                                         _10_ (net)
                      0.135462    0.000041    2.185505 v _23_/B (sky130_fd_sc_hd__xnor2_1)
     1    0.004615    0.117871    0.254103    2.439608 v _23_/Y (sky130_fd_sc_hd__xnor2_1)
                                                         _05_ (net)
                      0.117871    0.000072    2.439680 v _29_/D (sky130_fd_sc_hd__dfrtp_4)
                                              2.439680   data arrival time

                                 20.000000   20.000000   clock clk (rise edge)
                                  0.000000   20.000000   clock source latency
     1    0.012274    0.096708    0.063755   20.063755 ^ clk (in)
                                                         clk (net)
                      0.096709    0.000000   20.063755 ^ clkbuf_0_clk/A (sky130_fd_sc_hd__clkbuf_16)
     2    0.018587    0.065662    0.231800   20.295555 ^ clkbuf_0_clk/X (sky130_fd_sc_hd__clkbuf_16)
                                                         clknet_0_clk (net)
                      0.065662    0.000165   20.295721 ^ clkbuf_1_0__f_clk/A (sky130_fd_sc_hd__clkbuf_16)
     3    0.008795    0.052999    0.203356   20.499077 ^ clkbuf_1_0__f_clk/X (sky130_fd_sc_hd__clkbuf_16)
                                                         clknet_1_0__leaf_clk (net)
                      0.052999    0.000046   20.499123 ^ _29_/CLK (sky130_fd_sc_hd__dfrtp_4)
                                 -0.250000   20.249125   clock uncertainty
                                  0.000000   20.249125   clock reconvergence pessimism
                                 -0.299267   19.949858   library setup time
                                             19.949858   data required time
---------------------------------------------------------------------------------------------
                                             19.949858   data required time
                                             -2.439680   data arrival time
---------------------------------------------------------------------------------------------
                                             17.510180   slack (MET)


Startpoint: _26_ (rising edge-triggered flip-flop clocked by clk)
Endpoint: _27_ (rising edge-triggered flip-flop clocked by clk)
Path Group: clk
Path Type: max

Fanout         Cap        Slew       Delay        Time   Description
---------------------------------------------------------------------------------------------
                                  0.000000    0.000000   clock clk (rise edge)
                                  0.000000    0.000000   clock source latency
     1    0.012274    0.096708    0.063755    0.063755 ^ clk (in)
                                                         clk (net)
                      0.096709    0.000000    0.063755 ^ clkbuf_0_clk/A (sky130_fd_sc_hd__clkbuf_16)
     2    0.018587    0.065662    0.231800    0.295555 ^ clkbuf_0_clk/X (sky130_fd_sc_hd__clkbuf_16)
                                                         clknet_0_clk (net)
                      0.065662    0.000175    0.295731 ^ clkbuf_1_1__f_clk/A (sky130_fd_sc_hd__clkbuf_16)
     3    0.007947    0.051757    0.201751    0.497482 ^ clkbuf_1_1__f_clk/X (sky130_fd_sc_hd__clkbuf_16)
                                                         clknet_1_1__leaf_clk (net)
                      0.051757    0.000077    0.497558 ^ _26_/CLK (sky130_fd_sc_hd__dfrtp_4)
     4    0.047902    0.264937    0.967902    1.465461 ^ _26_/Q (sky130_fd_sc_hd__dfrtp_4)
                                                         uo_out[2] (net)
                      0.264940    0.001406    1.466866 ^ _17_/C (sky130_fd_sc_hd__and4_1)
     3    0.009103    0.185402    0.528489    1.995355 ^ _17_/X (sky130_fd_sc_hd__and4_1)
                                                         _08_ (net)
                      0.185402    0.000129    1.995484 ^ _19_/A_N (sky130_fd_sc_hd__and2b_1)
     1    0.002543    0.063542    0.399479    2.394963 v _19_/X (sky130_fd_sc_hd__and2b_1)
                                                         _03_ (net)
                      0.063542    0.000027    2.394989 v _27_/D (sky130_fd_sc_hd__dfrtp_4)
                                              2.394989   data arrival time

                                 20.000000   20.000000   clock clk (rise edge)
                                  0.000000   20.000000   clock source latency
     1    0.012274    0.096708    0.063755   20.063755 ^ clk (in)
                                                         clk (net)
                      0.096709    0.000000   20.063755 ^ clkbuf_0_clk/A (sky130_fd_sc_hd__clkbuf_16)
     2    0.018587    0.065662    0.231800   20.295555 ^ clkbuf_0_clk/X (sky130_fd_sc_hd__clkbuf_16)
                                                         clknet_0_clk (net)
                      0.065662    0.000165   20.295721 ^ clkbuf_1_0__f_clk/A (sky130_fd_sc_hd__clkbuf_16)
     3    0.008795    0.052999    0.203356   20.499077 ^ clkbuf_1_0__f_clk/X (sky130_fd_sc_hd__clkbuf_16)
                                                         clknet_1_0__leaf_clk (net)
                      0.052999    0.000107   20.499184 ^ _27_/CLK (sky130_fd_sc_hd__dfrtp_4)
                                 -0.250000   20.249184   clock uncertainty
                                  0.000000   20.249184   clock reconvergence pessimism
                                 -0.276602   19.972582   library setup time
                                             19.972582   data required time
---------------------------------------------------------------------------------------------
                                             19.972582   data required time
                                             -2.394989   data arrival time
---------------------------------------------------------------------------------------------
                                             17.577593   slack (MET)


Startpoint: _24_ (rising edge-triggered flip-flop clocked by clk)
Endpoint: _26_ (rising edge-triggered flip-flop clocked by clk)
Path Group: clk
Path Type: max

Fanout         Cap        Slew       Delay        Time   Description
---------------------------------------------------------------------------------------------
                                  0.000000    0.000000   clock clk (rise edge)
                                  0.000000    0.000000   clock source latency
     1    0.012274    0.096708    0.063755    0.063755 ^ clk (in)
                                                         clk (net)
                      0.096709    0.000000    0.063755 ^ clkbuf_0_clk/A (sky130_fd_sc_hd__clkbuf_16)
     2    0.018587    0.065662    0.231800    0.295555 ^ clkbuf_0_clk/X (sky130_fd_sc_hd__clkbuf_16)
                                                         clknet_0_clk (net)
                      0.065662    0.000175    0.295731 ^ clkbuf_1_1__f_clk/A (sky130_fd_sc_hd__clkbuf_16)
     3    0.007947    0.051757    0.201751    0.497482 ^ clkbuf_1_1__f_clk/X (sky130_fd_sc_hd__clkbuf_16)
                                                         clknet_1_1__leaf_clk (net)
                      0.051757    0.000097    0.497578 ^ _24_/CLK (sky130_fd_sc_hd__dfrtp_4)
     6    0.048130    0.214220    1.120502    1.618080 v _24_/Q (sky130_fd_sc_hd__dfrtp_4)
                                                         uo_out[0] (net)
                      0.214220    0.000391    1.618471 v _13_/B (sky130_fd_sc_hd__nand2_1)
     2    0.007574    0.139602    0.216268    1.834739 ^ _13_/Y (sky130_fd_sc_hd__nand2_1)
                                                         _06_ (net)
                      0.139602    0.000080    1.834819 ^ _16_/B (sky130_fd_sc_hd__xnor2_1)
     1    0.003183    0.100992    0.147716    1.982535 v _16_/Y (sky130_fd_sc_hd__xnor2_1)
                                                         _02_ (net)
                      0.100992    0.000038    1.982572 v _26_/D (sky130_fd_sc_hd__dfrtp_4)
                                              1.982572   data arrival time

                                 20.000000   20.000000   clock clk (rise edge)
                                  0.000000   20.000000   clock source latency
     1    0.012274    0.096708    0.063755   20.063755 ^ clk (in)
                                                         clk (net)
                      0.096709    0.000000   20.063755 ^ clkbuf_0_clk/A (sky130_fd_sc_hd__clkbuf_16)
     2    0.018587    0.065662    0.231800   20.295555 ^ clkbuf_0_clk/X (sky130_fd_sc_hd__clkbuf_16)
                                                         clknet_0_clk (net)
                      0.065662    0.000176   20.295732 ^ clkbuf_1_1__f_clk/A (sky130_fd_sc_hd__clkbuf_16)
     3    0.007947    0.051757    0.201750   20.497482 ^ clkbuf_1_1__f_clk/X (sky130_fd_sc_hd__clkbuf_16)
                                                         clknet_1_1__leaf_clk (net)
                      0.051757    0.000076   20.497559 ^ _26_/CLK (sky130_fd_sc_hd__dfrtp_4)
                                 -0.250000   20.247559   clock uncertainty
                                  0.000000   20.247559   clock reconvergence pessimism
                                 -0.292556   19.955004   library setup time
                                             19.955004   data required time
---------------------------------------------------------------------------------------------
                                             19.955004   data required time
                                             -1.982572   data arrival time
---------------------------------------------------------------------------------------------
                                             17.972431   slack (MET)


Startpoint: _24_ (rising edge-triggered flip-flop clocked by clk)
Endpoint: _24_ (rising edge-triggered flip-flop clocked by clk)
Path Group: clk
Path Type: max

Fanout         Cap        Slew       Delay        Time   Description
---------------------------------------------------------------------------------------------
                                  0.000000    0.000000   clock clk (rise edge)
                                  0.000000    0.000000   clock source latency
     1    0.012274    0.096708    0.063755    0.063755 ^ clk (in)
                                                         clk (net)
                      0.096709    0.000000    0.063755 ^ clkbuf_0_clk/A (sky130_fd_sc_hd__clkbuf_16)
     2    0.018587    0.065662    0.231800    0.295555 ^ clkbuf_0_clk/X (sky130_fd_sc_hd__clkbuf_16)
                                                         clknet_0_clk (net)
                      0.065662    0.000175    0.295731 ^ clkbuf_1_1__f_clk/A (sky130_fd_sc_hd__clkbuf_16)
     3    0.007947    0.051757    0.201751    0.497482 ^ clkbuf_1_1__f_clk/X (sky130_fd_sc_hd__clkbuf_16)
                                                         clknet_1_1__leaf_clk (net)
                      0.051757    0.000097    0.497578 ^ _24_/CLK (sky130_fd_sc_hd__dfrtp_4)
     6    0.048130    0.214220    1.120502    1.618080 v _24_/Q (sky130_fd_sc_hd__dfrtp_4)
                                                         uo_out[0] (net)
                      0.214220    0.000389    1.618469 v _12_/A (sky130_fd_sc_hd__inv_2)
     1    0.002421    0.061622    0.113041    1.731510 ^ _12_/Y (sky130_fd_sc_hd__inv_2)
                                                         _00_ (net)
                      0.061622    0.000024    1.731534 ^ _24_/D (sky130_fd_sc_hd__dfrtp_4)
                                              1.731534   data arrival time

                                 20.000000   20.000000   clock clk (rise edge)
                                  0.000000   20.000000   clock source latency
     1    0.012274    0.096708    0.063755   20.063755 ^ clk (in)
                                                         clk (net)
                      0.096709    0.000000   20.063755 ^ clkbuf_0_clk/A (sky130_fd_sc_hd__clkbuf_16)
     2    0.018587    0.065662    0.231800   20.295555 ^ clkbuf_0_clk/X (sky130_fd_sc_hd__clkbuf_16)
                                                         clknet_0_clk (net)
                      0.065662    0.000176   20.295732 ^ clkbuf_1_1__f_clk/A (sky130_fd_sc_hd__clkbuf_16)
     3    0.007947    0.051757    0.201750   20.497482 ^ clkbuf_1_1__f_clk/X (sky130_fd_sc_hd__clkbuf_16)
                                                         clknet_1_1__leaf_clk (net)
                      0.051757    0.000098   20.497580 ^ _24_/CLK (sky130_fd_sc_hd__dfrtp_4)
                                 -0.250000   20.247580   clock uncertainty
                                  0.000000   20.247580   clock reconvergence pessimism
                                 -0.137775   20.109806   library setup time
                                             20.109806   data required time
---------------------------------------------------------------------------------------------
                                             20.109806   data required time
                                             -1.731534   data arrival time
---------------------------------------------------------------------------------------------
                                             18.378271   slack (MET)



%OL_END_REPORT
%OL_CREATE_REPORT checks.rpt

===========================================================================
report_checks -unconstrained
===========================================================================
======================= min_ss_100C_1v60 Corner ===================================

Startpoint: rst_n (input port clocked by clk)
Endpoint: _24_ (recovery check against rising-edge clock clk)
Path Group: asynchronous
Path Type: max

Fanout         Cap        Slew       Delay        Time   Description
---------------------------------------------------------------------------------------------
                                  0.000000    0.000000   clock clk (rise edge)
                                  0.000000    0.000000   clock network delay (propagated)
                                  4.000000    4.000000 ^ input external delay
     1    0.002212    0.028374    0.012670    4.012671 ^ rst_n (in)
                                                         rst_n (net)
                      0.028374    0.000000    4.012671 ^ input1/A (sky130_fd_sc_hd__buf_2)
     6    0.030505    0.244237    0.304199    4.316869 ^ input1/X (sky130_fd_sc_hd__buf_2)
                                                         net1 (net)
                      0.244238    0.001139    4.318008 ^ _24_/RESET_B (sky130_fd_sc_hd__dfrtp_4)
                                              4.318008   data arrival time

                                 20.000000   20.000000   clock clk (rise edge)
                                  0.000000   20.000000   clock source latency
     1    0.012274    0.096708    0.063755   20.063755 ^ clk (in)
                                                         clk (net)
                      0.096709    0.000000   20.063755 ^ clkbuf_0_clk/A (sky130_fd_sc_hd__clkbuf_16)
     2    0.018587    0.065662    0.231800   20.295555 ^ clkbuf_0_clk/X (sky130_fd_sc_hd__clkbuf_16)
                                                         clknet_0_clk (net)
                      0.065662    0.000176   20.295732 ^ clkbuf_1_1__f_clk/A (sky130_fd_sc_hd__clkbuf_16)
     3    0.007947    0.051757    0.201750   20.497482 ^ clkbuf_1_1__f_clk/X (sky130_fd_sc_hd__clkbuf_16)
                                                         clknet_1_1__leaf_clk (net)
                      0.051757    0.000098   20.497580 ^ _24_/CLK (sky130_fd_sc_hd__dfrtp_4)
                                 -0.250000   20.247580   clock uncertainty
                                  0.000000   20.247580   clock reconvergence pessimism
                                  0.356048   20.603628   library recovery time
                                             20.603628   data required time
---------------------------------------------------------------------------------------------
                                             20.603628   data required time
                                             -4.318008   data arrival time
---------------------------------------------------------------------------------------------
                                             16.285620   slack (MET)


Startpoint: _24_ (rising edge-triggered flip-flop clocked by clk)
Endpoint: uo_out[0] (output port clocked by clk)
Path Group: clk
Path Type: max

Fanout         Cap        Slew       Delay        Time   Description
---------------------------------------------------------------------------------------------
                                  0.000000    0.000000   clock clk (rise edge)
                                  0.000000    0.000000   clock source latency
     1    0.012274    0.096708    0.063755    0.063755 ^ clk (in)
                                                         clk (net)
                      0.096709    0.000000    0.063755 ^ clkbuf_0_clk/A (sky130_fd_sc_hd__clkbuf_16)
     2    0.018587    0.065662    0.231800    0.295555 ^ clkbuf_0_clk/X (sky130_fd_sc_hd__clkbuf_16)
                                                         clknet_0_clk (net)
                      0.065662    0.000175    0.295731 ^ clkbuf_1_1__f_clk/A (sky130_fd_sc_hd__clkbuf_16)
     3    0.007947    0.051757    0.201751    0.497482 ^ clkbuf_1_1__f_clk/X (sky130_fd_sc_hd__clkbuf_16)
                                                         clknet_1_1__leaf_clk (net)
                      0.051757    0.000097    0.497578 ^ _24_/CLK (sky130_fd_sc_hd__dfrtp_4)
     6    0.048130    0.214220    1.120502    1.618080 v _24_/Q (sky130_fd_sc_hd__dfrtp_4)
                                                         uo_out[0] (net)
                      0.214220    0.000469    1.618549 v uo_out[0] (out)
                                              1.618549   data arrival time

                                 20.000000   20.000000   clock clk (rise edge)
                                  0.000000   20.000000   clock network delay (propagated)
                                 -0.250000   19.750002   clock uncertainty
                                  0.000000   19.750002   clock reconvergence pessimism
                                 -4.000000   15.750001   output external delay
                                             15.750001   data required time
---------------------------------------------------------------------------------------------
                                             15.750001   data required time
                                             -1.618549   data arrival time
---------------------------------------------------------------------------------------------
                                             14.131452   slack (MET)




===========================================================================
report_checks --slack_max -0.01
============================================================================
======================= min_ss_100C_1v60 Corner ===================================

No paths found.


===========================================================================
 report_check_types -max_slew -max_cap -max_fanout -violators
============================================================================
======================= min_ss_100C_1v60 Corner ===================================



===========================================================================
report_parasitic_annotation -report_unannotated
============================================================================
Found 35 unannotated drivers.
 ena
 ui_in[0]
 ui_in[1]
 ui_in[2]
 ui_in[3]
 ui_in[4]
 ui_in[5]
 ui_in[6]
 ui_in[7]
 uio_in[0]
 uio_in[1]
 uio_in[2]
 uio_in[3]
 uio_in[4]
 uio_in[5]
 uio_in[6]
 uio_in[7]
 tt_um_josue_olivos_6bit_counter_10/HI
 tt_um_josue_olivos_6bit_counter_11/HI
 tt_um_josue_olivos_6bit_counter_12/HI
 tt_um_josue_olivos_6bit_counter_13/HI
 tt_um_josue_olivos_6bit_counter_14/HI
 tt_um_josue_olivos_6bit_counter_15/HI
 tt_um_josue_olivos_6bit_counter_16/HI
 tt_um_josue_olivos_6bit_counter_17/HI
 tt_um_josue_olivos_6bit_counter_18/HI
 tt_um_josue_olivos_6bit_counter_19/HI
 tt_um_josue_olivos_6bit_counter_2/HI
 tt_um_josue_olivos_6bit_counter_3/HI
 tt_um_josue_olivos_6bit_counter_4/HI
 tt_um_josue_olivos_6bit_counter_5/HI
 tt_um_josue_olivos_6bit_counter_6/HI
 tt_um_josue_olivos_6bit_counter_7/HI
 tt_um_josue_olivos_6bit_counter_8/HI
 tt_um_josue_olivos_6bit_counter_9/HI
Found 0 partially unannotated drivers.

===========================================================================
max slew violation count 0
%OL_METRIC_I design__max_slew_violation__count__corner:min_ss_100C_1v60 0
max fanout violation count 0
%OL_METRIC_I design__max_fanout_violation__count__corner:min_ss_100C_1v60 0
max cap violation count 0
%OL_METRIC_I design__max_cap_violation__count__corner:min_ss_100C_1v60 0
============================================================================

===========================================================================
check_setup -verbose -unconstrained_endpoints -multiple_clock -no_clock -no_input_delay -loops -generated_clocks
===========================================================================
Warning: There are 18 unconstrained endpoints.
  uio_oe[0]
  uio_oe[1]
  uio_oe[2]
  uio_oe[3]
  uio_oe[4]
  uio_oe[5]
  uio_oe[6]
  uio_oe[7]
  uio_out[0]
  uio_out[1]
  uio_out[2]
  uio_out[3]
  uio_out[4]
  uio_out[5]
  uio_out[6]
  uio_out[7]
  uo_out[6]
  uo_out[7]
%OL_END_REPORT
%OL_CREATE_REPORT power.rpt

===========================================================================
 report_power
============================================================================
======================= min_ss_100C_1v60 Corner ===================================

Group                    Internal    Switching      Leakage        Total
                            Power        Power        Power        Power (Watts)
------------------------------------------------------------------------
Sequential           9.516668e-06 0.000000e+00 1.233315e-07 9.639999e-06  27.4%
Combinational        5.941623e-08 1.999915e-07 4.595338e-08 3.053611e-07   0.9%
Clock                2.069838e-05 4.522199e-06 5.805390e-08 2.527863e-05  71.8%
Macro                0.000000e+00 0.000000e+00 0.000000e+00 0.000000e+00   0.0%
Pad                  0.000000e+00 0.000000e+00 0.000000e+00 0.000000e+00   0.0%
------------------------------------------------------------------------
Total                3.027446e-05 4.722190e-06 2.273387e-07 3.522399e-05 100.0%
                            85.9%        13.4%         0.6%
%OL_METRIC_F power__internal__total 3.0274464734247886e-5
%OL_METRIC_F power__switching__total 4.722190169559326e-6
%OL_METRIC_F power__leakage__total 2.273386598972138e-7
%OL_METRIC_F power__total 3.522399128996767e-5

%OL_END_REPORT
%OL_CREATE_REPORT skew.min.rpt

===========================================================================
Clock Skew (Hold)
============================================================================
%OL_METRIC_F clock__skew__worst_hold__corner:min_ss_100C_1v60 -0.2516548429761572
======================= min_ss_100C_1v60 Corner ===================================

Clock clk
0.497558 source latency _26_/CLK ^
-0.499213 target latency _28_/CLK ^
-0.250000 clock uncertainty
0.000000 CRPR
--------------
-0.251655 hold skew

%OL_END_REPORT
%OL_CREATE_REPORT skew.max.rpt

===========================================================================
Clock Skew (Setup)
============================================================================
%OL_METRIC_F clock__skew__worst_setup__corner:min_ss_100C_1v60 0.2500913713575108
======================= min_ss_100C_1v60 Corner ===================================

Clock clk
0.499213 source latency _28_/CLK ^
-0.499122 target latency _29_/CLK ^
0.250000 clock uncertainty
0.000000 CRPR
--------------
0.250091 setup skew

%OL_END_REPORT
%OL_CREATE_REPORT ws.min.rpt

===========================================================================
Worst Slack (Hold)
============================================================================
%OL_METRIC_F timing__hold__ws__corner:min_ss_100C_1v60 0.9158227768699237
min_ss_100C_1v60: 0.9158227768699237
%OL_END_REPORT
%OL_CREATE_REPORT ws.max.rpt

===========================================================================
Worst Slack (Setup)
============================================================================
%OL_METRIC_F timing__setup__ws__corner:min_ss_100C_1v60 14.131451964145569
min_ss_100C_1v60: 14.131451964145569
%OL_END_REPORT
%OL_CREATE_REPORT tns.min.rpt

===========================================================================
Total Negative Slack (Hold)
============================================================================
%OL_METRIC_F timing__hold__tns__corner:min_ss_100C_1v60 0.0
min_ss_100C_1v60: 0.0
%OL_END_REPORT
%OL_CREATE_REPORT tns.max.rpt

===========================================================================
Total Negative Slack (Setup)
============================================================================
%OL_METRIC_F timing__setup__tns__corner:min_ss_100C_1v60 0.0
min_ss_100C_1v60: 0.0
%OL_END_REPORT
%OL_CREATE_REPORT wns.min.rpt

===========================================================================
Worst Negative Slack (Hold)
============================================================================
%OL_METRIC_F timing__hold__wns__corner:min_ss_100C_1v60 0
min_ss_100C_1v60: 0
%OL_END_REPORT
%OL_CREATE_REPORT wns.max.rpt

===========================================================================
Worst Negative Slack (Setup)
============================================================================
%OL_METRIC_F timing__setup__wns__corner:min_ss_100C_1v60 0.0
min_ss_100C_1v60: 0.0
%OL_END_REPORT
%OL_CREATE_REPORT violator_list.rpt

===========================================================================
Violator List
============================================================================
%OL_METRIC_I timing__hold_vio__count__corner:min_ss_100C_1v60 0
%OL_METRIC_F timing__hold_r2r__ws__corner:min_ss_100C_1v60 0.915823
%OL_METRIC_I timing__hold_r2r_vio__count__corner:min_ss_100C_1v60 0
%OL_METRIC_I timing__setup_vio__count__corner:min_ss_100C_1v60 0
%OL_METRIC_F timing__setup_r2r__ws__corner:min_ss_100C_1v60 17.075922
%OL_METRIC_I timing__setup_r2r_vio__count__corner:min_ss_100C_1v60 0
%OL_END_REPORT
%OL_CREATE_REPORT unpropagated.rpt
%OL_END_REPORT
%OL_CREATE_REPORT clock.rpt
Clock: clk
Sources: clk 
Generated: no
Virtual: yes
Propagated: no
Period: 20.000000

===========================================================================
report_clock_properties
============================================================================
Clock                   Period          Waveform
----------------------------------------------------
clk                  20.000000    0.000000 10.000000

===========================================================================
report_clock_latency
============================================================================
Clock clk
rise -> rise
    min     max
0.000000 0.000000 source latency
0.497558         network latency _26_/CLK
        0.499213 network latency _28_/CLK
---------------
0.497558 0.499213 latency
        0.001655 skew

fall -> fall
    min     max
0.000000 0.000000 source latency
0.515101         network latency _26_/CLK
        0.516549 network latency _28_/CLK
---------------
0.515101 0.516549 latency
        0.001449 skew



===========================================================================
report_clock_min_period
============================================================================
clk period_min = 2.92 fmax = 341.99
%OL_END_REPORT
Writing SDF files for all corners…
Removing Clock latencies before writing libs…
Writing timing models for all corners…
Writing timing models for the min_ss_100C_1v60 corner to /workspaces/tt-verilog-test-counter/runs/wokwi/54-openroad-stapostpnr/min_ss_100C_1v60/tt_um_josue_olivos_6bit_counter__min_ss_100C_1v60.lib…
