Reading timing models for corner max_ff_n40C_1v95…
Reading cell library for the 'max_ff_n40C_1v95' corner at '/home/vscode/ttsetup/pdk/ciel/sky130/versions/0fe599b2afb6708d281543108caf8310912f54af/sky130A/libs.ref/sky130_fd_sc_hd/lib/sky130_fd_sc_hd__ff_n40C_1v95.lib'…
Reading top-level netlist at '/workspaces/tt-verilog-test-counter/runs/wokwi/51-openroad-fillinsertion/tt_um_josue_olivos_6bit_counter.nl.v'…
Linking design 'tt_um_josue_olivos_6bit_counter' from netlist…
Warning: /workspaces/tt-verilog-test-counter/runs/wokwi/51-openroad-fillinsertion/tt_um_josue_olivos_6bit_counter.nl.v line 213, module sky130_fd_sc_hd__tapvpwrvgnd_1 not found. Creating black box for TAP_TAPCELL_ROW_0_78.
Warning: /workspaces/tt-verilog-test-counter/runs/wokwi/51-openroad-fillinsertion/tt_um_josue_olivos_6bit_counter.nl.v line 445, module sky130_ef_sc_hd__decap_12 not found. Creating black box for FILLER_0_3.
Warning: /workspaces/tt-verilog-test-counter/runs/wokwi/51-openroad-fillinsertion/tt_um_josue_olivos_6bit_counter.nl.v line 447, module sky130_fd_sc_hd__fill_1 not found. Creating black box for FILLER_0_27.
Warning: /workspaces/tt-verilog-test-counter/runs/wokwi/51-openroad-fillinsertion/tt_um_josue_olivos_6bit_counter.nl.v line 480, module sky130_fd_sc_hd__fill_2 not found. Creating black box for FILLER_0_333.
Reading design constraints file at '/nix/store/pqxyc4xmydcs5adig47yyc29r3svp5nx-python3-3.11.9-env/lib/python3.11/site-packages/librelane/scripts/base.sdc'…
[INFO] Using clock clk…
[INFO] Setting output delay to: 4
[INFO] Setting input delay to: 4
[INFO] Setting load to: 0.033442
[INFO] Setting clock uncertainty to: 0.25
[INFO] Setting clock transition to: 0.1499999999999999944488848768742172978818416595458984375
[INFO] Setting timing derate to: 5%
Reading top-level design parasitics for the 'max_ff_n40C_1v95' corner at '/workspaces/tt-verilog-test-counter/runs/wokwi/53-openroad-rcx/max/tt_um_josue_olivos_6bit_counter.max.spef'…
%OL_CREATE_REPORT min.rpt

===========================================================================
report_checks -path_delay min (Hold)
============================================================================
======================= max_ff_n40C_1v95 Corner ===================================

Startpoint: _24_ (rising edge-triggered flip-flop clocked by clk)
Endpoint: _24_ (rising edge-triggered flip-flop clocked by clk)
Path Group: clk
Path Type: min

Fanout         Cap        Slew       Delay        Time   Description
---------------------------------------------------------------------------------------------
                                  0.000000    0.000000   clock clk (rise edge)
                                  0.000000    0.000000   clock source latency
     1    0.012993    0.048555    0.032713    0.032713 ^ clk (in)
                                                         clk (net)
                      0.048582    0.000000    0.032713 ^ clkbuf_0_clk/A (sky130_fd_sc_hd__clkbuf_16)
     2    0.019228    0.030722    0.088698    0.121410 ^ clkbuf_0_clk/X (sky130_fd_sc_hd__clkbuf_16)
                                                         clknet_0_clk (net)
                      0.030739    0.001153    0.122563 ^ clkbuf_1_1__f_clk/A (sky130_fd_sc_hd__clkbuf_16)
     3    0.008841    0.023751    0.076718    0.199282 ^ clkbuf_1_1__f_clk/X (sky130_fd_sc_hd__clkbuf_16)
                                                         clknet_1_1__leaf_clk (net)
                      0.023754    0.000502    0.199784 ^ _24_/CLK (sky130_fd_sc_hd__dfrtp_4)
     6    0.050069    0.119129    0.316031    0.515815 ^ _24_/Q (sky130_fd_sc_hd__dfrtp_4)
                                                         uo_out[0] (net)
                      0.119187    0.002452    0.518267 ^ _12_/A (sky130_fd_sc_hd__inv_2)
     1    0.002735    0.023654    0.012905    0.531172 v _12_/Y (sky130_fd_sc_hd__inv_2)
                                                         _00_ (net)
                      0.023655    0.000202    0.531375 v _24_/D (sky130_fd_sc_hd__dfrtp_4)
                                              0.531375   data arrival time

                                  0.000000    0.000000   clock clk (rise edge)
                                  0.000000    0.000000   clock source latency
     1    0.012993    0.048555    0.032713    0.032713 ^ clk (in)
                                                         clk (net)
                      0.048582    0.000000    0.032713 ^ clkbuf_0_clk/A (sky130_fd_sc_hd__clkbuf_16)
     2    0.019228    0.030722    0.088698    0.121410 ^ clkbuf_0_clk/X (sky130_fd_sc_hd__clkbuf_16)
                                                         clknet_0_clk (net)
                      0.030739    0.001153    0.122563 ^ clkbuf_1_1__f_clk/A (sky130_fd_sc_hd__clkbuf_16)
     3    0.008841    0.023751    0.076718    0.199282 ^ clkbuf_1_1__f_clk/X (sky130_fd_sc_hd__clkbuf_16)
                                                         clknet_1_1__leaf_clk (net)
                      0.023754    0.000502    0.199784 ^ _24_/CLK (sky130_fd_sc_hd__dfrtp_4)
                                  0.250000    0.449784   clock uncertainty
                                  0.000000    0.449784   clock reconvergence pessimism
                                 -0.026687    0.423097   library hold time
                                              0.423097   data required time
---------------------------------------------------------------------------------------------
                                              0.423097   data required time
                                             -0.531375   data arrival time
---------------------------------------------------------------------------------------------
                                              0.108278   slack (MET)


Startpoint: _29_ (rising edge-triggered flip-flop clocked by clk)
Endpoint: _29_ (rising edge-triggered flip-flop clocked by clk)
Path Group: clk
Path Type: min

Fanout         Cap        Slew       Delay        Time   Description
---------------------------------------------------------------------------------------------
                                  0.000000    0.000000   clock clk (rise edge)
                                  0.000000    0.000000   clock source latency
     1    0.012993    0.048555    0.032713    0.032713 ^ clk (in)
                                                         clk (net)
                      0.048582    0.000000    0.032713 ^ clkbuf_0_clk/A (sky130_fd_sc_hd__clkbuf_16)
     2    0.019228    0.030722    0.088698    0.121410 ^ clkbuf_0_clk/X (sky130_fd_sc_hd__clkbuf_16)
                                                         clknet_0_clk (net)
                      0.030740    0.001175    0.122586 ^ clkbuf_1_0__f_clk/A (sky130_fd_sc_hd__clkbuf_16)
     3    0.009888    0.024459    0.077393    0.199978 ^ clkbuf_1_0__f_clk/X (sky130_fd_sc_hd__clkbuf_16)
                                                         clknet_1_0__leaf_clk (net)
                      0.024461    0.000476    0.200455 ^ _29_/CLK (sky130_fd_sc_hd__dfrtp_4)
     2    0.039951    0.099590    0.301149    0.501604 ^ _29_/Q (sky130_fd_sc_hd__dfrtp_4)
                                                         uo_out[5] (net)
                      0.099625    0.001779    0.503383 ^ _23_/A (sky130_fd_sc_hd__xnor2_1)
     1    0.005313    0.033072    0.058448    0.561831 v _23_/Y (sky130_fd_sc_hd__xnor2_1)
                                                         _05_ (net)
                      0.033089    0.000287    0.562118 v _29_/D (sky130_fd_sc_hd__dfrtp_4)
                                              0.562118   data arrival time

                                  0.000000    0.000000   clock clk (rise edge)
                                  0.000000    0.000000   clock source latency
     1    0.012993    0.048555    0.032713    0.032713 ^ clk (in)
                                                         clk (net)
                      0.048582    0.000000    0.032713 ^ clkbuf_0_clk/A (sky130_fd_sc_hd__clkbuf_16)
     2    0.019228    0.030722    0.088698    0.121410 ^ clkbuf_0_clk/X (sky130_fd_sc_hd__clkbuf_16)
                                                         clknet_0_clk (net)
                      0.030740    0.001175    0.122586 ^ clkbuf_1_0__f_clk/A (sky130_fd_sc_hd__clkbuf_16)
     3    0.009888    0.024459    0.077393    0.199978 ^ clkbuf_1_0__f_clk/X (sky130_fd_sc_hd__clkbuf_16)
                                                         clknet_1_0__leaf_clk (net)
                      0.024461    0.000476    0.200455 ^ _29_/CLK (sky130_fd_sc_hd__dfrtp_4)
                                  0.250000    0.450455   clock uncertainty
                                  0.000000    0.450455   clock reconvergence pessimism
                                 -0.029661    0.420794   library hold time
                                              0.420794   data required time
---------------------------------------------------------------------------------------------
                                              0.420794   data required time
                                             -0.562118   data arrival time
---------------------------------------------------------------------------------------------
                                              0.141324   slack (MET)


Startpoint: _26_ (rising edge-triggered flip-flop clocked by clk)
Endpoint: _26_ (rising edge-triggered flip-flop clocked by clk)
Path Group: clk
Path Type: min

Fanout         Cap        Slew       Delay        Time   Description
---------------------------------------------------------------------------------------------
                                  0.000000    0.000000   clock clk (rise edge)
                                  0.000000    0.000000   clock source latency
     1    0.012993    0.048555    0.032713    0.032713 ^ clk (in)
                                                         clk (net)
                      0.048582    0.000000    0.032713 ^ clkbuf_0_clk/A (sky130_fd_sc_hd__clkbuf_16)
     2    0.019228    0.030722    0.088698    0.121410 ^ clkbuf_0_clk/X (sky130_fd_sc_hd__clkbuf_16)
                                                         clknet_0_clk (net)
                      0.030739    0.001153    0.122563 ^ clkbuf_1_1__f_clk/A (sky130_fd_sc_hd__clkbuf_16)
     3    0.008841    0.023751    0.076718    0.199282 ^ clkbuf_1_1__f_clk/X (sky130_fd_sc_hd__clkbuf_16)
                                                         clknet_1_1__leaf_clk (net)
                      0.023754    0.000486    0.199768 ^ _26_/CLK (sky130_fd_sc_hd__dfrtp_4)
     4    0.049204    0.118238    0.313114    0.512883 ^ _26_/Q (sky130_fd_sc_hd__dfrtp_4)
                                                         uo_out[2] (net)
                      0.118377    0.003694    0.516577 ^ _16_/A (sky130_fd_sc_hd__xnor2_1)
     1    0.003626    0.027155    0.053587    0.570163 v _16_/Y (sky130_fd_sc_hd__xnor2_1)
                                                         _02_ (net)
                      0.027157    0.000222    0.570385 v _26_/D (sky130_fd_sc_hd__dfrtp_4)
                                              0.570385   data arrival time

                                  0.000000    0.000000   clock clk (rise edge)
                                  0.000000    0.000000   clock source latency
     1    0.012993    0.048555    0.032713    0.032713 ^ clk (in)
                                                         clk (net)
                      0.048582    0.000000    0.032713 ^ clkbuf_0_clk/A (sky130_fd_sc_hd__clkbuf_16)
     2    0.019228    0.030722    0.088698    0.121410 ^ clkbuf_0_clk/X (sky130_fd_sc_hd__clkbuf_16)
                                                         clknet_0_clk (net)
                      0.030739    0.001153    0.122563 ^ clkbuf_1_1__f_clk/A (sky130_fd_sc_hd__clkbuf_16)
     3    0.008841    0.023751    0.076718    0.199282 ^ clkbuf_1_1__f_clk/X (sky130_fd_sc_hd__clkbuf_16)
                                                         clknet_1_1__leaf_clk (net)
                      0.023754    0.000486    0.199768 ^ _26_/CLK (sky130_fd_sc_hd__dfrtp_4)
                                  0.250000    0.449768   clock uncertainty
                                  0.000000    0.449768   clock reconvergence pessimism
                                 -0.027816    0.421952   library hold time
                                              0.421952   data required time
---------------------------------------------------------------------------------------------
                                              0.421952   data required time
                                             -0.570385   data arrival time
---------------------------------------------------------------------------------------------
                                              0.148434   slack (MET)


Startpoint: _27_ (rising edge-triggered flip-flop clocked by clk)
Endpoint: _27_ (rising edge-triggered flip-flop clocked by clk)
Path Group: clk
Path Type: min

Fanout         Cap        Slew       Delay        Time   Description
---------------------------------------------------------------------------------------------
                                  0.000000    0.000000   clock clk (rise edge)
                                  0.000000    0.000000   clock source latency
     1    0.012993    0.048555    0.032713    0.032713 ^ clk (in)
                                                         clk (net)
                      0.048582    0.000000    0.032713 ^ clkbuf_0_clk/A (sky130_fd_sc_hd__clkbuf_16)
     2    0.019228    0.030722    0.088698    0.121410 ^ clkbuf_0_clk/X (sky130_fd_sc_hd__clkbuf_16)
                                                         clknet_0_clk (net)
                      0.030740    0.001175    0.122586 ^ clkbuf_1_0__f_clk/A (sky130_fd_sc_hd__clkbuf_16)
     3    0.009888    0.024459    0.077393    0.199978 ^ clkbuf_1_0__f_clk/X (sky130_fd_sc_hd__clkbuf_16)
                                                         clknet_1_0__leaf_clk (net)
                      0.024464    0.000717    0.200696 ^ _27_/CLK (sky130_fd_sc_hd__dfrtp_4)
     3    0.041631    0.102838    0.303440    0.504136 ^ _27_/Q (sky130_fd_sc_hd__dfrtp_4)
                                                         uo_out[3] (net)
                      0.102884    0.002061    0.506196 ^ _18_/B1 (sky130_fd_sc_hd__a31o_1)
     1    0.003240    0.030836    0.061193    0.567389 ^ _18_/X (sky130_fd_sc_hd__a31o_1)
                                                         _09_ (net)
                      0.030837    0.000193    0.567582 ^ _19_/B (sky130_fd_sc_hd__and2b_1)
     1    0.002949    0.030046    0.070724    0.638306 ^ _19_/X (sky130_fd_sc_hd__and2b_1)
                                                         _03_ (net)
                      0.030047    0.000204    0.638510 ^ _27_/D (sky130_fd_sc_hd__dfrtp_4)
                                              0.638510   data arrival time

                                  0.000000    0.000000   clock clk (rise edge)
                                  0.000000    0.000000   clock source latency
     1    0.012993    0.048555    0.032713    0.032713 ^ clk (in)
                                                         clk (net)
                      0.048582    0.000000    0.032713 ^ clkbuf_0_clk/A (sky130_fd_sc_hd__clkbuf_16)
     2    0.019228    0.030722    0.088698    0.121410 ^ clkbuf_0_clk/X (sky130_fd_sc_hd__clkbuf_16)
                                                         clknet_0_clk (net)
                      0.030740    0.001175    0.122586 ^ clkbuf_1_0__f_clk/A (sky130_fd_sc_hd__clkbuf_16)
     3    0.009888    0.024459    0.077393    0.199978 ^ clkbuf_1_0__f_clk/X (sky130_fd_sc_hd__clkbuf_16)
                                                         clknet_1_0__leaf_clk (net)
                      0.024464    0.000717    0.200696 ^ _27_/CLK (sky130_fd_sc_hd__dfrtp_4)
                                  0.250000    0.450696   clock uncertainty
                                  0.000000    0.450696   clock reconvergence pessimism
                                 -0.019892    0.430803   library hold time
                                              0.430803   data required time
---------------------------------------------------------------------------------------------
                                              0.430803   data required time
                                             -0.638510   data arrival time
---------------------------------------------------------------------------------------------
                                              0.207706   slack (MET)


Startpoint: _28_ (rising edge-triggered flip-flop clocked by clk)
Endpoint: _28_ (rising edge-triggered flip-flop clocked by clk)
Path Group: clk
Path Type: min

Fanout         Cap        Slew       Delay        Time   Description
---------------------------------------------------------------------------------------------
                                  0.000000    0.000000   clock clk (rise edge)
                                  0.000000    0.000000   clock source latency
     1    0.012993    0.048555    0.032713    0.032713 ^ clk (in)
                                                         clk (net)
                      0.048582    0.000000    0.032713 ^ clkbuf_0_clk/A (sky130_fd_sc_hd__clkbuf_16)
     2    0.019228    0.030722    0.088698    0.121410 ^ clkbuf_0_clk/X (sky130_fd_sc_hd__clkbuf_16)
                                                         clknet_0_clk (net)
                      0.030740    0.001175    0.122586 ^ clkbuf_1_0__f_clk/A (sky130_fd_sc_hd__clkbuf_16)
     3    0.009888    0.024459    0.077393    0.199978 ^ clkbuf_1_0__f_clk/X (sky130_fd_sc_hd__clkbuf_16)
                                                         clknet_1_0__leaf_clk (net)
                      0.024464    0.000776    0.200754 ^ _28_/CLK (sky130_fd_sc_hd__dfrtp_4)
     3    0.041272    0.102148    0.302885    0.503639 ^ _28_/Q (sky130_fd_sc_hd__dfrtp_4)
                                                         uo_out[4] (net)
                      0.102198    0.002105    0.505744 ^ _21_/A (sky130_fd_sc_hd__or2_1)
     1    0.001976    0.024641    0.069759    0.575503 ^ _21_/X (sky130_fd_sc_hd__or2_1)
                                                         _11_ (net)
                      0.024641    0.000093    0.575596 ^ _22_/B (sky130_fd_sc_hd__and2_1)
     1    0.002795    0.032430    0.070145    0.645741 ^ _22_/X (sky130_fd_sc_hd__and2_1)
                                                         _04_ (net)
                      0.032430    0.000197    0.645938 ^ _28_/D (sky130_fd_sc_hd__dfrtp_4)
                                              0.645938   data arrival time

                                  0.000000    0.000000   clock clk (rise edge)
                                  0.000000    0.000000   clock source latency
     1    0.012993    0.048555    0.032713    0.032713 ^ clk (in)
                                                         clk (net)
                      0.048582    0.000000    0.032713 ^ clkbuf_0_clk/A (sky130_fd_sc_hd__clkbuf_16)
     2    0.019228    0.030722    0.088698    0.121410 ^ clkbuf_0_clk/X (sky130_fd_sc_hd__clkbuf_16)
                                                         clknet_0_clk (net)
                      0.030740    0.001175    0.122586 ^ clkbuf_1_0__f_clk/A (sky130_fd_sc_hd__clkbuf_16)
     3    0.009888    0.024459    0.077393    0.199978 ^ clkbuf_1_0__f_clk/X (sky130_fd_sc_hd__clkbuf_16)
                                                         clknet_1_0__leaf_clk (net)
                      0.024464    0.000776    0.200754 ^ _28_/CLK (sky130_fd_sc_hd__dfrtp_4)
                                  0.250000    0.450754   clock uncertainty
                                  0.000000    0.450754   clock reconvergence pessimism
                                 -0.020073    0.430682   library hold time
                                              0.430682   data required time
---------------------------------------------------------------------------------------------
                                              0.430682   data required time
                                             -0.645938   data arrival time
---------------------------------------------------------------------------------------------
                                              0.215257   slack (MET)


Startpoint: _25_ (rising edge-triggered flip-flop clocked by clk)
Endpoint: _25_ (rising edge-triggered flip-flop clocked by clk)
Path Group: clk
Path Type: min

Fanout         Cap        Slew       Delay        Time   Description
---------------------------------------------------------------------------------------------
                                  0.000000    0.000000   clock clk (rise edge)
                                  0.000000    0.000000   clock source latency
     1    0.012993    0.048555    0.032713    0.032713 ^ clk (in)
                                                         clk (net)
                      0.048582    0.000000    0.032713 ^ clkbuf_0_clk/A (sky130_fd_sc_hd__clkbuf_16)
     2    0.019228    0.030722    0.088698    0.121410 ^ clkbuf_0_clk/X (sky130_fd_sc_hd__clkbuf_16)
                                                         clknet_0_clk (net)
                      0.030739    0.001153    0.122563 ^ clkbuf_1_1__f_clk/A (sky130_fd_sc_hd__clkbuf_16)
     3    0.008841    0.023751    0.076718    0.199282 ^ clkbuf_1_1__f_clk/X (sky130_fd_sc_hd__clkbuf_16)
                                                         clknet_1_1__leaf_clk (net)
                      0.023754    0.000489    0.199771 ^ _25_/CLK (sky130_fd_sc_hd__dfrtp_4)
     5    0.045472    0.110815    0.308317    0.508087 ^ _25_/Q (sky130_fd_sc_hd__dfrtp_4)
                                                         uo_out[1] (net)
                      0.110887    0.002654    0.510741 ^ _14_/A (sky130_fd_sc_hd__or2_1)
     1    0.001924    0.025039    0.070952    0.581693 ^ _14_/X (sky130_fd_sc_hd__or2_1)
                                                         _07_ (net)
                      0.025039    0.000088    0.581781 ^ _15_/B (sky130_fd_sc_hd__and2_1)
     1    0.003934    0.039662    0.076263    0.658044 ^ _15_/X (sky130_fd_sc_hd__and2_1)
                                                         _01_ (net)
                      0.039664    0.000264    0.658308 ^ _25_/D (sky130_fd_sc_hd__dfrtp_4)
                                              0.658308   data arrival time

                                  0.000000    0.000000   clock clk (rise edge)
                                  0.000000    0.000000   clock source latency
     1    0.012993    0.048555    0.032713    0.032713 ^ clk (in)
                                                         clk (net)
                      0.048582    0.000000    0.032713 ^ clkbuf_0_clk/A (sky130_fd_sc_hd__clkbuf_16)
     2    0.019228    0.030722    0.088698    0.121410 ^ clkbuf_0_clk/X (sky130_fd_sc_hd__clkbuf_16)
                                                         clknet_0_clk (net)
                      0.030739    0.001153    0.122563 ^ clkbuf_1_1__f_clk/A (sky130_fd_sc_hd__clkbuf_16)
     3    0.008841    0.023751    0.076718    0.199282 ^ clkbuf_1_1__f_clk/X (sky130_fd_sc_hd__clkbuf_16)
                                                         clknet_1_1__leaf_clk (net)
                      0.023754    0.000489    0.199771 ^ _25_/CLK (sky130_fd_sc_hd__dfrtp_4)
                                  0.250000    0.449771   clock uncertainty
                                  0.000000    0.449771   clock reconvergence pessimism
                                 -0.020640    0.429131   library hold time
                                              0.429131   data required time
---------------------------------------------------------------------------------------------
                                              0.429131   data required time
                                             -0.658308   data arrival time
---------------------------------------------------------------------------------------------
                                              0.229177   slack (MET)


Startpoint: rst_n (input port clocked by clk)
Endpoint: _26_ (removal check against rising-edge clock clk)
Path Group: asynchronous
Path Type: min

Fanout         Cap        Slew       Delay        Time   Description
---------------------------------------------------------------------------------------------
                                  0.000000    0.000000   clock clk (rise edge)
                                  0.000000    0.000000   clock network delay (propagated)
                                  4.000000    4.000000 ^ input external delay
     1    0.002442    0.012642    0.006346    4.006346 ^ rst_n (in)
                                                         rst_n (net)
                      0.012648    0.000000    4.006346 ^ input1/A (sky130_fd_sc_hd__buf_2)
     6    0.034582    0.129616    0.130550    4.136895 ^ input1/X (sky130_fd_sc_hd__buf_2)
                                                         net1 (net)
                      0.129679    0.002362    4.139257 ^ _26_/RESET_B (sky130_fd_sc_hd__dfrtp_4)
                                              4.139257   data arrival time

                                  0.000000    0.000000   clock clk (rise edge)
                                  0.000000    0.000000   clock source latency
     1    0.012993    0.048555    0.032713    0.032713 ^ clk (in)
                                                         clk (net)
                      0.048582    0.000000    0.032713 ^ clkbuf_0_clk/A (sky130_fd_sc_hd__clkbuf_16)
     2    0.019228    0.030722    0.088698    0.121410 ^ clkbuf_0_clk/X (sky130_fd_sc_hd__clkbuf_16)
                                                         clknet_0_clk (net)
                      0.030739    0.001153    0.122563 ^ clkbuf_1_1__f_clk/A (sky130_fd_sc_hd__clkbuf_16)
     3    0.008841    0.023751    0.076718    0.199282 ^ clkbuf_1_1__f_clk/X (sky130_fd_sc_hd__clkbuf_16)
                                                         clknet_1_1__leaf_clk (net)
                      0.023754    0.000486    0.199768 ^ _26_/CLK (sky130_fd_sc_hd__dfrtp_4)
                                  0.250000    0.449768   clock uncertainty
                                  0.000000    0.449768   clock reconvergence pessimism
                                  0.222699    0.672467   library removal time
                                              0.672467   data required time
---------------------------------------------------------------------------------------------
                                              0.672467   data required time
                                             -4.139257   data arrival time
---------------------------------------------------------------------------------------------
                                              3.466790   slack (MET)


Startpoint: rst_n (input port clocked by clk)
Endpoint: _25_ (removal check against rising-edge clock clk)
Path Group: asynchronous
Path Type: min

Fanout         Cap        Slew       Delay        Time   Description
---------------------------------------------------------------------------------------------
                                  0.000000    0.000000   clock clk (rise edge)
                                  0.000000    0.000000   clock network delay (propagated)
                                  4.000000    4.000000 ^ input external delay
     1    0.002442    0.012642    0.006346    4.006346 ^ rst_n (in)
                                                         rst_n (net)
                      0.012648    0.000000    4.006346 ^ input1/A (sky130_fd_sc_hd__buf_2)
     6    0.034582    0.129616    0.130550    4.136895 ^ input1/X (sky130_fd_sc_hd__buf_2)
                                                         net1 (net)
                      0.129700    0.002723    4.139618 ^ _25_/RESET_B (sky130_fd_sc_hd__dfrtp_4)
                                              4.139618   data arrival time

                                  0.000000    0.000000   clock clk (rise edge)
                                  0.000000    0.000000   clock source latency
     1    0.012993    0.048555    0.032713    0.032713 ^ clk (in)
                                                         clk (net)
                      0.048582    0.000000    0.032713 ^ clkbuf_0_clk/A (sky130_fd_sc_hd__clkbuf_16)
     2    0.019228    0.030722    0.088698    0.121410 ^ clkbuf_0_clk/X (sky130_fd_sc_hd__clkbuf_16)
                                                         clknet_0_clk (net)
                      0.030739    0.001153    0.122563 ^ clkbuf_1_1__f_clk/A (sky130_fd_sc_hd__clkbuf_16)
     3    0.008841    0.023751    0.076718    0.199282 ^ clkbuf_1_1__f_clk/X (sky130_fd_sc_hd__clkbuf_16)
                                                         clknet_1_1__leaf_clk (net)
                      0.023754    0.000489    0.199771 ^ _25_/CLK (sky130_fd_sc_hd__dfrtp_4)
                                  0.250000    0.449771   clock uncertainty
                                  0.000000    0.449771   clock reconvergence pessimism
                                  0.222704    0.672475   library removal time
                                              0.672475   data required time
---------------------------------------------------------------------------------------------
                                              0.672475   data required time
                                             -4.139618   data arrival time
---------------------------------------------------------------------------------------------
                                              3.467144   slack (MET)


Startpoint: rst_n (input port clocked by clk)
Endpoint: _27_ (removal check against rising-edge clock clk)
Path Group: asynchronous
Path Type: min

Fanout         Cap        Slew       Delay        Time   Description
---------------------------------------------------------------------------------------------
                                  0.000000    0.000000   clock clk (rise edge)
                                  0.000000    0.000000   clock network delay (propagated)
                                  4.000000    4.000000 ^ input external delay
     1    0.002442    0.012642    0.006346    4.006346 ^ rst_n (in)
                                                         rst_n (net)
                      0.012648    0.000000    4.006346 ^ input1/A (sky130_fd_sc_hd__buf_2)
     6    0.034582    0.129616    0.130550    4.136895 ^ input1/X (sky130_fd_sc_hd__buf_2)
                                                         net1 (net)
                      0.129839    0.004394    4.141289 ^ _27_/RESET_B (sky130_fd_sc_hd__dfrtp_4)
                                              4.141289   data arrival time

                                  0.000000    0.000000   clock clk (rise edge)
                                  0.000000    0.000000   clock source latency
     1    0.012993    0.048555    0.032713    0.032713 ^ clk (in)
                                                         clk (net)
                      0.048582    0.000000    0.032713 ^ clkbuf_0_clk/A (sky130_fd_sc_hd__clkbuf_16)
     2    0.019228    0.030722    0.088698    0.121410 ^ clkbuf_0_clk/X (sky130_fd_sc_hd__clkbuf_16)
                                                         clknet_0_clk (net)
                      0.030740    0.001175    0.122586 ^ clkbuf_1_0__f_clk/A (sky130_fd_sc_hd__clkbuf_16)
     3    0.009888    0.024459    0.077393    0.199978 ^ clkbuf_1_0__f_clk/X (sky130_fd_sc_hd__clkbuf_16)
                                                         clknet_1_0__leaf_clk (net)
                      0.024464    0.000717    0.200696 ^ _27_/CLK (sky130_fd_sc_hd__dfrtp_4)
                                  0.250000    0.450696   clock uncertainty
                                  0.000000    0.450696   clock reconvergence pessimism
                                  0.222836    0.673532   library removal time
                                              0.673532   data required time
---------------------------------------------------------------------------------------------
                                              0.673532   data required time
                                             -4.141289   data arrival time
---------------------------------------------------------------------------------------------
                                              3.467758   slack (MET)


Startpoint: rst_n (input port clocked by clk)
Endpoint: _28_ (removal check against rising-edge clock clk)
Path Group: asynchronous
Path Type: min

Fanout         Cap        Slew       Delay        Time   Description
---------------------------------------------------------------------------------------------
                                  0.000000    0.000000   clock clk (rise edge)
                                  0.000000    0.000000   clock network delay (propagated)
                                  4.000000    4.000000 ^ input external delay
     1    0.002442    0.012642    0.006346    4.006346 ^ rst_n (in)
                                                         rst_n (net)
                      0.012648    0.000000    4.006346 ^ input1/A (sky130_fd_sc_hd__buf_2)
     6    0.034582    0.129616    0.130550    4.136895 ^ input1/X (sky130_fd_sc_hd__buf_2)
                                                         net1 (net)
                      0.129872    0.004697    4.141592 ^ _28_/RESET_B (sky130_fd_sc_hd__dfrtp_4)
                                              4.141592   data arrival time

                                  0.000000    0.000000   clock clk (rise edge)
                                  0.000000    0.000000   clock source latency
     1    0.012993    0.048555    0.032713    0.032713 ^ clk (in)
                                                         clk (net)
                      0.048582    0.000000    0.032713 ^ clkbuf_0_clk/A (sky130_fd_sc_hd__clkbuf_16)
     2    0.019228    0.030722    0.088698    0.121410 ^ clkbuf_0_clk/X (sky130_fd_sc_hd__clkbuf_16)
                                                         clknet_0_clk (net)
                      0.030740    0.001175    0.122586 ^ clkbuf_1_0__f_clk/A (sky130_fd_sc_hd__clkbuf_16)
     3    0.009888    0.024459    0.077393    0.199978 ^ clkbuf_1_0__f_clk/X (sky130_fd_sc_hd__clkbuf_16)
                                                         clknet_1_0__leaf_clk (net)
                      0.024464    0.000776    0.200754 ^ _28_/CLK (sky130_fd_sc_hd__dfrtp_4)
                                  0.250000    0.450754   clock uncertainty
                                  0.000000    0.450754   clock reconvergence pessimism
                                  0.222844    0.673599   library removal time
                                              0.673599   data required time
---------------------------------------------------------------------------------------------
                                              0.673599   data required time
                                             -4.141592   data arrival time
---------------------------------------------------------------------------------------------
                                              3.467993   slack (MET)


Startpoint: rst_n (input port clocked by clk)
Endpoint: _29_ (removal check against rising-edge clock clk)
Path Group: asynchronous
Path Type: min

Fanout         Cap        Slew       Delay        Time   Description
---------------------------------------------------------------------------------------------
                                  0.000000    0.000000   clock clk (rise edge)
                                  0.000000    0.000000   clock network delay (propagated)
                                  4.000000    4.000000 ^ input external delay
     1    0.002442    0.012642    0.006346    4.006346 ^ rst_n (in)
                                                         rst_n (net)
                      0.012648    0.000000    4.006346 ^ input1/A (sky130_fd_sc_hd__buf_2)
     6    0.034582    0.129616    0.130550    4.136895 ^ input1/X (sky130_fd_sc_hd__buf_2)
                                                         net1 (net)
                      0.129873    0.004704    4.141599 ^ _29_/RESET_B (sky130_fd_sc_hd__dfrtp_4)
                                              4.141599   data arrival time

                                  0.000000    0.000000   clock clk (rise edge)
                                  0.000000    0.000000   clock source latency
     1    0.012993    0.048555    0.032713    0.032713 ^ clk (in)
                                                         clk (net)
                      0.048582    0.000000    0.032713 ^ clkbuf_0_clk/A (sky130_fd_sc_hd__clkbuf_16)
     2    0.019228    0.030722    0.088698    0.121410 ^ clkbuf_0_clk/X (sky130_fd_sc_hd__clkbuf_16)
                                                         clknet_0_clk (net)
                      0.030740    0.001175    0.122586 ^ clkbuf_1_0__f_clk/A (sky130_fd_sc_hd__clkbuf_16)
     3    0.009888    0.024459    0.077393    0.199978 ^ clkbuf_1_0__f_clk/X (sky130_fd_sc_hd__clkbuf_16)
                                                         clknet_1_0__leaf_clk (net)
                      0.024461    0.000476    0.200455 ^ _29_/CLK (sky130_fd_sc_hd__dfrtp_4)
                                  0.250000    0.450455   clock uncertainty
                                  0.000000    0.450455   clock reconvergence pessimism
                                  0.222844    0.673299   library removal time
                                              0.673299   data required time
---------------------------------------------------------------------------------------------
                                              0.673299   data required time
                                             -4.141599   data arrival time
---------------------------------------------------------------------------------------------
                                              3.468300   slack (MET)


Startpoint: rst_n (input port clocked by clk)
Endpoint: _24_ (removal check against rising-edge clock clk)
Path Group: asynchronous
Path Type: min

Fanout         Cap        Slew       Delay        Time   Description
---------------------------------------------------------------------------------------------
                                  0.000000    0.000000   clock clk (rise edge)
                                  0.000000    0.000000   clock network delay (propagated)
                                  4.000000    4.000000 ^ input external delay
     1    0.002442    0.012642    0.006346    4.006346 ^ rst_n (in)
                                                         rst_n (net)
                      0.012648    0.000000    4.006346 ^ input1/A (sky130_fd_sc_hd__buf_2)
     6    0.034582    0.129616    0.130550    4.136895 ^ input1/X (sky130_fd_sc_hd__buf_2)
                                                         net1 (net)
                      0.129805    0.004051    4.140946 ^ _24_/RESET_B (sky130_fd_sc_hd__dfrtp_4)
                                              4.140946   data arrival time

                                  0.000000    0.000000   clock clk (rise edge)
                                  0.000000    0.000000   clock source latency
     1    0.012993    0.048555    0.032713    0.032713 ^ clk (in)
                                                         clk (net)
                      0.048582    0.000000    0.032713 ^ clkbuf_0_clk/A (sky130_fd_sc_hd__clkbuf_16)
     2    0.019228    0.030722    0.088698    0.121410 ^ clkbuf_0_clk/X (sky130_fd_sc_hd__clkbuf_16)
                                                         clknet_0_clk (net)
                      0.030739    0.001153    0.122563 ^ clkbuf_1_1__f_clk/A (sky130_fd_sc_hd__clkbuf_16)
     3    0.008841    0.023751    0.076718    0.199282 ^ clkbuf_1_1__f_clk/X (sky130_fd_sc_hd__clkbuf_16)
                                                         clknet_1_1__leaf_clk (net)
                      0.023754    0.000502    0.199784 ^ _24_/CLK (sky130_fd_sc_hd__dfrtp_4)
                                  0.250000    0.449784   clock uncertainty
                                  0.000000    0.449784   clock reconvergence pessimism
                                  0.222731    0.672515   library removal time
                                              0.672515   data required time
---------------------------------------------------------------------------------------------
                                              0.672515   data required time
                                             -4.140946   data arrival time
---------------------------------------------------------------------------------------------
                                              3.468431   slack (MET)


Startpoint: _29_ (rising edge-triggered flip-flop clocked by clk)
Endpoint: uo_out[5] (output port clocked by clk)
Path Group: clk
Path Type: min

Fanout         Cap        Slew       Delay        Time   Description
---------------------------------------------------------------------------------------------
                                  0.000000    0.000000   clock clk (rise edge)
                                  0.000000    0.000000   clock source latency
     1    0.012993    0.048555    0.032713    0.032713 ^ clk (in)
                                                         clk (net)
                      0.048582    0.000000    0.032713 ^ clkbuf_0_clk/A (sky130_fd_sc_hd__clkbuf_16)
     2    0.019228    0.030722    0.088698    0.121410 ^ clkbuf_0_clk/X (sky130_fd_sc_hd__clkbuf_16)
                                                         clknet_0_clk (net)
                      0.030740    0.001175    0.122586 ^ clkbuf_1_0__f_clk/A (sky130_fd_sc_hd__clkbuf_16)
     3    0.009888    0.024459    0.077393    0.199978 ^ clkbuf_1_0__f_clk/X (sky130_fd_sc_hd__clkbuf_16)
                                                         clknet_1_0__leaf_clk (net)
                      0.024461    0.000476    0.200455 ^ _29_/CLK (sky130_fd_sc_hd__dfrtp_4)
     2    0.039951    0.099590    0.301149    0.501604 ^ _29_/Q (sky130_fd_sc_hd__dfrtp_4)
                                                         uo_out[5] (net)
                      0.099641    0.002090    0.503694 ^ uo_out[5] (out)
                                              0.503694   data arrival time

                                  0.000000    0.000000   clock clk (rise edge)
                                  0.000000    0.000000   clock network delay (propagated)
                                  0.250000    0.250000   clock uncertainty
                                  0.000000    0.250000   clock reconvergence pessimism
                                 -4.000000   -3.750000   output external delay
                                             -3.750000   data required time
---------------------------------------------------------------------------------------------
                                             -3.750000   data required time
                                             -0.503694   data arrival time
---------------------------------------------------------------------------------------------
                                              4.253695   slack (MET)


Startpoint: _28_ (rising edge-triggered flip-flop clocked by clk)
Endpoint: uo_out[4] (output port clocked by clk)
Path Group: clk
Path Type: min

Fanout         Cap        Slew       Delay        Time   Description
---------------------------------------------------------------------------------------------
                                  0.000000    0.000000   clock clk (rise edge)
                                  0.000000    0.000000   clock source latency
     1    0.012993    0.048555    0.032713    0.032713 ^ clk (in)
                                                         clk (net)
                      0.048582    0.000000    0.032713 ^ clkbuf_0_clk/A (sky130_fd_sc_hd__clkbuf_16)
     2    0.019228    0.030722    0.088698    0.121410 ^ clkbuf_0_clk/X (sky130_fd_sc_hd__clkbuf_16)
                                                         clknet_0_clk (net)
                      0.030740    0.001175    0.122586 ^ clkbuf_1_0__f_clk/A (sky130_fd_sc_hd__clkbuf_16)
     3    0.009888    0.024459    0.077393    0.199978 ^ clkbuf_1_0__f_clk/X (sky130_fd_sc_hd__clkbuf_16)
                                                         clknet_1_0__leaf_clk (net)
                      0.024464    0.000776    0.200754 ^ _28_/CLK (sky130_fd_sc_hd__dfrtp_4)
     3    0.041272    0.102148    0.302885    0.503639 ^ _28_/Q (sky130_fd_sc_hd__dfrtp_4)
                                                         uo_out[4] (net)
                      0.102228    0.002584    0.506223 ^ uo_out[4] (out)
                                              0.506223   data arrival time

                                  0.000000    0.000000   clock clk (rise edge)
                                  0.000000    0.000000   clock network delay (propagated)
                                  0.250000    0.250000   clock uncertainty
                                  0.000000    0.250000   clock reconvergence pessimism
                                 -4.000000   -3.750000   output external delay
                                             -3.750000   data required time
---------------------------------------------------------------------------------------------
                                             -3.750000   data required time
                                             -0.506223   data arrival time
---------------------------------------------------------------------------------------------
                                              4.256224   slack (MET)


Startpoint: _27_ (rising edge-triggered flip-flop clocked by clk)
Endpoint: uo_out[3] (output port clocked by clk)
Path Group: clk
Path Type: min

Fanout         Cap        Slew       Delay        Time   Description
---------------------------------------------------------------------------------------------
                                  0.000000    0.000000   clock clk (rise edge)
                                  0.000000    0.000000   clock source latency
     1    0.012993    0.048555    0.032713    0.032713 ^ clk (in)
                                                         clk (net)
                      0.048582    0.000000    0.032713 ^ clkbuf_0_clk/A (sky130_fd_sc_hd__clkbuf_16)
     2    0.019228    0.030722    0.088698    0.121410 ^ clkbuf_0_clk/X (sky130_fd_sc_hd__clkbuf_16)
                                                         clknet_0_clk (net)
                      0.030740    0.001175    0.122586 ^ clkbuf_1_0__f_clk/A (sky130_fd_sc_hd__clkbuf_16)
     3    0.009888    0.024459    0.077393    0.199978 ^ clkbuf_1_0__f_clk/X (sky130_fd_sc_hd__clkbuf_16)
                                                         clknet_1_0__leaf_clk (net)
                      0.024464    0.000717    0.200696 ^ _27_/CLK (sky130_fd_sc_hd__dfrtp_4)
     3    0.041631    0.102838    0.303440    0.504136 ^ _27_/Q (sky130_fd_sc_hd__dfrtp_4)
                                                         uo_out[3] (net)
                      0.102916    0.002578    0.506714 ^ uo_out[3] (out)
                                              0.506714   data arrival time

                                  0.000000    0.000000   clock clk (rise edge)
                                  0.000000    0.000000   clock network delay (propagated)
                                  0.250000    0.250000   clock uncertainty
                                  0.000000    0.250000   clock reconvergence pessimism
                                 -4.000000   -3.750000   output external delay
                                             -3.750000   data required time
---------------------------------------------------------------------------------------------
                                             -3.750000   data required time
                                             -0.506714   data arrival time
---------------------------------------------------------------------------------------------
                                              4.256714   slack (MET)


Startpoint: _25_ (rising edge-triggered flip-flop clocked by clk)
Endpoint: uo_out[1] (output port clocked by clk)
Path Group: clk
Path Type: min

Fanout         Cap        Slew       Delay        Time   Description
---------------------------------------------------------------------------------------------
                                  0.000000    0.000000   clock clk (rise edge)
                                  0.000000    0.000000   clock source latency
     1    0.012993    0.048555    0.032713    0.032713 ^ clk (in)
                                                         clk (net)
                      0.048582    0.000000    0.032713 ^ clkbuf_0_clk/A (sky130_fd_sc_hd__clkbuf_16)
     2    0.019228    0.030722    0.088698    0.121410 ^ clkbuf_0_clk/X (sky130_fd_sc_hd__clkbuf_16)
                                                         clknet_0_clk (net)
                      0.030739    0.001153    0.122563 ^ clkbuf_1_1__f_clk/A (sky130_fd_sc_hd__clkbuf_16)
     3    0.008841    0.023751    0.076718    0.199282 ^ clkbuf_1_1__f_clk/X (sky130_fd_sc_hd__clkbuf_16)
                                                         clknet_1_1__leaf_clk (net)
                      0.023754    0.000489    0.199771 ^ _25_/CLK (sky130_fd_sc_hd__dfrtp_4)
     5    0.045472    0.110815    0.308317    0.508087 ^ _25_/Q (sky130_fd_sc_hd__dfrtp_4)
                                                         uo_out[1] (net)
                      0.111009    0.004095    0.512182 ^ uo_out[1] (out)
                                              0.512182   data arrival time

                                  0.000000    0.000000   clock clk (rise edge)
                                  0.000000    0.000000   clock network delay (propagated)
                                  0.250000    0.250000   clock uncertainty
                                  0.000000    0.250000   clock reconvergence pessimism
                                 -4.000000   -3.750000   output external delay
                                             -3.750000   data required time
---------------------------------------------------------------------------------------------
                                             -3.750000   data required time
                                             -0.512182   data arrival time
---------------------------------------------------------------------------------------------
                                              4.262182   slack (MET)


Startpoint: _26_ (rising edge-triggered flip-flop clocked by clk)
Endpoint: uo_out[2] (output port clocked by clk)
Path Group: clk
Path Type: min

Fanout         Cap        Slew       Delay        Time   Description
---------------------------------------------------------------------------------------------
                                  0.000000    0.000000   clock clk (rise edge)
                                  0.000000    0.000000   clock source latency
     1    0.012993    0.048555    0.032713    0.032713 ^ clk (in)
                                                         clk (net)
                      0.048582    0.000000    0.032713 ^ clkbuf_0_clk/A (sky130_fd_sc_hd__clkbuf_16)
     2    0.019228    0.030722    0.088698    0.121410 ^ clkbuf_0_clk/X (sky130_fd_sc_hd__clkbuf_16)
                                                         clknet_0_clk (net)
                      0.030739    0.001153    0.122563 ^ clkbuf_1_1__f_clk/A (sky130_fd_sc_hd__clkbuf_16)
     3    0.008841    0.023751    0.076718    0.199282 ^ clkbuf_1_1__f_clk/X (sky130_fd_sc_hd__clkbuf_16)
                                                         clknet_1_1__leaf_clk (net)
                      0.023754    0.000486    0.199768 ^ _26_/CLK (sky130_fd_sc_hd__dfrtp_4)
     4    0.049204    0.118238    0.313114    0.512883 ^ _26_/Q (sky130_fd_sc_hd__dfrtp_4)
                                                         uo_out[2] (net)
                      0.118581    0.005517    0.518399 ^ uo_out[2] (out)
                                              0.518399   data arrival time

                                  0.000000    0.000000   clock clk (rise edge)
                                  0.000000    0.000000   clock network delay (propagated)
                                  0.250000    0.250000   clock uncertainty
                                  0.000000    0.250000   clock reconvergence pessimism
                                 -4.000000   -3.750000   output external delay
                                             -3.750000   data required time
---------------------------------------------------------------------------------------------
                                             -3.750000   data required time
                                             -0.518399   data arrival time
---------------------------------------------------------------------------------------------
                                              4.268400   slack (MET)


Startpoint: _24_ (rising edge-triggered flip-flop clocked by clk)
Endpoint: uo_out[0] (output port clocked by clk)
Path Group: clk
Path Type: min

Fanout         Cap        Slew       Delay        Time   Description
---------------------------------------------------------------------------------------------
                                  0.000000    0.000000   clock clk (rise edge)
                                  0.000000    0.000000   clock source latency
     1    0.012993    0.048555    0.032713    0.032713 ^ clk (in)
                                                         clk (net)
                      0.048582    0.000000    0.032713 ^ clkbuf_0_clk/A (sky130_fd_sc_hd__clkbuf_16)
     2    0.019228    0.030722    0.088698    0.121410 ^ clkbuf_0_clk/X (sky130_fd_sc_hd__clkbuf_16)
                                                         clknet_0_clk (net)
                      0.030739    0.001153    0.122563 ^ clkbuf_1_1__f_clk/A (sky130_fd_sc_hd__clkbuf_16)
     3    0.008841    0.023751    0.076718    0.199282 ^ clkbuf_1_1__f_clk/X (sky130_fd_sc_hd__clkbuf_16)
                                                         clknet_1_1__leaf_clk (net)
                      0.023754    0.000502    0.199784 ^ _24_/CLK (sky130_fd_sc_hd__dfrtp_4)
     6    0.050069    0.119129    0.316031    0.515815 ^ _24_/Q (sky130_fd_sc_hd__dfrtp_4)
                                                         uo_out[0] (net)
                      0.119208    0.002805    0.518620 ^ uo_out[0] (out)
                                              0.518620   data arrival time

                                  0.000000    0.000000   clock clk (rise edge)
                                  0.000000    0.000000   clock network delay (propagated)
                                  0.250000    0.250000   clock uncertainty
                                  0.000000    0.250000   clock reconvergence pessimism
                                 -4.000000   -3.750000   output external delay
                                             -3.750000   data required time
---------------------------------------------------------------------------------------------
                                             -3.750000   data required time
                                             -0.518620   data arrival time
---------------------------------------------------------------------------------------------
                                              4.268620   slack (MET)



%OL_END_REPORT
%OL_CREATE_REPORT max.rpt

===========================================================================
report_checks -path_delay max (Setup)
============================================================================
======================= max_ff_n40C_1v95 Corner ===================================

Startpoint: _26_ (rising edge-triggered flip-flop clocked by clk)
Endpoint: uo_out[2] (output port clocked by clk)
Path Group: clk
Path Type: max

Fanout         Cap        Slew       Delay        Time   Description
---------------------------------------------------------------------------------------------
                                  0.000000    0.000000   clock clk (rise edge)
                                  0.000000    0.000000   clock source latency
     1    0.012993    0.048555    0.032713    0.032713 ^ clk (in)
                                                         clk (net)
                      0.048582    0.000000    0.032713 ^ clkbuf_0_clk/A (sky130_fd_sc_hd__clkbuf_16)
     2    0.019228    0.030722    0.088698    0.121410 ^ clkbuf_0_clk/X (sky130_fd_sc_hd__clkbuf_16)
                                                         clknet_0_clk (net)
                      0.030739    0.001153    0.122563 ^ clkbuf_1_1__f_clk/A (sky130_fd_sc_hd__clkbuf_16)
     3    0.008841    0.023751    0.076718    0.199282 ^ clkbuf_1_1__f_clk/X (sky130_fd_sc_hd__clkbuf_16)
                                                         clknet_1_1__leaf_clk (net)
                      0.023754    0.000486    0.199768 ^ _26_/CLK (sky130_fd_sc_hd__dfrtp_4)
     4    0.048559    0.086527    0.340105    0.539873 v _26_/Q (sky130_fd_sc_hd__dfrtp_4)
                                                         uo_out[2] (net)
                      0.087000    0.005449    0.545323 v uo_out[2] (out)
                                              0.545323   data arrival time

                                 20.000000   20.000000   clock clk (rise edge)
                                  0.000000   20.000000   clock network delay (propagated)
                                 -0.250000   19.750002   clock uncertainty
                                  0.000000   19.750002   clock reconvergence pessimism
                                 -4.000000   15.750001   output external delay
                                             15.750001   data required time
---------------------------------------------------------------------------------------------
                                             15.750001   data required time
                                             -0.545323   data arrival time
---------------------------------------------------------------------------------------------
                                             15.204679   slack (MET)


Startpoint: _24_ (rising edge-triggered flip-flop clocked by clk)
Endpoint: uo_out[0] (output port clocked by clk)
Path Group: clk
Path Type: max

Fanout         Cap        Slew       Delay        Time   Description
---------------------------------------------------------------------------------------------
                                  0.000000    0.000000   clock clk (rise edge)
                                  0.000000    0.000000   clock source latency
     1    0.012993    0.048555    0.032713    0.032713 ^ clk (in)
                                                         clk (net)
                      0.048582    0.000000    0.032713 ^ clkbuf_0_clk/A (sky130_fd_sc_hd__clkbuf_16)
     2    0.019228    0.030722    0.088698    0.121410 ^ clkbuf_0_clk/X (sky130_fd_sc_hd__clkbuf_16)
                                                         clknet_0_clk (net)
                      0.030739    0.001153    0.122563 ^ clkbuf_1_1__f_clk/A (sky130_fd_sc_hd__clkbuf_16)
     3    0.008841    0.023751    0.076718    0.199282 ^ clkbuf_1_1__f_clk/X (sky130_fd_sc_hd__clkbuf_16)
                                                         clknet_1_1__leaf_clk (net)
                      0.023754    0.000502    0.199784 ^ _24_/CLK (sky130_fd_sc_hd__dfrtp_4)
     6    0.049053    0.086038    0.342256    0.542040 v _24_/Q (sky130_fd_sc_hd__dfrtp_4)
                                                         uo_out[0] (net)
                      0.086150    0.002758    0.544798 v uo_out[0] (out)
                                              0.544798   data arrival time

                                 20.000000   20.000000   clock clk (rise edge)
                                  0.000000   20.000000   clock network delay (propagated)
                                 -0.250000   19.750002   clock uncertainty
                                  0.000000   19.750002   clock reconvergence pessimism
                                 -4.000000   15.750001   output external delay
                                             15.750001   data required time
---------------------------------------------------------------------------------------------
                                             15.750001   data required time
                                             -0.544798   data arrival time
---------------------------------------------------------------------------------------------
                                             15.205203   slack (MET)


Startpoint: _25_ (rising edge-triggered flip-flop clocked by clk)
Endpoint: uo_out[1] (output port clocked by clk)
Path Group: clk
Path Type: max

Fanout         Cap        Slew       Delay        Time   Description
---------------------------------------------------------------------------------------------
                                  0.000000    0.000000   clock clk (rise edge)
                                  0.000000    0.000000   clock source latency
     1    0.012993    0.048555    0.032713    0.032713 ^ clk (in)
                                                         clk (net)
                      0.048582    0.000000    0.032713 ^ clkbuf_0_clk/A (sky130_fd_sc_hd__clkbuf_16)
     2    0.019228    0.030722    0.088698    0.121410 ^ clkbuf_0_clk/X (sky130_fd_sc_hd__clkbuf_16)
                                                         clknet_0_clk (net)
                      0.030739    0.001153    0.122563 ^ clkbuf_1_1__f_clk/A (sky130_fd_sc_hd__clkbuf_16)
     3    0.008841    0.023751    0.076718    0.199282 ^ clkbuf_1_1__f_clk/X (sky130_fd_sc_hd__clkbuf_16)
                                                         clknet_1_1__leaf_clk (net)
                      0.023754    0.000489    0.199771 ^ _25_/CLK (sky130_fd_sc_hd__dfrtp_4)
     5    0.044981    0.082252    0.336997    0.536768 v _25_/Q (sky130_fd_sc_hd__dfrtp_4)
                                                         uo_out[1] (net)
                      0.082520    0.004062    0.540829 v uo_out[1] (out)
                                              0.540829   data arrival time

                                 20.000000   20.000000   clock clk (rise edge)
                                  0.000000   20.000000   clock network delay (propagated)
                                 -0.250000   19.750002   clock uncertainty
                                  0.000000   19.750002   clock reconvergence pessimism
                                 -4.000000   15.750001   output external delay
                                             15.750001   data required time
---------------------------------------------------------------------------------------------
                                             15.750001   data required time
                                             -0.540829   data arrival time
---------------------------------------------------------------------------------------------
                                             15.209171   slack (MET)


Startpoint: _27_ (rising edge-triggered flip-flop clocked by clk)
Endpoint: uo_out[3] (output port clocked by clk)
Path Group: clk
Path Type: max

Fanout         Cap        Slew       Delay        Time   Description
---------------------------------------------------------------------------------------------
                                  0.000000    0.000000   clock clk (rise edge)
                                  0.000000    0.000000   clock source latency
     1    0.012993    0.048555    0.032713    0.032713 ^ clk (in)
                                                         clk (net)
                      0.048582    0.000000    0.032713 ^ clkbuf_0_clk/A (sky130_fd_sc_hd__clkbuf_16)
     2    0.019228    0.030722    0.088698    0.121410 ^ clkbuf_0_clk/X (sky130_fd_sc_hd__clkbuf_16)
                                                         clknet_0_clk (net)
                      0.030740    0.001175    0.122586 ^ clkbuf_1_0__f_clk/A (sky130_fd_sc_hd__clkbuf_16)
     3    0.009888    0.024459    0.077393    0.199978 ^ clkbuf_1_0__f_clk/X (sky130_fd_sc_hd__clkbuf_16)
                                                         clknet_1_0__leaf_clk (net)
                      0.024464    0.000717    0.200696 ^ _27_/CLK (sky130_fd_sc_hd__dfrtp_4)
     3    0.041249    0.077752    0.333795    0.534490 v _27_/Q (sky130_fd_sc_hd__dfrtp_4)
                                                         uo_out[3] (net)
                      0.077860    0.002558    0.537049 v uo_out[3] (out)
                                              0.537049   data arrival time

                                 20.000000   20.000000   clock clk (rise edge)
                                  0.000000   20.000000   clock network delay (propagated)
                                 -0.250000   19.750002   clock uncertainty
                                  0.000000   19.750002   clock reconvergence pessimism
                                 -4.000000   15.750001   output external delay
                                             15.750001   data required time
---------------------------------------------------------------------------------------------
                                             15.750001   data required time
                                             -0.537049   data arrival time
---------------------------------------------------------------------------------------------
                                             15.212952   slack (MET)


Startpoint: _28_ (rising edge-triggered flip-flop clocked by clk)
Endpoint: uo_out[4] (output port clocked by clk)
Path Group: clk
Path Type: max

Fanout         Cap        Slew       Delay        Time   Description
---------------------------------------------------------------------------------------------
                                  0.000000    0.000000   clock clk (rise edge)
                                  0.000000    0.000000   clock source latency
     1    0.012993    0.048555    0.032713    0.032713 ^ clk (in)
                                                         clk (net)
                      0.048582    0.000000    0.032713 ^ clkbuf_0_clk/A (sky130_fd_sc_hd__clkbuf_16)
     2    0.019228    0.030722    0.088698    0.121410 ^ clkbuf_0_clk/X (sky130_fd_sc_hd__clkbuf_16)
                                                         clknet_0_clk (net)
                      0.030740    0.001175    0.122586 ^ clkbuf_1_0__f_clk/A (sky130_fd_sc_hd__clkbuf_16)
     3    0.009888    0.024459    0.077393    0.199978 ^ clkbuf_1_0__f_clk/X (sky130_fd_sc_hd__clkbuf_16)
                                                         clknet_1_0__leaf_clk (net)
                      0.024464    0.000776    0.200754 ^ _28_/CLK (sky130_fd_sc_hd__dfrtp_4)
     3    0.040995    0.077505    0.333501    0.534255 v _28_/Q (sky130_fd_sc_hd__dfrtp_4)
                                                         uo_out[4] (net)
                      0.077614    0.002569    0.536824 v uo_out[4] (out)
                                              0.536824   data arrival time

                                 20.000000   20.000000   clock clk (rise edge)
                                  0.000000   20.000000   clock network delay (propagated)
                                 -0.250000   19.750002   clock uncertainty
                                  0.000000   19.750002   clock reconvergence pessimism
                                 -4.000000   15.750001   output external delay
                                             15.750001   data required time
---------------------------------------------------------------------------------------------
                                             15.750001   data required time
                                             -0.536824   data arrival time
---------------------------------------------------------------------------------------------
                                             15.213177   slack (MET)


Startpoint: _29_ (rising edge-triggered flip-flop clocked by clk)
Endpoint: uo_out[5] (output port clocked by clk)
Path Group: clk
Path Type: max

Fanout         Cap        Slew       Delay        Time   Description
---------------------------------------------------------------------------------------------
                                  0.000000    0.000000   clock clk (rise edge)
                                  0.000000    0.000000   clock source latency
     1    0.012993    0.048555    0.032713    0.032713 ^ clk (in)
                                                         clk (net)
                      0.048582    0.000000    0.032713 ^ clkbuf_0_clk/A (sky130_fd_sc_hd__clkbuf_16)
     2    0.019228    0.030722    0.088698    0.121410 ^ clkbuf_0_clk/X (sky130_fd_sc_hd__clkbuf_16)
                                                         clknet_0_clk (net)
                      0.030740    0.001175    0.122586 ^ clkbuf_1_0__f_clk/A (sky130_fd_sc_hd__clkbuf_16)
     3    0.009888    0.024459    0.077393    0.199978 ^ clkbuf_1_0__f_clk/X (sky130_fd_sc_hd__clkbuf_16)
                                                         clknet_1_0__leaf_clk (net)
                      0.024461    0.000476    0.200455 ^ _29_/CLK (sky130_fd_sc_hd__dfrtp_4)
     2    0.039625    0.076022    0.332222    0.532677 v _29_/Q (sky130_fd_sc_hd__dfrtp_4)
                                                         uo_out[5] (net)
                      0.076092    0.002077    0.534754 v uo_out[5] (out)
                                              0.534754   data arrival time

                                 20.000000   20.000000   clock clk (rise edge)
                                  0.000000   20.000000   clock network delay (propagated)
                                 -0.250000   19.750002   clock uncertainty
                                  0.000000   19.750002   clock reconvergence pessimism
                                 -4.000000   15.750001   output external delay
                                             15.750001   data required time
---------------------------------------------------------------------------------------------
                                             15.750001   data required time
                                             -0.534754   data arrival time
---------------------------------------------------------------------------------------------
                                             15.215246   slack (MET)


Startpoint: rst_n (input port clocked by clk)
Endpoint: _24_ (recovery check against rising-edge clock clk)
Path Group: asynchronous
Path Type: max

Fanout         Cap        Slew       Delay        Time   Description
---------------------------------------------------------------------------------------------
                                  0.000000    0.000000   clock clk (rise edge)
                                  0.000000    0.000000   clock network delay (propagated)
                                  4.000000    4.000000 ^ input external delay
     1    0.002442    0.012642    0.006346    4.006346 ^ rst_n (in)
                                                         rst_n (net)
                      0.012648    0.000000    4.006346 ^ input1/A (sky130_fd_sc_hd__buf_2)
     6    0.034582    0.129616    0.130550    4.136895 ^ input1/X (sky130_fd_sc_hd__buf_2)
                                                         net1 (net)
                      0.129805    0.004051    4.140946 ^ _24_/RESET_B (sky130_fd_sc_hd__dfrtp_4)
                                              4.140946   data arrival time

                                 20.000000   20.000000   clock clk (rise edge)
                                  0.000000   20.000000   clock source latency
     1    0.012993    0.048555    0.032713   20.032713 ^ clk (in)
                                                         clk (net)
                      0.048582    0.000000   20.032713 ^ clkbuf_0_clk/A (sky130_fd_sc_hd__clkbuf_16)
     2    0.019228    0.030722    0.088697   20.121410 ^ clkbuf_0_clk/X (sky130_fd_sc_hd__clkbuf_16)
                                                         clknet_0_clk (net)
                      0.030739    0.001153   20.122564 ^ clkbuf_1_1__f_clk/A (sky130_fd_sc_hd__clkbuf_16)
     3    0.008841    0.023751    0.076719   20.199284 ^ clkbuf_1_1__f_clk/X (sky130_fd_sc_hd__clkbuf_16)
                                                         clknet_1_1__leaf_clk (net)
                      0.023754    0.000501   20.199783 ^ _24_/CLK (sky130_fd_sc_hd__dfrtp_4)
                                 -0.250000   19.949785   clock uncertainty
                                  0.000000   19.949785   clock reconvergence pessimism
                                  0.098832   20.048616   library recovery time
                                             20.048616   data required time
---------------------------------------------------------------------------------------------
                                             20.048616   data required time
                                             -4.140946   data arrival time
---------------------------------------------------------------------------------------------
                                             15.907670   slack (MET)


Startpoint: rst_n (input port clocked by clk)
Endpoint: _29_ (recovery check against rising-edge clock clk)
Path Group: asynchronous
Path Type: max

Fanout         Cap        Slew       Delay        Time   Description
---------------------------------------------------------------------------------------------
                                  0.000000    0.000000   clock clk (rise edge)
                                  0.000000    0.000000   clock network delay (propagated)
                                  4.000000    4.000000 ^ input external delay
     1    0.002442    0.012642    0.006346    4.006346 ^ rst_n (in)
                                                         rst_n (net)
                      0.012648    0.000000    4.006346 ^ input1/A (sky130_fd_sc_hd__buf_2)
     6    0.034582    0.129616    0.130550    4.136895 ^ input1/X (sky130_fd_sc_hd__buf_2)
                                                         net1 (net)
                      0.129873    0.004704    4.141599 ^ _29_/RESET_B (sky130_fd_sc_hd__dfrtp_4)
                                              4.141599   data arrival time

                                 20.000000   20.000000   clock clk (rise edge)
                                  0.000000   20.000000   clock source latency
     1    0.012993    0.048555    0.032713   20.032713 ^ clk (in)
                                                         clk (net)
                      0.048582    0.000000   20.032713 ^ clkbuf_0_clk/A (sky130_fd_sc_hd__clkbuf_16)
     2    0.019228    0.030722    0.088697   20.121410 ^ clkbuf_0_clk/X (sky130_fd_sc_hd__clkbuf_16)
                                                         clknet_0_clk (net)
                      0.030740    0.001176   20.122587 ^ clkbuf_1_0__f_clk/A (sky130_fd_sc_hd__clkbuf_16)
     3    0.009888    0.024459    0.077392   20.199980 ^ clkbuf_1_0__f_clk/X (sky130_fd_sc_hd__clkbuf_16)
                                                         clknet_1_0__leaf_clk (net)
                      0.024461    0.000476   20.200455 ^ _29_/CLK (sky130_fd_sc_hd__dfrtp_4)
                                 -0.250000   19.950457   clock uncertainty
                                  0.000000   19.950457   clock reconvergence pessimism
                                  0.098922   20.049377   library recovery time
                                             20.049377   data required time
---------------------------------------------------------------------------------------------
                                             20.049377   data required time
                                             -4.141599   data arrival time
---------------------------------------------------------------------------------------------
                                             15.907779   slack (MET)


Startpoint: rst_n (input port clocked by clk)
Endpoint: _28_ (recovery check against rising-edge clock clk)
Path Group: asynchronous
Path Type: max

Fanout         Cap        Slew       Delay        Time   Description
---------------------------------------------------------------------------------------------
                                  0.000000    0.000000   clock clk (rise edge)
                                  0.000000    0.000000   clock network delay (propagated)
                                  4.000000    4.000000 ^ input external delay
     1    0.002442    0.012642    0.006346    4.006346 ^ rst_n (in)
                                                         rst_n (net)
                      0.012648    0.000000    4.006346 ^ input1/A (sky130_fd_sc_hd__buf_2)
     6    0.034582    0.129616    0.130550    4.136895 ^ input1/X (sky130_fd_sc_hd__buf_2)
                                                         net1 (net)
                      0.129872    0.004697    4.141592 ^ _28_/RESET_B (sky130_fd_sc_hd__dfrtp_4)
                                              4.141592   data arrival time

                                 20.000000   20.000000   clock clk (rise edge)
                                  0.000000   20.000000   clock source latency
     1    0.012993    0.048555    0.032713   20.032713 ^ clk (in)
                                                         clk (net)
                      0.048582    0.000000   20.032713 ^ clkbuf_0_clk/A (sky130_fd_sc_hd__clkbuf_16)
     2    0.019228    0.030722    0.088697   20.121410 ^ clkbuf_0_clk/X (sky130_fd_sc_hd__clkbuf_16)
                                                         clknet_0_clk (net)
                      0.030740    0.001176   20.122587 ^ clkbuf_1_0__f_clk/A (sky130_fd_sc_hd__clkbuf_16)
     3    0.009888    0.024459    0.077392   20.199980 ^ clkbuf_1_0__f_clk/X (sky130_fd_sc_hd__clkbuf_16)
                                                         clknet_1_0__leaf_clk (net)
                      0.024464    0.000776   20.200756 ^ _28_/CLK (sky130_fd_sc_hd__dfrtp_4)
                                 -0.250000   19.950756   clock uncertainty
                                  0.000000   19.950756   clock reconvergence pessimism
                                  0.098922   20.049679   library recovery time
                                             20.049679   data required time
---------------------------------------------------------------------------------------------
                                             20.049679   data required time
                                             -4.141592   data arrival time
---------------------------------------------------------------------------------------------
                                             15.908086   slack (MET)


Startpoint: rst_n (input port clocked by clk)
Endpoint: _27_ (recovery check against rising-edge clock clk)
Path Group: asynchronous
Path Type: max

Fanout         Cap        Slew       Delay        Time   Description
---------------------------------------------------------------------------------------------
                                  0.000000    0.000000   clock clk (rise edge)
                                  0.000000    0.000000   clock network delay (propagated)
                                  4.000000    4.000000 ^ input external delay
     1    0.002442    0.012642    0.006346    4.006346 ^ rst_n (in)
                                                         rst_n (net)
                      0.012648    0.000000    4.006346 ^ input1/A (sky130_fd_sc_hd__buf_2)
     6    0.034582    0.129616    0.130550    4.136895 ^ input1/X (sky130_fd_sc_hd__buf_2)
                                                         net1 (net)
                      0.129839    0.004394    4.141289 ^ _27_/RESET_B (sky130_fd_sc_hd__dfrtp_4)
                                              4.141289   data arrival time

                                 20.000000   20.000000   clock clk (rise edge)
                                  0.000000   20.000000   clock source latency
     1    0.012993    0.048555    0.032713   20.032713 ^ clk (in)
                                                         clk (net)
                      0.048582    0.000000   20.032713 ^ clkbuf_0_clk/A (sky130_fd_sc_hd__clkbuf_16)
     2    0.019228    0.030722    0.088697   20.121410 ^ clkbuf_0_clk/X (sky130_fd_sc_hd__clkbuf_16)
                                                         clknet_0_clk (net)
                      0.030740    0.001176   20.122587 ^ clkbuf_1_0__f_clk/A (sky130_fd_sc_hd__clkbuf_16)
     3    0.009888    0.024459    0.077392   20.199980 ^ clkbuf_1_0__f_clk/X (sky130_fd_sc_hd__clkbuf_16)
                                                         clknet_1_0__leaf_clk (net)
                      0.024464    0.000718   20.200697 ^ _27_/CLK (sky130_fd_sc_hd__dfrtp_4)
                                 -0.250000   19.950697   clock uncertainty
                                  0.000000   19.950697   clock reconvergence pessimism
                                  0.098933   20.049629   library recovery time
                                             20.049629   data required time
---------------------------------------------------------------------------------------------
                                             20.049629   data required time
                                             -4.141289   data arrival time
---------------------------------------------------------------------------------------------
                                             15.908341   slack (MET)


Startpoint: rst_n (input port clocked by clk)
Endpoint: _25_ (recovery check against rising-edge clock clk)
Path Group: asynchronous
Path Type: max

Fanout         Cap        Slew       Delay        Time   Description
---------------------------------------------------------------------------------------------
                                  0.000000    0.000000   clock clk (rise edge)
                                  0.000000    0.000000   clock network delay (propagated)
                                  4.000000    4.000000 ^ input external delay
     1    0.002442    0.012642    0.006346    4.006346 ^ rst_n (in)
                                                         rst_n (net)
                      0.012648    0.000000    4.006346 ^ input1/A (sky130_fd_sc_hd__buf_2)
     6    0.034582    0.129616    0.130550    4.136895 ^ input1/X (sky130_fd_sc_hd__buf_2)
                                                         net1 (net)
                      0.129700    0.002723    4.139618 ^ _25_/RESET_B (sky130_fd_sc_hd__dfrtp_4)
                                              4.139618   data arrival time

                                 20.000000   20.000000   clock clk (rise edge)
                                  0.000000   20.000000   clock source latency
     1    0.012993    0.048555    0.032713   20.032713 ^ clk (in)
                                                         clk (net)
                      0.048582    0.000000   20.032713 ^ clkbuf_0_clk/A (sky130_fd_sc_hd__clkbuf_16)
     2    0.019228    0.030722    0.088697   20.121410 ^ clkbuf_0_clk/X (sky130_fd_sc_hd__clkbuf_16)
                                                         clknet_0_clk (net)
                      0.030739    0.001153   20.122564 ^ clkbuf_1_1__f_clk/A (sky130_fd_sc_hd__clkbuf_16)
     3    0.008841    0.023751    0.076719   20.199284 ^ clkbuf_1_1__f_clk/X (sky130_fd_sc_hd__clkbuf_16)
                                                         clknet_1_1__leaf_clk (net)
                      0.023754    0.000488   20.199772 ^ _25_/CLK (sky130_fd_sc_hd__dfrtp_4)
                                 -0.250000   19.949772   clock uncertainty
                                  0.000000   19.949772   clock reconvergence pessimism
                                  0.098865   20.048637   library recovery time
                                             20.048637   data required time
---------------------------------------------------------------------------------------------
                                             20.048637   data required time
                                             -4.139618   data arrival time
---------------------------------------------------------------------------------------------
                                             15.909019   slack (MET)


Startpoint: rst_n (input port clocked by clk)
Endpoint: _26_ (recovery check against rising-edge clock clk)
Path Group: asynchronous
Path Type: max

Fanout         Cap        Slew       Delay        Time   Description
---------------------------------------------------------------------------------------------
                                  0.000000    0.000000   clock clk (rise edge)
                                  0.000000    0.000000   clock network delay (propagated)
                                  4.000000    4.000000 ^ input external delay
     1    0.002442    0.012642    0.006346    4.006346 ^ rst_n (in)
                                                         rst_n (net)
                      0.012648    0.000000    4.006346 ^ input1/A (sky130_fd_sc_hd__buf_2)
     6    0.034582    0.129616    0.130550    4.136895 ^ input1/X (sky130_fd_sc_hd__buf_2)
                                                         net1 (net)
                      0.129679    0.002362    4.139257 ^ _26_/RESET_B (sky130_fd_sc_hd__dfrtp_4)
                                              4.139257   data arrival time

                                 20.000000   20.000000   clock clk (rise edge)
                                  0.000000   20.000000   clock source latency
     1    0.012993    0.048555    0.032713   20.032713 ^ clk (in)
                                                         clk (net)
                      0.048582    0.000000   20.032713 ^ clkbuf_0_clk/A (sky130_fd_sc_hd__clkbuf_16)
     2    0.019228    0.030722    0.088697   20.121410 ^ clkbuf_0_clk/X (sky130_fd_sc_hd__clkbuf_16)
                                                         clknet_0_clk (net)
                      0.030739    0.001153   20.122564 ^ clkbuf_1_1__f_clk/A (sky130_fd_sc_hd__clkbuf_16)
     3    0.008841    0.023751    0.076719   20.199284 ^ clkbuf_1_1__f_clk/X (sky130_fd_sc_hd__clkbuf_16)
                                                         clknet_1_1__leaf_clk (net)
                      0.023754    0.000485   20.199768 ^ _26_/CLK (sky130_fd_sc_hd__dfrtp_4)
                                 -0.250000   19.949768   clock uncertainty
                                  0.000000   19.949768   clock reconvergence pessimism
                                  0.098872   20.048641   library recovery time
                                             20.048641   data required time
---------------------------------------------------------------------------------------------
                                             20.048641   data required time
                                             -4.139257   data arrival time
---------------------------------------------------------------------------------------------
                                             15.909383   slack (MET)


Startpoint: _26_ (rising edge-triggered flip-flop clocked by clk)
Endpoint: _28_ (rising edge-triggered flip-flop clocked by clk)
Path Group: clk
Path Type: max

Fanout         Cap        Slew       Delay        Time   Description
---------------------------------------------------------------------------------------------
                                  0.000000    0.000000   clock clk (rise edge)
                                  0.000000    0.000000   clock source latency
     1    0.012993    0.048555    0.032713    0.032713 ^ clk (in)
                                                         clk (net)
                      0.048582    0.000000    0.032713 ^ clkbuf_0_clk/A (sky130_fd_sc_hd__clkbuf_16)
     2    0.019228    0.030722    0.088698    0.121410 ^ clkbuf_0_clk/X (sky130_fd_sc_hd__clkbuf_16)
                                                         clknet_0_clk (net)
                      0.030739    0.001153    0.122563 ^ clkbuf_1_1__f_clk/A (sky130_fd_sc_hd__clkbuf_16)
     3    0.008841    0.023751    0.076718    0.199282 ^ clkbuf_1_1__f_clk/X (sky130_fd_sc_hd__clkbuf_16)
                                                         clknet_1_1__leaf_clk (net)
                      0.023754    0.000486    0.199768 ^ _26_/CLK (sky130_fd_sc_hd__dfrtp_4)
     4    0.048559    0.086527    0.340105    0.539873 v _26_/Q (sky130_fd_sc_hd__dfrtp_4)
                                                         uo_out[2] (net)
                      0.086786    0.004155    0.544029 v _17_/C (sky130_fd_sc_hd__and4_1)
     3    0.009633    0.048424    0.161917    0.705945 v _17_/X (sky130_fd_sc_hd__and4_1)
                                                         _08_ (net)
                      0.048442    0.000877    0.706822 v _21_/B (sky130_fd_sc_hd__or2_1)
     1    0.001843    0.028924    0.119010    0.825832 v _21_/X (sky130_fd_sc_hd__or2_1)
                                                         _11_ (net)
                      0.028924    0.000087    0.825919 v _22_/B (sky130_fd_sc_hd__and2_1)
     1    0.002767    0.025137    0.093695    0.919613 v _22_/X (sky130_fd_sc_hd__and2_1)
                                                         _04_ (net)
                      0.025137    0.000195    0.919809 v _28_/D (sky130_fd_sc_hd__dfrtp_4)
                                              0.919809   data arrival time

                                 20.000000   20.000000   clock clk (rise edge)
                                  0.000000   20.000000   clock source latency
     1    0.012993    0.048555    0.032713   20.032713 ^ clk (in)
                                                         clk (net)
                      0.048582    0.000000   20.032713 ^ clkbuf_0_clk/A (sky130_fd_sc_hd__clkbuf_16)
     2    0.019228    0.030722    0.088697   20.121410 ^ clkbuf_0_clk/X (sky130_fd_sc_hd__clkbuf_16)
                                                         clknet_0_clk (net)
                      0.030740    0.001176   20.122587 ^ clkbuf_1_0__f_clk/A (sky130_fd_sc_hd__clkbuf_16)
     3    0.009888    0.024459    0.077392   20.199980 ^ clkbuf_1_0__f_clk/X (sky130_fd_sc_hd__clkbuf_16)
                                                         clknet_1_0__leaf_clk (net)
                      0.024464    0.000776   20.200756 ^ _28_/CLK (sky130_fd_sc_hd__dfrtp_4)
                                 -0.250000   19.950756   clock uncertainty
                                  0.000000   19.950756   clock reconvergence pessimism
                                 -0.070753   19.880005   library setup time
                                             19.880005   data required time
---------------------------------------------------------------------------------------------
                                             19.880005   data required time
                                             -0.919809   data arrival time
---------------------------------------------------------------------------------------------
                                             18.960196   slack (MET)


Startpoint: _26_ (rising edge-triggered flip-flop clocked by clk)
Endpoint: _29_ (rising edge-triggered flip-flop clocked by clk)
Path Group: clk
Path Type: max

Fanout         Cap        Slew       Delay        Time   Description
---------------------------------------------------------------------------------------------
                                  0.000000    0.000000   clock clk (rise edge)
                                  0.000000    0.000000   clock source latency
     1    0.012993    0.048555    0.032713    0.032713 ^ clk (in)
                                                         clk (net)
                      0.048582    0.000000    0.032713 ^ clkbuf_0_clk/A (sky130_fd_sc_hd__clkbuf_16)
     2    0.019228    0.030722    0.088698    0.121410 ^ clkbuf_0_clk/X (sky130_fd_sc_hd__clkbuf_16)
                                                         clknet_0_clk (net)
                      0.030739    0.001153    0.122563 ^ clkbuf_1_1__f_clk/A (sky130_fd_sc_hd__clkbuf_16)
     3    0.008841    0.023751    0.076718    0.199282 ^ clkbuf_1_1__f_clk/X (sky130_fd_sc_hd__clkbuf_16)
                                                         clknet_1_1__leaf_clk (net)
                      0.023754    0.000486    0.199768 ^ _26_/CLK (sky130_fd_sc_hd__dfrtp_4)
     4    0.048559    0.086527    0.340105    0.539873 v _26_/Q (sky130_fd_sc_hd__dfrtp_4)
                                                         uo_out[2] (net)
                      0.086786    0.004155    0.544029 v _17_/C (sky130_fd_sc_hd__and4_1)
     3    0.009633    0.048424    0.161917    0.705945 v _17_/X (sky130_fd_sc_hd__and4_1)
                                                         _08_ (net)
                      0.048444    0.000925    0.706870 v _20_/B (sky130_fd_sc_hd__nand2_1)
     2    0.006725    0.057493    0.068081    0.774952 ^ _20_/Y (sky130_fd_sc_hd__nand2_1)
                                                         _10_ (net)
                      0.057518    0.000413    0.775365 ^ _23_/B (sky130_fd_sc_hd__xnor2_1)
     1    0.005341    0.116642    0.084969    0.860334 ^ _23_/Y (sky130_fd_sc_hd__xnor2_1)
                                                         _05_ (net)
                      0.116642    0.000290    0.860624 ^ _29_/D (sky130_fd_sc_hd__dfrtp_4)
                                              0.860624   data arrival time

                                 20.000000   20.000000   clock clk (rise edge)
                                  0.000000   20.000000   clock source latency
     1    0.012993    0.048555    0.032713   20.032713 ^ clk (in)
                                                         clk (net)
                      0.048582    0.000000   20.032713 ^ clkbuf_0_clk/A (sky130_fd_sc_hd__clkbuf_16)
     2    0.019228    0.030722    0.088697   20.121410 ^ clkbuf_0_clk/X (sky130_fd_sc_hd__clkbuf_16)
                                                         clknet_0_clk (net)
                      0.030740    0.001176   20.122587 ^ clkbuf_1_0__f_clk/A (sky130_fd_sc_hd__clkbuf_16)
     3    0.009888    0.024459    0.077392   20.199980 ^ clkbuf_1_0__f_clk/X (sky130_fd_sc_hd__clkbuf_16)
                                                         clknet_1_0__leaf_clk (net)
                      0.024461    0.000476   20.200455 ^ _29_/CLK (sky130_fd_sc_hd__dfrtp_4)
                                 -0.250000   19.950457   clock uncertainty
                                  0.000000   19.950457   clock reconvergence pessimism
                                 -0.046337   19.904119   library setup time
                                             19.904119   data required time
---------------------------------------------------------------------------------------------
                                             19.904119   data required time
                                             -0.860624   data arrival time
---------------------------------------------------------------------------------------------
                                             19.043497   slack (MET)


Startpoint: _26_ (rising edge-triggered flip-flop clocked by clk)
Endpoint: _27_ (rising edge-triggered flip-flop clocked by clk)
Path Group: clk
Path Type: max

Fanout         Cap        Slew       Delay        Time   Description
---------------------------------------------------------------------------------------------
                                  0.000000    0.000000   clock clk (rise edge)
                                  0.000000    0.000000   clock source latency
     1    0.012993    0.048555    0.032713    0.032713 ^ clk (in)
                                                         clk (net)
                      0.048582    0.000000    0.032713 ^ clkbuf_0_clk/A (sky130_fd_sc_hd__clkbuf_16)
     2    0.019228    0.030722    0.088698    0.121410 ^ clkbuf_0_clk/X (sky130_fd_sc_hd__clkbuf_16)
                                                         clknet_0_clk (net)
                      0.030739    0.001153    0.122563 ^ clkbuf_1_1__f_clk/A (sky130_fd_sc_hd__clkbuf_16)
     3    0.008841    0.023751    0.076718    0.199282 ^ clkbuf_1_1__f_clk/X (sky130_fd_sc_hd__clkbuf_16)
                                                         clknet_1_1__leaf_clk (net)
                      0.023754    0.000486    0.199768 ^ _26_/CLK (sky130_fd_sc_hd__dfrtp_4)
     4    0.048559    0.086527    0.340105    0.539873 v _26_/Q (sky130_fd_sc_hd__dfrtp_4)
                                                         uo_out[2] (net)
                      0.086786    0.004155    0.544029 v _17_/C (sky130_fd_sc_hd__and4_1)
     3    0.009633    0.048424    0.161917    0.705945 v _17_/X (sky130_fd_sc_hd__and4_1)
                                                         _08_ (net)
                      0.048432    0.000645    0.706590 v _19_/A_N (sky130_fd_sc_hd__and2b_1)
     1    0.002949    0.030342    0.122970    0.829561 ^ _19_/X (sky130_fd_sc_hd__and2b_1)
                                                         _03_ (net)
                      0.030343    0.000204    0.829765 ^ _27_/D (sky130_fd_sc_hd__dfrtp_4)
                                              0.829765   data arrival time

                                 20.000000   20.000000   clock clk (rise edge)
                                  0.000000   20.000000   clock source latency
     1    0.012993    0.048555    0.032713   20.032713 ^ clk (in)
                                                         clk (net)
                      0.048582    0.000000   20.032713 ^ clkbuf_0_clk/A (sky130_fd_sc_hd__clkbuf_16)
     2    0.019228    0.030722    0.088697   20.121410 ^ clkbuf_0_clk/X (sky130_fd_sc_hd__clkbuf_16)
                                                         clknet_0_clk (net)
                      0.030740    0.001176   20.122587 ^ clkbuf_1_0__f_clk/A (sky130_fd_sc_hd__clkbuf_16)
     3    0.009888    0.024459    0.077392   20.199980 ^ clkbuf_1_0__f_clk/X (sky130_fd_sc_hd__clkbuf_16)
                                                         clknet_1_0__leaf_clk (net)
                      0.024464    0.000718   20.200697 ^ _27_/CLK (sky130_fd_sc_hd__dfrtp_4)
                                 -0.250000   19.950697   clock uncertainty
                                  0.000000   19.950697   clock reconvergence pessimism
                                 -0.037695   19.913004   library setup time
                                             19.913004   data required time
---------------------------------------------------------------------------------------------
                                             19.913004   data required time
                                             -0.829765   data arrival time
---------------------------------------------------------------------------------------------
                                             19.083239   slack (MET)


Startpoint: _25_ (rising edge-triggered flip-flop clocked by clk)
Endpoint: _25_ (rising edge-triggered flip-flop clocked by clk)
Path Group: clk
Path Type: max

Fanout         Cap        Slew       Delay        Time   Description
---------------------------------------------------------------------------------------------
                                  0.000000    0.000000   clock clk (rise edge)
                                  0.000000    0.000000   clock source latency
     1    0.012993    0.048555    0.032713    0.032713 ^ clk (in)
                                                         clk (net)
                      0.048582    0.000000    0.032713 ^ clkbuf_0_clk/A (sky130_fd_sc_hd__clkbuf_16)
     2    0.019228    0.030722    0.088698    0.121410 ^ clkbuf_0_clk/X (sky130_fd_sc_hd__clkbuf_16)
                                                         clknet_0_clk (net)
                      0.030739    0.001153    0.122563 ^ clkbuf_1_1__f_clk/A (sky130_fd_sc_hd__clkbuf_16)
     3    0.008841    0.023751    0.076718    0.199282 ^ clkbuf_1_1__f_clk/X (sky130_fd_sc_hd__clkbuf_16)
                                                         clknet_1_1__leaf_clk (net)
                      0.023754    0.000489    0.199771 ^ _25_/CLK (sky130_fd_sc_hd__dfrtp_4)
     5    0.044981    0.082252    0.336997    0.536768 v _25_/Q (sky130_fd_sc_hd__dfrtp_4)
                                                         uo_out[1] (net)
                      0.082352    0.002622    0.539390 v _14_/A (sky130_fd_sc_hd__or2_1)
     1    0.001791    0.028803    0.141682    0.681072 v _14_/X (sky130_fd_sc_hd__or2_1)
                                                         _07_ (net)
                      0.028803    0.000082    0.681154 v _15_/B (sky130_fd_sc_hd__and2_1)
     1    0.003906    0.028708    0.098233    0.779387 v _15_/X (sky130_fd_sc_hd__and2_1)
                                                         _01_ (net)
                      0.028715    0.000261    0.779649 v _25_/D (sky130_fd_sc_hd__dfrtp_4)
                                              0.779649   data arrival time

                                 20.000000   20.000000   clock clk (rise edge)
                                  0.000000   20.000000   clock source latency
     1    0.012993    0.048555    0.032713   20.032713 ^ clk (in)
                                                         clk (net)
                      0.048582    0.000000   20.032713 ^ clkbuf_0_clk/A (sky130_fd_sc_hd__clkbuf_16)
     2    0.019228    0.030722    0.088697   20.121410 ^ clkbuf_0_clk/X (sky130_fd_sc_hd__clkbuf_16)
                                                         clknet_0_clk (net)
                      0.030739    0.001153   20.122564 ^ clkbuf_1_1__f_clk/A (sky130_fd_sc_hd__clkbuf_16)
     3    0.008841    0.023751    0.076719   20.199284 ^ clkbuf_1_1__f_clk/X (sky130_fd_sc_hd__clkbuf_16)
                                                         clknet_1_1__leaf_clk (net)
                      0.023754    0.000488   20.199772 ^ _25_/CLK (sky130_fd_sc_hd__dfrtp_4)
                                 -0.250000   19.949772   clock uncertainty
                                  0.000000   19.949772   clock reconvergence pessimism
                                 -0.072098   19.877676   library setup time
                                             19.877676   data required time
---------------------------------------------------------------------------------------------
                                             19.877676   data required time
                                             -0.779649   data arrival time
---------------------------------------------------------------------------------------------
                                             19.098026   slack (MET)


Startpoint: _24_ (rising edge-triggered flip-flop clocked by clk)
Endpoint: _26_ (rising edge-triggered flip-flop clocked by clk)
Path Group: clk
Path Type: max

Fanout         Cap        Slew       Delay        Time   Description
---------------------------------------------------------------------------------------------
                                  0.000000    0.000000   clock clk (rise edge)
                                  0.000000    0.000000   clock source latency
     1    0.012993    0.048555    0.032713    0.032713 ^ clk (in)
                                                         clk (net)
                      0.048582    0.000000    0.032713 ^ clkbuf_0_clk/A (sky130_fd_sc_hd__clkbuf_16)
     2    0.019228    0.030722    0.088698    0.121410 ^ clkbuf_0_clk/X (sky130_fd_sc_hd__clkbuf_16)
                                                         clknet_0_clk (net)
                      0.030739    0.001153    0.122563 ^ clkbuf_1_1__f_clk/A (sky130_fd_sc_hd__clkbuf_16)
     3    0.008841    0.023751    0.076718    0.199282 ^ clkbuf_1_1__f_clk/X (sky130_fd_sc_hd__clkbuf_16)
                                                         clknet_1_1__leaf_clk (net)
                      0.023754    0.000502    0.199784 ^ _24_/CLK (sky130_fd_sc_hd__dfrtp_4)
     6    0.049053    0.086038    0.342256    0.542040 v _24_/Q (sky130_fd_sc_hd__dfrtp_4)
                                                         uo_out[0] (net)
                      0.086116    0.002349    0.544389 v _13_/B (sky130_fd_sc_hd__nand2_1)
     2    0.008221    0.070506    0.090640    0.635029 ^ _13_/Y (sky130_fd_sc_hd__nand2_1)
                                                         _06_ (net)
                      0.070508    0.000513    0.635542 ^ _16_/B (sky130_fd_sc_hd__xnor2_1)
     1    0.003654    0.094332    0.076602    0.712144 ^ _16_/Y (sky130_fd_sc_hd__xnor2_1)
                                                         _02_ (net)
                      0.094332    0.000224    0.712368 ^ _26_/D (sky130_fd_sc_hd__dfrtp_4)
                                              0.712368   data arrival time

                                 20.000000   20.000000   clock clk (rise edge)
                                  0.000000   20.000000   clock source latency
     1    0.012993    0.048555    0.032713   20.032713 ^ clk (in)
                                                         clk (net)
                      0.048582    0.000000   20.032713 ^ clkbuf_0_clk/A (sky130_fd_sc_hd__clkbuf_16)
     2    0.019228    0.030722    0.088697   20.121410 ^ clkbuf_0_clk/X (sky130_fd_sc_hd__clkbuf_16)
                                                         clknet_0_clk (net)
                      0.030739    0.001153   20.122564 ^ clkbuf_1_1__f_clk/A (sky130_fd_sc_hd__clkbuf_16)
     3    0.008841    0.023751    0.076719   20.199284 ^ clkbuf_1_1__f_clk/X (sky130_fd_sc_hd__clkbuf_16)
                                                         clknet_1_1__leaf_clk (net)
                      0.023754    0.000485   20.199768 ^ _26_/CLK (sky130_fd_sc_hd__dfrtp_4)
                                 -0.250000   19.949768   clock uncertainty
                                  0.000000   19.949768   clock reconvergence pessimism
                                 -0.044131   19.905638   library setup time
                                             19.905638   data required time
---------------------------------------------------------------------------------------------
                                             19.905638   data required time
                                             -0.712368   data arrival time
---------------------------------------------------------------------------------------------
                                             19.193268   slack (MET)


Startpoint: _24_ (rising edge-triggered flip-flop clocked by clk)
Endpoint: _24_ (rising edge-triggered flip-flop clocked by clk)
Path Group: clk
Path Type: max

Fanout         Cap        Slew       Delay        Time   Description
---------------------------------------------------------------------------------------------
                                  0.000000    0.000000   clock clk (rise edge)
                                  0.000000    0.000000   clock source latency
     1    0.012993    0.048555    0.032713    0.032713 ^ clk (in)
                                                         clk (net)
                      0.048582    0.000000    0.032713 ^ clkbuf_0_clk/A (sky130_fd_sc_hd__clkbuf_16)
     2    0.019228    0.030722    0.088698    0.121410 ^ clkbuf_0_clk/X (sky130_fd_sc_hd__clkbuf_16)
                                                         clknet_0_clk (net)
                      0.030739    0.001153    0.122563 ^ clkbuf_1_1__f_clk/A (sky130_fd_sc_hd__clkbuf_16)
     3    0.008841    0.023751    0.076718    0.199282 ^ clkbuf_1_1__f_clk/X (sky130_fd_sc_hd__clkbuf_16)
                                                         clknet_1_1__leaf_clk (net)
                      0.023754    0.000502    0.199784 ^ _24_/CLK (sky130_fd_sc_hd__dfrtp_4)
     6    0.049053    0.086038    0.342256    0.542040 v _24_/Q (sky130_fd_sc_hd__dfrtp_4)
                                                         uo_out[0] (net)
                      0.086119    0.002383    0.544422 v _12_/A (sky130_fd_sc_hd__inv_2)
     1    0.002763    0.026682    0.043246    0.587668 ^ _12_/Y (sky130_fd_sc_hd__inv_2)
                                                         _00_ (net)
                      0.026682    0.000205    0.587873 ^ _24_/D (sky130_fd_sc_hd__dfrtp_4)
                                              0.587873   data arrival time

                                 20.000000   20.000000   clock clk (rise edge)
                                  0.000000   20.000000   clock source latency
     1    0.012993    0.048555    0.032713   20.032713 ^ clk (in)
                                                         clk (net)
                      0.048582    0.000000   20.032713 ^ clkbuf_0_clk/A (sky130_fd_sc_hd__clkbuf_16)
     2    0.019228    0.030722    0.088697   20.121410 ^ clkbuf_0_clk/X (sky130_fd_sc_hd__clkbuf_16)
                                                         clknet_0_clk (net)
                      0.030739    0.001153   20.122564 ^ clkbuf_1_1__f_clk/A (sky130_fd_sc_hd__clkbuf_16)
     3    0.008841    0.023751    0.076719   20.199284 ^ clkbuf_1_1__f_clk/X (sky130_fd_sc_hd__clkbuf_16)
                                                         clknet_1_1__leaf_clk (net)
                      0.023754    0.000501   20.199783 ^ _24_/CLK (sky130_fd_sc_hd__dfrtp_4)
                                 -0.250000   19.949785   clock uncertainty
                                  0.000000   19.949785   clock reconvergence pessimism
                                 -0.037354   19.912430   library setup time
                                             19.912430   data required time
---------------------------------------------------------------------------------------------
                                             19.912430   data required time
                                             -0.587873   data arrival time
---------------------------------------------------------------------------------------------
                                             19.324556   slack (MET)



%OL_END_REPORT
%OL_CREATE_REPORT checks.rpt

===========================================================================
report_checks -unconstrained
===========================================================================
======================= max_ff_n40C_1v95 Corner ===================================

Startpoint: rst_n (input port clocked by clk)
Endpoint: _24_ (recovery check against rising-edge clock clk)
Path Group: asynchronous
Path Type: max

Fanout         Cap        Slew       Delay        Time   Description
---------------------------------------------------------------------------------------------
                                  0.000000    0.000000   clock clk (rise edge)
                                  0.000000    0.000000   clock network delay (propagated)
                                  4.000000    4.000000 ^ input external delay
     1    0.002442    0.012642    0.006346    4.006346 ^ rst_n (in)
                                                         rst_n (net)
                      0.012648    0.000000    4.006346 ^ input1/A (sky130_fd_sc_hd__buf_2)
     6    0.034582    0.129616    0.130550    4.136895 ^ input1/X (sky130_fd_sc_hd__buf_2)
                                                         net1 (net)
                      0.129805    0.004051    4.140946 ^ _24_/RESET_B (sky130_fd_sc_hd__dfrtp_4)
                                              4.140946   data arrival time

                                 20.000000   20.000000   clock clk (rise edge)
                                  0.000000   20.000000   clock source latency
     1    0.012993    0.048555    0.032713   20.032713 ^ clk (in)
                                                         clk (net)
                      0.048582    0.000000   20.032713 ^ clkbuf_0_clk/A (sky130_fd_sc_hd__clkbuf_16)
     2    0.019228    0.030722    0.088697   20.121410 ^ clkbuf_0_clk/X (sky130_fd_sc_hd__clkbuf_16)
                                                         clknet_0_clk (net)
                      0.030739    0.001153   20.122564 ^ clkbuf_1_1__f_clk/A (sky130_fd_sc_hd__clkbuf_16)
     3    0.008841    0.023751    0.076719   20.199284 ^ clkbuf_1_1__f_clk/X (sky130_fd_sc_hd__clkbuf_16)
                                                         clknet_1_1__leaf_clk (net)
                      0.023754    0.000501   20.199783 ^ _24_/CLK (sky130_fd_sc_hd__dfrtp_4)
                                 -0.250000   19.949785   clock uncertainty
                                  0.000000   19.949785   clock reconvergence pessimism
                                  0.098832   20.048616   library recovery time
                                             20.048616   data required time
---------------------------------------------------------------------------------------------
                                             20.048616   data required time
                                             -4.140946   data arrival time
---------------------------------------------------------------------------------------------
                                             15.907670   slack (MET)


Startpoint: _26_ (rising edge-triggered flip-flop clocked by clk)
Endpoint: uo_out[2] (output port clocked by clk)
Path Group: clk
Path Type: max

Fanout         Cap        Slew       Delay        Time   Description
---------------------------------------------------------------------------------------------
                                  0.000000    0.000000   clock clk (rise edge)
                                  0.000000    0.000000   clock source latency
     1    0.012993    0.048555    0.032713    0.032713 ^ clk (in)
                                                         clk (net)
                      0.048582    0.000000    0.032713 ^ clkbuf_0_clk/A (sky130_fd_sc_hd__clkbuf_16)
     2    0.019228    0.030722    0.088698    0.121410 ^ clkbuf_0_clk/X (sky130_fd_sc_hd__clkbuf_16)
                                                         clknet_0_clk (net)
                      0.030739    0.001153    0.122563 ^ clkbuf_1_1__f_clk/A (sky130_fd_sc_hd__clkbuf_16)
     3    0.008841    0.023751    0.076718    0.199282 ^ clkbuf_1_1__f_clk/X (sky130_fd_sc_hd__clkbuf_16)
                                                         clknet_1_1__leaf_clk (net)
                      0.023754    0.000486    0.199768 ^ _26_/CLK (sky130_fd_sc_hd__dfrtp_4)
     4    0.048559    0.086527    0.340105    0.539873 v _26_/Q (sky130_fd_sc_hd__dfrtp_4)
                                                         uo_out[2] (net)
                      0.087000    0.005449    0.545323 v uo_out[2] (out)
                                              0.545323   data arrival time

                                 20.000000   20.000000   clock clk (rise edge)
                                  0.000000   20.000000   clock network delay (propagated)
                                 -0.250000   19.750002   clock uncertainty
                                  0.000000   19.750002   clock reconvergence pessimism
                                 -4.000000   15.750001   output external delay
                                             15.750001   data required time
---------------------------------------------------------------------------------------------
                                             15.750001   data required time
                                             -0.545323   data arrival time
---------------------------------------------------------------------------------------------
                                             15.204679   slack (MET)




===========================================================================
report_checks --slack_max -0.01
============================================================================
======================= max_ff_n40C_1v95 Corner ===================================

No paths found.


===========================================================================
 report_check_types -max_slew -max_cap -max_fanout -violators
============================================================================
======================= max_ff_n40C_1v95 Corner ===================================



===========================================================================
report_parasitic_annotation -report_unannotated
============================================================================
Found 35 unannotated drivers.
 ena
 ui_in[0]
 ui_in[1]
 ui_in[2]
 ui_in[3]
 ui_in[4]
 ui_in[5]
 ui_in[6]
 ui_in[7]
 uio_in[0]
 uio_in[1]
 uio_in[2]
 uio_in[3]
 uio_in[4]
 uio_in[5]
 uio_in[6]
 uio_in[7]
 tt_um_josue_olivos_6bit_counter_10/HI
 tt_um_josue_olivos_6bit_counter_11/HI
 tt_um_josue_olivos_6bit_counter_12/HI
 tt_um_josue_olivos_6bit_counter_13/HI
 tt_um_josue_olivos_6bit_counter_14/HI
 tt_um_josue_olivos_6bit_counter_15/HI
 tt_um_josue_olivos_6bit_counter_16/HI
 tt_um_josue_olivos_6bit_counter_17/HI
 tt_um_josue_olivos_6bit_counter_18/HI
 tt_um_josue_olivos_6bit_counter_19/HI
 tt_um_josue_olivos_6bit_counter_2/HI
 tt_um_josue_olivos_6bit_counter_3/HI
 tt_um_josue_olivos_6bit_counter_4/HI
 tt_um_josue_olivos_6bit_counter_5/HI
 tt_um_josue_olivos_6bit_counter_6/HI
 tt_um_josue_olivos_6bit_counter_7/HI
 tt_um_josue_olivos_6bit_counter_8/HI
 tt_um_josue_olivos_6bit_counter_9/HI
Found 0 partially unannotated drivers.

===========================================================================
max slew violation count 0
%OL_METRIC_I design__max_slew_violation__count__corner:max_ff_n40C_1v95 0
max fanout violation count 0
%OL_METRIC_I design__max_fanout_violation__count__corner:max_ff_n40C_1v95 0
max cap violation count 0
%OL_METRIC_I design__max_cap_violation__count__corner:max_ff_n40C_1v95 0
============================================================================

===========================================================================
check_setup -verbose -unconstrained_endpoints -multiple_clock -no_clock -no_input_delay -loops -generated_clocks
===========================================================================
Warning: There are 18 unconstrained endpoints.
  uio_oe[0]
  uio_oe[1]
  uio_oe[2]
  uio_oe[3]
  uio_oe[4]
  uio_oe[5]
  uio_oe[6]
  uio_oe[7]
  uio_out[0]
  uio_out[1]
  uio_out[2]
  uio_out[3]
  uio_out[4]
  uio_out[5]
  uio_out[6]
  uio_out[7]
  uo_out[6]
  uo_out[7]
%OL_END_REPORT
%OL_CREATE_REPORT power.rpt

===========================================================================
 report_power
============================================================================
======================= max_ff_n40C_1v95 Corner ===================================

Group                    Internal    Switching      Leakage        Total
                            Power        Power        Power        Power (Watts)
------------------------------------------------------------------------
Sequential           1.420850e-05 0.000000e+00 1.757095e-10 1.420868e-05  27.8%
Combinational        7.952404e-08 3.287418e-07 1.352699e-10 4.084011e-07   0.8%
Clock                2.931455e-05 7.216741e-06 1.396827e-09 3.653269e-05  71.4%
Macro                0.000000e+00 0.000000e+00 0.000000e+00 0.000000e+00   0.0%
Pad                  0.000000e+00 0.000000e+00 0.000000e+00 0.000000e+00   0.0%
------------------------------------------------------------------------
Total                4.360258e-05 7.545483e-06 1.707806e-09 5.114977e-05 100.0%
                            85.2%        14.8%         0.0%
%OL_METRIC_F power__internal__total 4.360257662483491e-5
%OL_METRIC_F power__switching__total 7.545483185822377e-6
%OL_METRIC_F power__leakage__total 1.7078062297670726e-9
%OL_METRIC_F power__total 5.1149767386959866e-5

%OL_END_REPORT
%OL_CREATE_REPORT skew.min.rpt

===========================================================================
Clock Skew (Hold)
============================================================================
%OL_METRIC_F clock__skew__worst_hold__corner:max_ff_n40C_1v95 -0.2509862388962429
======================= max_ff_n40C_1v95 Corner ===================================

Clock clk
0.199768 source latency _26_/CLK ^
-0.200754 target latency _28_/CLK ^
-0.250000 clock uncertainty
0.000000 CRPR
--------------
-0.250986 hold skew

%OL_END_REPORT
%OL_CREATE_REPORT skew.max.rpt

===========================================================================
Clock Skew (Setup)
============================================================================
%OL_METRIC_F clock__skew__worst_setup__corner:max_ff_n40C_1v95 0.250299649202821
======================= max_ff_n40C_1v95 Corner ===================================

Clock clk
0.200754 source latency _28_/CLK ^
-0.200455 target latency _29_/CLK ^
0.250000 clock uncertainty
0.000000 CRPR
--------------
0.250300 setup skew

%OL_END_REPORT
%OL_CREATE_REPORT ws.min.rpt

===========================================================================
Worst Slack (Hold)
============================================================================
%OL_METRIC_F timing__hold__ws__corner:max_ff_n40C_1v95 0.10827755665218455
max_ff_n40C_1v95: 0.10827755665218455
%OL_END_REPORT
%OL_CREATE_REPORT ws.max.rpt

===========================================================================
Worst Slack (Setup)
============================================================================
%OL_METRIC_F timing__setup__ws__corner:max_ff_n40C_1v95 15.204678835229466
max_ff_n40C_1v95: 15.204678835229466
%OL_END_REPORT
%OL_CREATE_REPORT tns.min.rpt

===========================================================================
Total Negative Slack (Hold)
============================================================================
%OL_METRIC_F timing__hold__tns__corner:max_ff_n40C_1v95 0.0
max_ff_n40C_1v95: 0.0
%OL_END_REPORT
%OL_CREATE_REPORT tns.max.rpt

===========================================================================
Total Negative Slack (Setup)
============================================================================
%OL_METRIC_F timing__setup__tns__corner:max_ff_n40C_1v95 0.0
max_ff_n40C_1v95: 0.0
%OL_END_REPORT
%OL_CREATE_REPORT wns.min.rpt

===========================================================================
Worst Negative Slack (Hold)
============================================================================
%OL_METRIC_F timing__hold__wns__corner:max_ff_n40C_1v95 0
max_ff_n40C_1v95: 0
%OL_END_REPORT
%OL_CREATE_REPORT wns.max.rpt

===========================================================================
Worst Negative Slack (Setup)
============================================================================
%OL_METRIC_F timing__setup__wns__corner:max_ff_n40C_1v95 0.0
max_ff_n40C_1v95: 0.0
%OL_END_REPORT
%OL_CREATE_REPORT violator_list.rpt

===========================================================================
Violator List
============================================================================
%OL_METRIC_I timing__hold_vio__count__corner:max_ff_n40C_1v95 0
%OL_METRIC_F timing__hold_r2r__ws__corner:max_ff_n40C_1v95 0.108278
%OL_METRIC_I timing__hold_r2r_vio__count__corner:max_ff_n40C_1v95 0
%OL_METRIC_I timing__setup_vio__count__corner:max_ff_n40C_1v95 0
%OL_METRIC_F timing__setup_r2r__ws__corner:max_ff_n40C_1v95 18.960196
%OL_METRIC_I timing__setup_r2r_vio__count__corner:max_ff_n40C_1v95 0
%OL_END_REPORT
%OL_CREATE_REPORT unpropagated.rpt
%OL_END_REPORT
%OL_CREATE_REPORT clock.rpt
Clock: clk
Sources: clk 
Generated: no
Virtual: yes
Propagated: no
Period: 20.000000

===========================================================================
report_clock_properties
============================================================================
Clock                   Period          Waveform
----------------------------------------------------
clk                  20.000000    0.000000 10.000000

===========================================================================
report_clock_latency
============================================================================
Clock clk
rise -> rise
    min     max
0.000000 0.000000 source latency
0.199768         network latency _26_/CLK
        0.200754 network latency _28_/CLK
---------------
0.199768 0.200754 latency
        0.000986 skew

fall -> fall
    min     max
0.000000 0.000000 source latency
0.195981         network latency _26_/CLK
        0.196865 network latency _28_/CLK
---------------
0.195981 0.196865 latency
        0.000884 skew



===========================================================================
report_clock_min_period
============================================================================
clk period_min = 1.04 fmax = 961.72
%OL_END_REPORT
Writing SDF files for all corners…
Removing Clock latencies before writing libs…
Writing timing models for all corners…
Writing timing models for the max_ff_n40C_1v95 corner to /workspaces/tt-verilog-test-counter/runs/wokwi/54-openroad-stapostpnr/max_ff_n40C_1v95/tt_um_josue_olivos_6bit_counter__max_ff_n40C_1v95.lib…
